comment_id,text,disagreement_bin,n_annotators,entropy,variation_ratio,mean_hatespeech,median_hatespeech,std_hatespeech,annotator_ids,hatespeech_labels
41447,And the invaders will keep flooding in by the hundreds of thousands each month just like the talmudic jew oligarchs want,high_disagreement,3,1.584962500721156,0.6666666666666667,1.0,1.0,1.0,"[10251, 7903, 3593]","[0.0, 1.0, 2.0]"
33180,"@akhenaten93 man pakis are the worst, literally got to ruin any ahmadis life no matter what.",high_disagreement,3,1.584962500721156,0.6666666666666667,1.0,1.0,1.0,"[1260, 6690, 6212]","[2.0, 0.0, 1.0]"
44526,Fucking Mexicans this why we should build a wall,high_disagreement,4,1.5,0.5,0.75,0.5,0.9574271077563381,"[3570, 1005, 699, 2138]","[0.0, 1.0, 2.0, 0.0]"
8753,She's a hoe. She's practically a hunk of meat. Treat her like she treats herself. We'd have less people like her if you treat them like the trash they are,high_disagreement,4,1.0,0.5,1.0,1.0,1.1547005383792515,"[8536, 7186, 9844, 4686]","[2.0, 0.0, 2.0, 0.0]"
30337,I swear y'all make the most stupid shit/people go viral!!! FUCK THIS BITCH. FUCK ICE. FUCK AMERIKKKA. FREE EVERY UNDOCUMENTED PERSON/CHILD. URL,high_disagreement,3,1.584962500721156,0.6666666666666667,1.0,1.0,1.0,"[9496, 8048, 2055]","[0.0, 2.0, 1.0]"
45149,jeeperscriminy yes but he fuck ur mom so ... bye bye gay jeeper,high_disagreement,4,1.5,0.5,1.25,1.5,0.9574271077563381,"[410, 10272, 8812, 9867]","[1.0, 2.0, 2.0, 0.0]"
38562,"Some girls really cause problems for themselves by just constantly running their mouth, just shut up😴",high_disagreement,4,1.5,0.5,0.75,0.5,0.9574271077563381,"[1011, 11111, 10699, 3419]","[0.0, 2.0, 1.0, 0.0]"
18157,Israel can you continue bombing these iranian terrorists into the ground? Thank you very much.,high_disagreement,4,1.0,0.5,1.0,1.0,1.1547005383792515,"[7884, 8942, 4962, 1892]","[2.0, 0.0, 0.0, 2.0]"
47679,Don't worry bro us Iranians have enough bombs for all these Arabs lol,high_disagreement,3,1.584962500721156,0.6666666666666667,1.0,1.0,1.0,"[7330, 269, 10785]","[2.0, 1.0, 0.0]"
23829,EVERYBODY go report this unseasoned ass stupid ass hamster smelling ass cracker bitch that thought it was funny to say this racist shit. im fucking tired of u pink people! URL,high_disagreement,4,1.5,0.5,1.25,1.5,0.9574271077563381,"[3458, 4134, 8175, 3097]","[2.0, 0.0, 1.0, 2.0]"
35186,"A man is shot to death. Sohail is angry because he dead man 'was an idiot' to 'go after' cow smugglers. Tell me again how 'Hindu-Muslim' bhai bhai and how Hindus are ""bigots"" for pushing back URL",high_disagreement,4,1.5,0.5,0.75,0.5,0.9574271077563382,"[6702, 6419, 2844, 2229]","[0.0, 2.0, 0.0, 1.0]"
21863,Some ideas to do about illegals flooding borders. RT until Pres HEARS them loudly!!!,high_disagreement,4,1.0,0.5,0.5,0.5,0.5773502691896257,"[10737, 405, 4745, 7611]","[0.0, 1.0, 1.0, 0.0]"
7753,2019 America is so retarded and gay 😖,high_disagreement,3,1.584962500721156,0.6666666666666667,1.0,1.0,1.0,"[1604, 4095, 1636]","[2.0, 0.0, 1.0]"
48761,"It's a proven fact that all warriors fans are gay, if your homie wearing a curry Jersey leave his bitch ass at the home, dont need that embarrassment around, if you wearing a curry Jersey you might as well wear a sign that say hey I take it in the ass😂",high_disagreement,4,1.5,0.5,0.75,0.5,0.9574271077563381,"[6878, 4546, 10658, 8402]","[1.0, 0.0, 2.0, 0.0]"
19507,Tell us what a cocksucking cumbegging little cum dump you are. How slutty you feel with cum drooling out of your mouth.,high_disagreement,3,1.584962500721156,0.6666666666666667,1.0,1.0,1.0,"[283, 10519, 7772]","[0.0, 1.0, 2.0]"
46202,"They always were. The wheat and the teirs are the righteous and the offspring of Ham, Nimrod, Ceasar, pharos, Popes, Hitlers Obamas and Kill-ary Clinton's from the fallen ones, no souls. Noahide laws are NOT Torah their plan is to kill all true believers of Yeshua.  Why should we be surprised they hate us because they are doomed already. They hate Yeshua most we are fodder to them.",high_disagreement,3,1.584962500721156,0.6666666666666667,1.0,1.0,1.0,"[2706, 4624, 5668]","[2.0, 1.0, 0.0]"
41636,"America god is satan literally just study the symbols and signs on the back of your dollar bill starting with the all seeing eye pyrimad of lucifer literally those are not decorations and the white image of Jesus is Cesar Borgia a homosexual rapist murder and pedophile, his lover painted him, & check out, Dana Stevens : white church must wake up your enslaving god chosen, on YouTube this is a white man telling truth & the real Jesus aka Yeshua is from the tribe of Judah same tribe Negros aka Africans in America are from, God chosen people threw bloodline, our ancestors walked with Moses ⏳",high_disagreement,3,1.584962500721156,0.6666666666666667,1.0,1.0,1.0,"[7858, 3442, 5648]","[1.0, 0.0, 2.0]"
16455,I'd like to shove a tampon in your cunt mouth lol,high_disagreement,3,1.584962500721156,0.6666666666666667,1.0,1.0,1.0,"[5028, 2704, 10644]","[1.0, 2.0, 0.0]"
23029,I wanna choke your wife with my cock whilst you watch... #efdp #findom #transexual #paypig #cuck,high_disagreement,3,1.584962500721156,0.6666666666666667,1.0,1.0,1.0,"[6129, 5214, 5224]","[2.0, 1.0, 0.0]"
47427,"Dan Wruck God? Lol. You mean, sanctimonious Evangelicals that give out mulligans for pussygrabbing",high_disagreement,4,1.5,0.5,1.0,1.0,0.816496580927726,"[10200, 4308, 1567, 10307]","[1.0, 1.0, 2.0, 0.0]"
20018,"RT @JihadistJoe: We Muslims have no military honour whatsoever, we are sub human savages that slaughter unarmed men, women & children http:…",high_disagreement,772,1.3526410079906976,0.5259067357512953,1.0414507772020725,1.0,0.9519408634108014,"[4727, 9694, 10615, 2017, 6701, 2689, 4083, 8115, 6003, 8630, 2637, 3691, 3521, 6036, 3167, 3133, 3292, 6517, 7773, 6128, 9641, 2785, 8401, 9379, 9686, 7668, 2756, 2086, 1967, 6984, 2425, 2343, 9710, 7508, 4832, 10936, 7921, 10037, 8388, 8339, 10113, 199, 926, 5639, 10410, 4196, 5510, 3139, 10826, 7632, 2945, 5024, 7941, 7725, 5621, 10329, 8168, 5117, 4175, 1788, 7884, 7108, 5121, 1954, 6644, 2729, 2953, 7069, 2805, 1588, 5525, 110, 7318, 9898, 616, 8508, 10547, 4697, 8245, 790, 2414, 1371, 11117, 5068, 1470, 7223, 10151, 10358, 10184, 6826, 8550, 10516, 10296, 2459, 4563, 6847, 5229, 1234, 6521, 5171, 2686, 4282, 5227, 9199, 5178, 3599, 5734, 7917, 9266, 7888, 7883, 8986, 6420, 2622, 6564, 6513, 8016, 1701, 4795, 10169, 7147, 2714, 10344, 11079, 3434, 9263, 6912, 7475, 9315, 8826, 5341, 9216, 4358, 656, 7428, 10476, 5079, 5461, 7754, 8699, 6042, 10928, 8890, 1238, 7172, 4, 8378, 3341, 5109, 3307, 6936, 10953, 10025, 6094, 10456, 2554, 11027, 9111, 5055, 4486, 6434, 10519, 193, 10603, 7680, 5590, 10178, 6876, 2693, 10666, 9144, 7712, 7236, 4337, 8472, 3537, 5447, 3828, 10756, 3112, 8270, 203, 2920, 1321, 5976, 6885, 6994, 9047, 1983, 11141, 9262, 10249, 4636, 10461, 2094, 4320, 6297, 2834, 8479, 11060, 2801, 3660, 8892, 6101, 9178, 4542, 3173, 6502, 4917, 2884, 10507, 4043, 6774, 6198, 5614, 3801, 5956, 5646, 7870, 6570, 2062, 1918, 546, 8872, 987, 4119, 2736, 7739, 5958, 2411, 5869, 7180, 1999, 4033, 3348, 9137, 1466, 5416, 9224, 5146, 8435, 10149, 9187, 2050, 10722, 1796, 9776, 8014, 3830, 9808, 10792, 10957, 11109, 3834, 6452, 6160, 4605, 1980, 10947, 6441, 3067, 8806, 5497, 1237, 10656, 3192, 1147, 7633, 1021, 8437, 1772, 1318, 6323, 6453, 658, 205, 2429, 2558, 7044, 9669, 10785, 10831, 9030, 7105, 7618, 4877, 4436, 9215, 5802, 661, 680, 1243, 1565, 10706, 171, 9826, 10487, 4184, 10372, 2282, 6390, 1771, 6482, 4157, 2140, 3810, 5944, 697, 6528, 2346, 5471, 4022, 4974, 2690, 6010, 9672, 4162, 7427, 6447, 4076, 5145, 7901, 3189, 606, 1526, 382, 7179, 5299, 67, 9347, 1951, 1377, 10863, 5694, 10781, 9402, 5798, 3938, 10002, 439, 8994, 687, 6438, 7933, 4555, 3747, 1716, 5433, 178, 6637, 7200, 4374, 5564, 10199, 10047, 7394, 8477, 6195, 1122, 4551, 5804, 9124, 7305, 5324, 9780, 5604, 2181, 2036, 2997, 4158, 11013, 4307, 6456, 280, 3530, 10827, 5997, 2134, 4036, 4272, 7047, 515, 2551, 9287, 1990, 10281, 6319, 1763, 4977, 1512, 8558, 715, 4341, 9843, 5181, 7007, 2988, 9620, 578, 7066, 4096, 2277, 3804, 3732, 9623, 8285, 7898, 10521, 4234, 2073, 2044, 8719, 997, 10455, 942, 2984, 28, 8261, 9753, 4764, 3359, 4806, 11106, 806, 5755, 7142, 7256, 6754, 6808, 8612, 2232, 2713, 10778, 5553, 8459, 2704, 1725, 4706, 3815, 6408, 6214, 8998, 7815, 6926, 3138, 8098, 7647, 7600, 950, 5739, 8147, 1472, 7272, 7268, 5064, 2238, 2304, 2383, 2510, 4525, 2369, 496, 7953, 10312, 7579, 10335, 9330, 10629, 10708, 9331, 6954, 6750, 892, 2518, 3094, 6149, 6747, 8999, 9675, 8471, 2976, 1435, 5768, 7327, 1943, 10573, 10330, 8995, 5358, 2561, 249, 9983, 7910, 7670, 7590, 1903, 7591, 605, 1287, 4107, 754, 10839, 4151, 10808, 7546, 5763, 2214, 7611, 4797, 10241, 5248, 6399, 7340, 4392, 1648, 1821, 8336, 4405, 254, 2310, 9880, 8588, 570, 1982, 10535, 1250, 10324, 3704, 7060, 9775, 9638, 4039, 1101, 3188, 2477, 7776, 260, 9253, 499, 5078, 916, 3260, 7018, 7861, 2200, 4134, 1402, 5253, 7558, 9109, 1747, 4108, 6822, 6762, 2293, 5400, 2492, 5710, 1878, 10035, 2235, 2629, 9067, 7039, 9863, 6924, 5046, 2488, 10832, 2127, 8263, 2844, 2274, 10742, 3535, 9735, 4714, 10810, 9261, 9034, 8184, 6153, 10901, 5177, 6871, 2475, 9601, 10491, 388, 2390, 8886, 4031, 3637, 7029, 3144, 386, 5712, 10795, 9945, 10175, 7653, 378, 6941, 3710, 7382, 8633, 7119, 7722, 1082, 985, 311, 536, 8965, 8601, 2022, 2658, 513, 3531, 7345, 4596, 6867, 6201, 9211, 5365, 6576, 4218, 1538, 9432, 1152, 7131, 10999, 3738, 3033, 4465, 1421, 3874, 2323, 2948, 127, 4191, 1681, 9016, 9437, 1192, 9284, 7170, 2237, 2334, 14, 9914, 9925, 9998, 5368, 3044, 10365, 2838, 1766, 7093, 11007, 3596, 6283, 3392, 4066, 4776, 7008, 541, 4488, 9177, 563, 8361, 3350, 11131, 980, 9899, 4620, 8569, 4747, 5196, 8425, 5019, 4629, 9543, 9260, 2066, 4367, 6843, 420, 2385, 6155, 10932, 5805, 2605, 10505, 1938, 792, 4807, 4445, 10301, 4947, 1678, 7828, 1285, 4180, 4721, 2147, 7326, 8152, 2515, 4093, 5082, 2160, 10383, 10734, 3317, 669, 9572, 5106, 8800, 3763, 6273, 4102, 7357, 5342, 6908, 495, 1256, 5388, 7525, 5945, 1059, 505, 7110, 8634, 4388, 1043, 8109, 7433, 10662, 701, 5505, 10661, 5293, 10313, 6983, 6841, 7468, 4357, 6647, 9741, 10653, 9517, 5745, 7102, 7447, 6913, 542, 9142, 5716, 3726, 3879, 7654, 748, 2519, 8433, 10660, 3571, 7150, 9593, 9076, 6819, 3849, 1803]","[0.0, 0.0, 2.0, 2.0, 1.0, 2.0, 2.0, 0.0, 1.0, 0.0, 0.0, 2.0, 2.0, 0.0, 2.0, 2.0, 2.0, 2.0, 2.0, 0.0, 2.0, 0.0, 2.0, 0.0, 0.0, 0.0, 2.0, 0.0, 0.0, 2.0, 2.0, 2.0, 0.0, 1.0, 2.0, 2.0, 0.0, 1.0, 0.0, 2.0, 0.0, 2.0, 0.0, 0.0, 2.0, 0.0, 2.0, 2.0, 2.0, 1.0, 2.0, 2.0, 2.0, 0.0, 0.0, 2.0, 0.0, 2.0, 0.0, 2.0, 2.0, 0.0, 2.0, 0.0, 2.0, 2.0, 2.0, 1.0, 1.0, 2.0, 2.0, 2.0, 0.0, 2.0, 0.0, 2.0, 2.0, 2.0, 2.0, 0.0, 0.0, 2.0, 0.0, 2.0, 2.0, 2.0, 2.0, 0.0, 0.0, 2.0, 0.0, 0.0, 2.0, 0.0, 0.0, 2.0, 0.0, 2.0, 0.0, 0.0, 0.0, 0.0, 2.0, 2.0, 2.0, 0.0, 2.0, 0.0, 0.0, 2.0, 0.0, 0.0, 2.0, 2.0, 0.0, 2.0, 0.0, 2.0, 2.0, 0.0, 0.0, 0.0, 0.0, 2.0, 1.0, 0.0, 0.0, 0.0, 2.0, 2.0, 0.0, 0.0, 2.0, 0.0, 0.0, 2.0, 1.0, 0.0, 0.0, 0.0, 0.0, 2.0, 2.0, 2.0, 0.0, 1.0, 2.0, 0.0, 0.0, 2.0, 2.0, 0.0, 2.0, 1.0, 0.0, 1.0, 2.0, 0.0, 1.0, 2.0, 0.0, 2.0, 2.0, 0.0, 2.0, 2.0, 2.0, 2.0, 2.0, 0.0, 2.0, 0.0, 1.0, 0.0, 1.0, 2.0, 2.0, 2.0, 0.0, 2.0, 0.0, 0.0, 2.0, 0.0, 2.0, 2.0, 0.0, 2.0, 0.0, 1.0, 0.0, 2.0, 2.0, 0.0, 0.0, 0.0, 2.0, 0.0, 0.0, 0.0, 0.0, 0.0, 2.0, 1.0, 2.0, 2.0, 0.0, 0.0, 2.0, 0.0, 2.0, 0.0, 0.0, 0.0, 0.0, 1.0, 0.0, 2.0, 2.0, 0.0, 0.0, 0.0, 0.0, 0.0, 0.0, 0.0, 2.0, 0.0, 2.0, 1.0, 2.0, 2.0, 2.0, 2.0, 0.0, 1.0, 0.0, 2.0, 2.0, 0.0, 2.0, 2.0, 0.0, 2.0, 0.0, 2.0, 1.0, 2.0, 0.0, 0.0, 0.0, 2.0, 1.0, 2.0, 2.0, 0.0, 0.0, 0.0, 2.0, 0.0, 2.0, 0.0, 2.0, 2.0, 0.0, 2.0, 2.0, 2.0, 2.0, 2.0, 2.0, 2.0, 2.0, 0.0, 0.0, 0.0, 1.0, 0.0, 1.0, 0.0, 0.0, 0.0, 2.0, 0.0, 0.0, 2.0, 0.0, 2.0, 2.0, 2.0, 0.0, 2.0, 2.0, 2.0, 2.0, 2.0, 0.0, 2.0, 1.0, 0.0, 0.0, 2.0, 0.0, 0.0, 0.0, 2.0, 0.0, 0.0, 2.0, 0.0, 2.0, 0.0, 2.0, 0.0, 1.0, 2.0, 2.0, 0.0, 0.0, 0.0, 2.0, 2.0, 0.0, 2.0, 2.0, 1.0, 2.0, 2.0, 2.0, 2.0, 0.0, 0.0, 2.0, 2.0, 2.0, 2.0, 2.0, 0.0, 1.0, 2.0, 1.0, 0.0, 2.0, 2.0, 2.0, 2.0, 2.0, 0.0, 1.0, 2.0, 2.0, 2.0, 0.0, 2.0, 2.0, 1.0, 0.0, 0.0, 2.0, 0.0, 1.0, 2.0, 0.0, 0.0, 2.0, 0.0, 0.0, 2.0, 0.0, 2.0, 2.0, 0.0, 2.0, 1.0, 0.0, 2.0, 2.0, 2.0, 0.0, 0.0, 0.0, 0.0, 2.0, 0.0, 0.0, 2.0, 2.0, 0.0, 2.0, 2.0, 1.0, 0.0, 2.0, 0.0, 2.0, 2.0, 0.0, 2.0, 0.0, 0.0, 0.0, 2.0, 2.0, 2.0, 0.0, 2.0, 0.0, 2.0, 2.0, 2.0, 0.0, 0.0, 0.0, 0.0, 0.0, 2.0, 0.0, 2.0, 1.0, 2.0, 2.0, 2.0, 1.0, 2.0, 2.0, 2.0, 1.0, 2.0, 2.0, 2.0, 2.0, 2.0, 0.0, 0.0, 0.0, 2.0, 2.0, 2.0, 0.0, 2.0, 0.0, 0.0, 1.0, 0.0, 2.0, 2.0, 2.0, 1.0, 1.0, 0.0, 2.0, 0.0, 1.0, 0.0, 2.0, 0.0, 2.0, 0.0, 0.0, 2.0, 1.0, 0.0, 0.0, 2.0, 0.0, 0.0, 2.0, 2.0, 1.0, 0.0, 0.0, 0.0, 0.0, 2.0, 0.0, 2.0, 2.0, 0.0, 2.0, 2.0, 0.0, 2.0, 2.0, 1.0, 1.0, 2.0, 2.0, 1.0, 2.0, 2.0, 0.0, 0.0, 2.0, 0.0, 0.0, 0.0, 2.0, 2.0, 0.0, 2.0, 0.0, 0.0, 2.0, 2.0, 1.0, 1.0, 0.0, 2.0, 2.0, 2.0, 0.0, 1.0, 1.0, 2.0, 2.0, 0.0, 0.0, 2.0, 2.0, 2.0, 0.0, 0.0, 2.0, 2.0, 1.0, 2.0, 0.0, 1.0, 2.0, 2.0, 0.0, 0.0, 0.0, 2.0, 0.0, 0.0, 1.0, 2.0, 2.0, 0.0, 2.0, 0.0, 1.0, 0.0, 0.0, 2.0, 2.0, 0.0, 0.0, 0.0, 0.0, 0.0, 2.0, 0.0, 0.0, 0.0, 0.0, 2.0, 2.0, 2.0, 2.0, 0.0, 0.0, 2.0, 2.0, 0.0, 0.0, 0.0, 2.0, 0.0, 2.0, 1.0, 0.0, 2.0, 1.0, 0.0, 2.0, 2.0, 0.0, 2.0, 0.0, 0.0, 1.0, 2.0, 0.0, 0.0, 2.0, 2.0, 2.0, 2.0, 2.0, 2.0, 2.0, 2.0, 0.0, 2.0, 2.0, 2.0, 0.0, 1.0, 0.0, 0.0, 2.0, 2.0, 0.0, 2.0, 0.0, 2.0, 2.0, 2.0, 0.0, 0.0, 2.0, 2.0, 0.0, 2.0, 2.0, 0.0, 0.0, 0.0, 0.0, 1.0, 2.0, 0.0, 1.0, 0.0, 0.0, 0.0, 1.0, 2.0, 2.0, 0.0, 0.0, 0.0, 0.0, 0.0, 2.0, 2.0, 0.0, 2.0, 0.0, 2.0, 2.0, 0.0, 0.0, 0.0, 2.0, 0.0, 2.0, 2.0, 1.0, 2.0, 0.0, 2.0, 2.0, 0.0, 1.0, 2.0, 2.0, 0.0, 2.0, 2.0, 0.0, 0.0, 1.0, 2.0, 2.0, 2.0, 0.0, 2.0, 0.0, 0.0, 2.0, 0.0, 0.0, 2.0, 2.0, 2.0, 2.0, 0.0, 2.0, 2.0, 0.0, 2.0, 2.0, 2.0, 0.0, 2.0, 2.0, 0.0, 0.0, 0.0, 2.0, 2.0, 0.0, 2.0, 0.0, 1.0, 1.0, 0.0, 0.0, 0.0, 2.0, 0.0, 0.0, 2.0, 2.0, 2.0, 2.0, 2.0, 0.0, 1.0, 0.0, 2.0, 2.0, 1.0, 2.0, 2.0, 2.0, 0.0, 0.0, 0.0, 0.0, 0.0, 2.0, 1.0, 2.0, 0.0, 0.0, 2.0, 2.0, 2.0, 0.0, 0.0, 0.0, 2.0, 0.0, 2.0, 2.0, 1.0, 0.0, 0.0, 0.0, 0.0, 0.0, 0.0, 2.0, 1.0, 2.0, 0.0, 2.0, 2.0, 2.0, 0.0, 0.0, 1.0, 2.0, 0.0, 0.0, 2.0, 0.0, 2.0, 0.0, 0.0, 0.0, 0.0, 2.0, 2.0, 0.0, 2.0, 2.0, 2.0]"
44955,"The dude broke German codes that helped win the war and you're focusing on his sex life? And fuck religion. It's made up fairy tale. Doesn't deserve any more respect than people who say they were kidnapped by aliens, saw Elvis recently, or the rapture is coming. Get some fucking evidence for you beliefs or keep that shit to yourself.",high_disagreement,3,1.584962500721156,0.6666666666666667,1.0,1.0,1.0,"[1640, 2879, 9546]","[2.0, 0.0, 1.0]"
19076,"Tyfys. Nothing triggers me more than some little shit from Europe going ""America may be considered a first world country but everyone knows they are really a third world country in disguise. We all think they are so backwards"".",high_disagreement,4,1.0,0.5,1.0,1.0,1.1547005383792515,"[9816, 1658, 3033, 2486]","[2.0, 0.0, 0.0, 2.0]"
36401,@ChestertonLord @MariaMushtaq16 Sir they are jahils(illiterates) they won't understand. They can only massacre people on the name of religion.,high_disagreement,3,1.584962500721156,0.6666666666666667,1.0,1.0,1.0,"[10282, 2460, 1162]","[2.0, 1.0, 0.0]"
7852,"Men don't wanna hang out with men, men don't want to fuck men, women don't wanna hang out with men unless money is involved, men are really shit.",high_disagreement,4,1.0,0.5,1.0,1.0,1.1547005383792515,"[6650, 2715, 8838, 5629]","[2.0, 0.0, 2.0, 0.0]"
39838,Jump on top of @tgirl_kate and dump your warm thick load inside her #tranny #tgirl #gay #sex #sissy #slut #slag #skank URL,high_disagreement,4,1.5,0.5,1.25,1.5,0.9574271077563381,"[9931, 11133, 7796, 8017]","[1.0, 2.0, 2.0, 0.0]"
3696,What a hot little fuck puppet she is! Would fuck her in the ass all night long!,high_disagreement,4,1.5,0.5,1.25,1.5,0.9574271077563381,"[1364, 8078, 4902, 9164]","[1.0, 2.0, 0.0, 2.0]"
7357,"her body is bangin!! i most definitely would fuck her, and then fuck her again when i'm finished. hell, fuck her whenever i'm horny! directed at her: baby, you're most fuckable!",high_disagreement,4,1.5,0.5,0.75,0.5,0.9574271077563382,"[439, 9208, 904, 4314]","[0.0, 2.0, 0.0, 1.0]"
25767,"@AOC May God destroy Russia Amen !! Your killing God loving people , Shia your friend with are not Muslims they enemy of Muslims , your killing and bombing real Muslims , but I am happy for you you going to be , the stone and woods of fire of Hell . URL",high_disagreement,4,1.0,0.5,0.5,0.5,0.5773502691896257,"[10665, 10698, 787, 2561]","[1.0, 0.0, 0.0, 1.0]"
34568,"You boyfriend will never fuck you this way, slave. He won't demand you suck his cock until you swallow cum like a whore. He won't ruin your pussy while he fucks you, until you beg for mercy. He won't pick you up to drive his cock up your tight fucking ass, and pump it full of cum URL",high_disagreement,4,1.5,0.5,1.25,1.5,0.9574271077563381,"[10261, 2980, 4607, 8004]","[0.0, 2.0, 1.0, 2.0]"
22973,Keep Mexico A Shithole!! We need a minefield at the southern border!!,high_disagreement,5,0.9709505944546686,0.4,0.8,0.0,1.0954451150103321,"[5341, 5701, 9411, 3627, 3643]","[0.0, 0.0, 0.0, 2.0, 2.0]"
39570,I'll never throw dirt on another nigga 4 some pussy that shyt dare b lame.,high_disagreement,3,1.584962500721156,0.6666666666666667,1.0,1.0,1.0,"[10501, 8742, 4529]","[0.0, 2.0, 1.0]"
39090,"To see queer people keeping each other down makes me so sad because I've been around for a long time - I've seen the people who came before us fight for what we have right now, and they did not fight like that for us to go backwards. Michelle Visage",high_disagreement,3,1.584962500721156,0.6666666666666667,1.0,1.0,1.0,"[9757, 942, 6072]","[0.0, 1.0, 2.0]"
27109,@Michael05663184 @tariqnasheed Over aggressive police tactics based on racism & knowledge they can get away w it. White cop who sucker punched that man should be arrested already. The other cop he was talking to didn't seem to be the least bit threatened by him but big man w the AR punched him anyway. Fuck him,high_disagreement,3,1.584962500721156,0.6666666666666667,1.0,1.0,1.0,"[2358, 4135, 6556]","[1.0, 0.0, 2.0]"
49153,+Sophie Tran women could never dominant society. Simple fact is they are weaker. You should really biology sometime.,high_disagreement,3,1.584962500721156,0.6666666666666667,1.0,1.0,1.0,"[8954, 5105, 1228]","[1.0, 2.0, 0.0]"
19737,There are thousands of Singaporean citizens holding green card (PR) in the US bruh,high_disagreement,3,1.584962500721156,0.6666666666666667,1.0,1.0,1.0,"[9687, 4410, 7865]","[1.0, 2.0, 0.0]"
45514,ISLAM DETECTED.  He will blow himself up if he wins.,high_disagreement,4,1.5,0.5,1.0,1.0,0.816496580927726,"[8330, 453, 7953, 7106]","[1.0, 2.0, 1.0, 0.0]"
20581,Having a bbq would be so lit but feeding you niggers 💀,high_disagreement,4,1.5,0.5,1.25,1.5,0.9574271077563382,"[1157, 798, 11054, 6834]","[2.0, 2.0, 0.0, 1.0]"
17080,"I wonder which shithole country your trash ancestors escaped from. You've spent centuries sucking on America's tit, can't wait till you bottom feeding losers get replaced by hard working Mexicans",high_disagreement,3,1.584962500721156,0.6666666666666667,1.0,1.0,1.0,"[5358, 5548, 5289]","[2.0, 1.0, 0.0]"
40275,I wish the Natives had the same energy and hate these evil folks that's metally broken in Amerikkka have and had when chris brought his evil arse to Amerikkka. We wouldn't be having this conversation.,high_disagreement,4,1.5,0.5,1.25,1.5,0.9574271077563382,"[6893, 7577, 2363, 5067]","[0.0, 2.0, 2.0, 1.0]"
37698,"@RyanAFournier God isnt banned chief People who utilize religion/ ""jesus"" to justify hate deserve the attention Guns in the hands of radicalized, right wing, domestic white terrorist absolutely *IS* the problem",high_disagreement,4,1.0,0.5,1.0,1.0,1.1547005383792515,"[7527, 8496, 4632, 1994]","[2.0, 0.0, 0.0, 2.0]"
18110,"Yea, even white suburban people here hate his shit. Get a better platform other than ""brown people bad""",high_disagreement,4,1.5,0.5,0.75,0.5,0.9574271077563381,"[5955, 478, 415, 1671]","[2.0, 1.0, 0.0, 0.0]"
6518,"A lot of them are saying that ""Europeans built the algorithms which allows YouTube to do this"". It boggles the mind how white supremacists think.",high_disagreement,4,1.0,0.5,1.0,1.0,1.1547005383792515,"[7516, 3035, 2139, 10174]","[0.0, 2.0, 2.0, 0.0]"
49517,This gay ass blood is gay,high_disagreement,3,1.584962500721156,0.6666666666666667,1.0,1.0,1.0,"[6762, 910, 2035]","[0.0, 1.0, 2.0]"
48629,How disrespectful of these unhinged women to yell at the President and interrupt him while he is speaking! Who are those unhinged women!? Why no one reigns them in!?,high_disagreement,4,1.5,0.5,0.75,0.5,0.9574271077563381,"[48, 2546, 4673, 9588]","[0.0, 0.0, 1.0, 2.0]"
15080,thou shalt fuck they sisters and daughters,high_disagreement,4,1.5,0.5,0.75,0.5,0.9574271077563382,"[10534, 498, 10142, 2458]","[2.0, 0.0, 0.0, 1.0]"
7602,"Says every racist.  Honestly if India and Pakistan nuke the Middle East off the face of the earth, the world will sigh a lot of relief.",high_disagreement,4,1.5,0.5,0.75,0.5,0.9574271077563381,"[573, 3367, 2115, 10973]","[0.0, 1.0, 2.0, 0.0]"
12910,"I want to bukkake her perfect cumslut face with a group of hung buds from this sub, we'd cum all in her face and mouth after taking turns brutally face fucking her and letting her suck our balls, she'd look even more gorgeous covered in our thick white creamy loads, I'd even cum multiple times on her face, she'd drain every last drop cum from my balls.",high_disagreement,4,1.5,0.5,0.75,0.5,0.9574271077563381,"[5767, 7402, 7483, 303]","[0.0, 2.0, 1.0, 0.0]"
43892,Fuck US for the coup that killed our people. Fuck US we know they are Islamophobic and racist country kick them out of Turkey🇹🇷,high_disagreement,4,1.0,0.5,1.0,1.0,1.1547005383792515,"[9225, 263, 3724, 3469]","[0.0, 2.0, 0.0, 2.0]"
10252,"The average whiteboy cuckasoid. Those pieces of degenerate shit are not even human and deserve to be mercilessly exterminated, MS-13 skinned-alive and taken apart by the joints style.",high_disagreement,3,1.584962500721156,0.6666666666666667,1.0,1.0,1.0,"[3459, 256, 1241]","[2.0, 0.0, 1.0]"
20017,"My God look at these BARBARIC PPL. And these pigs all watching. They r a very, very sick culture. And Omar and Rashid want this crap here. This is America not the Middle East. Round them up and send them home.",high_disagreement,778,1.3516314948966786,0.44858611825192807,1.212082262210797,2.0,0.9202473135322619,"[488, 2108, 10363, 9912, 5487, 9411, 3948, 1308, 8856, 9473, 2577, 2251, 4603, 2975, 6032, 8017, 11053, 7472, 5465, 7563, 1060, 9551, 7169, 643, 11035, 10512, 1055, 10984, 8392, 718, 1672, 4462, 7083, 7900, 727, 5657, 6427, 4015, 7760, 1504, 5844, 9356, 7906, 5228, 5074, 6296, 9537, 9070, 8944, 6732, 4391, 1273, 1936, 8640, 11134, 3976, 10409, 9673, 11105, 6332, 5924, 9001, 7863, 9563, 9188, 305, 10830, 2659, 389, 2143, 9425, 8030, 635, 8747, 9311, 603, 1866, 7240, 3821, 7752, 10948, 9921, 10982, 10609, 10846, 1139, 1977, 9581, 10549, 4967, 5876, 1179, 4849, 1928, 9485, 6674, 9310, 375, 1479, 8850, 5940, 1513, 7903, 3444, 6241, 6103, 862, 7349, 435, 6834, 791, 5410, 4109, 2944, 5186, 5535, 2168, 2839, 2338, 753, 9328, 6469, 1516, 6682, 4821, 3720, 9407, 4028, 6917, 9120, 4078, 10274, 3647, 10523, 8525, 5080, 7032, 9276, 2412, 1125, 6006, 7048, 10949, 8406, 9713, 11031, 2692, 2786, 4246, 2204, 8726, 1579, 6616, 3380, 8108, 8197, 689, 8365, 1520, 9847, 8775, 3906, 2586, 7446, 6001, 6709, 10240, 10197, 4188, 6089, 10724, 1708, 5654, 4533, 6589, 8870, 4833, 6415, 10769, 10621, 3183, 7189, 3788, 217, 3620, 7304, 6055, 3386, 7296, 80, 7404, 10097, 1668, 7385, 5642, 1471, 5634, 6670, 10452, 3688, 3998, 2661, 3276, 2387, 7646, 7761, 4868, 1171, 2430, 7932, 8937, 5847, 6192, 5381, 7676, 5209, 5867, 2539, 4600, 7984, 1258, 9060, 8420, 10063, 4522, 8802, 8180, 5332, 6735, 5617, 274, 930, 2395, 3467, 1756, 2489, 10285, 4553, 6731, 9522, 939, 1464, 2861, 454, 4023, 3322, 8835, 4431, 8423, 3817, 5170, 9496, 3119, 922, 3368, 3299, 5334, 46, 3458, 5005, 1228, 2311, 7363, 8832, 1182, 99, 8945, 10776, 8997, 4379, 3500, 671, 4253, 9897, 4637, 10263, 278, 10613, 1413, 7514, 10812, 911, 7193, 5577, 7307, 1296, 7786, 1309, 796, 2203, 742, 966, 7015, 4084, 7952, 3835, 9661, 10029, 10208, 8797, 6659, 1887, 10373, 10985, 4463, 297, 7926, 9819, 4635, 10200, 7855, 1898, 1720, 2778, 3312, 7264, 10228, 3300, 5644, 943, 10430, 10048, 522, 10395, 9481, 6855, 3308, 9697, 3476, 10975, 670, 5045, 2973, 302, 821, 8045, 9038, 5004, 10583, 64, 2467, 6743, 2315, 5896, 9410, 3362, 560, 639, 10711, 6240, 646, 592, 104, 1779, 8470, 10626, 7513, 2266, 1800, 4074, 2921, 5002, 3135, 1730, 3770, 4112, 1358, 4484, 4265, 5070, 8190, 6445, 9113, 4017, 10651, 9938, 1952, 3737, 10293, 2281, 2821, 1150, 5629, 238, 9288, 7292, 8493, 10074, 5518, 5566, 2621, 9908, 614, 3000, 3391, 2502, 4222, 140, 9143, 7481, 5624, 2881, 10539, 4801, 4285, 1033, 9193, 426, 6105, 6033, 2454, 7194, 7440, 9395, 1005, 10576, 1463, 268, 4179, 756, 4905, 5620, 5383, 6113, 4946, 3403, 1090, 366, 8413, 6329, 7282, 4994, 9450, 6367, 8658, 10919, 10760, 8895, 5863, 5272, 6663, 662, 3563, 4166, 157, 2357, 951, 3502, 8011, 10339, 2472, 4549, 6389, 6462, 1205, 1830, 4326, 3409, 6305, 5359, 2105, 7797, 600, 2486, 4413, 4556, 8202, 5610, 7527, 9291, 3944, 9521, 9460, 831, 6538, 6530, 3655, 9478, 5009, 1073, 10242, 780, 9811, 1138, 7999, 2223, 3769, 7082, 7931, 7026, 1381, 1560, 8350, 8294, 10183, 1850, 6082, 6479, 5783, 10438, 5026, 5738, 2246, 4968, 3059, 1187, 9662, 9804, 7845, 4712, 9283, 1839, 4670, 4983, 4148, 9626, 3412, 2476, 2538, 1127, 6766, 7568, 7930, 6309, 3781, 1956, 8573, 3129, 3230, 7638, 10314, 3456, 3964, 1667, 8387, 11133, 8385, 3627, 10186, 3017, 8801, 5900, 4746, 5001, 10958, 2145, 7783, 591, 8447, 10545, 7141, 3837, 4780, 5075, 6331, 194, 3543, 4814, 9528, 2213, 9980, 9458, 2156, 8556, 5948, 5231, 7780, 9200, 2288, 4340, 2966, 762, 10768, 5456, 7216, 7191, 6606, 7505, 9683, 1661, 5729, 2128, 4225, 3395, 6763, 1457, 10126, 10282, 10865, 10124, 1603, 4335, 6439, 1221, 6964, 7918, 9754, 4842, 7466, 5451, 5169, 4408, 121, 6610, 7588, 7860, 5901, 8144, 478, 7769, 10064, 5370, 3187, 4575, 159, 8029, 6933, 7564, 8105, 6291, 2580, 5591, 7348, 10748, 3446, 5040, 7968, 3278, 667, 1841, 8160, 945, 2603, 6859, 3768, 2927, 3811, 4143, 55, 9409, 2827, 6138, 5792, 4529, 394, 9764, 1628, 7437, 8468, 359, 50, 3526, 9544, 5674, 3594, 10261, 1913, 4879, 6695, 8349, 1218, 9844, 3928, 3137, 433, 3076, 8275, 11045, 2560, 5458, 8968, 2726, 5740, 4213, 1004, 3686, 9183, 9269, 7364, 174, 6252, 2297, 7716, 8166, 1940, 2450, 3354, 1151, 1241, 5214, 2325, 10650, 2574, 5224, 10486, 10965, 3344, 9197, 9812, 534, 8491, 5554, 2209, 4737, 4995, 95, 4458, 10534, 3930, 8686, 4886, 10941, 517, 4489, 7781, 3677, 1548, 4913, 6486, 7956, 7221, 2262, 6121, 516, 5208, 3639, 4144, 7041, 5015, 3303, 128, 4051, 8056, 3099, 5848, 7012, 2222, 10140, 1528, 1295, 7077, 1395, 10157, 7372, 5981, 10481, 3898, 3848, 9062, 8587, 7016, 9576, 8273, 3116, 10790, 775, 9761, 10970, 5752, 6979, 4584, 1666, 10141, 5972, 5168, 5310, 8092, 10280, 1635, 9868, 3191, 2837, 2470, 4554, 1749, 9602, 1485, 5502]","[2.0, 2.0, 2.0, 2.0, 2.0, 1.0, 0.0, 0.0, 2.0, 2.0, 2.0, 2.0, 2.0, 2.0, 0.0, 0.0, 2.0, 2.0, 2.0, 2.0, 2.0, 0.0, 0.0, 0.0, 2.0, 2.0, 0.0, 1.0, 1.0, 2.0, 0.0, 2.0, 1.0, 2.0, 1.0, 2.0, 2.0, 2.0, 0.0, 2.0, 2.0, 0.0, 0.0, 2.0, 2.0, 0.0, 2.0, 2.0, 1.0, 1.0, 2.0, 0.0, 1.0, 0.0, 2.0, 2.0, 2.0, 2.0, 2.0, 2.0, 0.0, 2.0, 0.0, 2.0, 0.0, 2.0, 2.0, 2.0, 0.0, 2.0, 0.0, 1.0, 2.0, 0.0, 0.0, 2.0, 1.0, 2.0, 0.0, 2.0, 0.0, 2.0, 2.0, 0.0, 2.0, 2.0, 0.0, 0.0, 1.0, 2.0, 1.0, 0.0, 2.0, 2.0, 2.0, 2.0, 0.0, 2.0, 2.0, 1.0, 2.0, 0.0, 2.0, 0.0, 2.0, 2.0, 1.0, 1.0, 2.0, 0.0, 2.0, 0.0, 2.0, 1.0, 0.0, 2.0, 0.0, 0.0, 0.0, 2.0, 0.0, 2.0, 2.0, 2.0, 0.0, 2.0, 1.0, 0.0, 1.0, 0.0, 2.0, 0.0, 1.0, 0.0, 2.0, 0.0, 2.0, 1.0, 2.0, 0.0, 2.0, 0.0, 2.0, 0.0, 2.0, 2.0, 0.0, 2.0, 2.0, 2.0, 2.0, 0.0, 2.0, 1.0, 0.0, 2.0, 2.0, 1.0, 1.0, 2.0, 2.0, 0.0, 2.0, 0.0, 2.0, 0.0, 2.0, 2.0, 2.0, 2.0, 2.0, 2.0, 2.0, 2.0, 2.0, 1.0, 2.0, 2.0, 0.0, 2.0, 2.0, 2.0, 0.0, 2.0, 2.0, 1.0, 2.0, 2.0, 0.0, 2.0, 0.0, 0.0, 2.0, 0.0, 2.0, 2.0, 2.0, 0.0, 0.0, 2.0, 0.0, 2.0, 0.0, 0.0, 2.0, 0.0, 2.0, 2.0, 2.0, 2.0, 2.0, 2.0, 2.0, 0.0, 0.0, 1.0, 0.0, 0.0, 0.0, 1.0, 0.0, 0.0, 1.0, 0.0, 0.0, 2.0, 0.0, 2.0, 2.0, 0.0, 0.0, 0.0, 2.0, 0.0, 0.0, 2.0, 2.0, 0.0, 2.0, 2.0, 2.0, 2.0, 2.0, 2.0, 2.0, 2.0, 0.0, 2.0, 1.0, 2.0, 0.0, 0.0, 2.0, 0.0, 0.0, 0.0, 0.0, 0.0, 2.0, 2.0, 2.0, 0.0, 0.0, 2.0, 2.0, 0.0, 0.0, 2.0, 1.0, 2.0, 0.0, 2.0, 2.0, 2.0, 2.0, 0.0, 2.0, 2.0, 2.0, 1.0, 0.0, 2.0, 2.0, 2.0, 0.0, 0.0, 2.0, 0.0, 2.0, 0.0, 2.0, 2.0, 2.0, 0.0, 2.0, 2.0, 0.0, 2.0, 0.0, 0.0, 2.0, 2.0, 2.0, 0.0, 2.0, 0.0, 0.0, 2.0, 0.0, 2.0, 2.0, 2.0, 2.0, 2.0, 2.0, 0.0, 0.0, 2.0, 2.0, 0.0, 2.0, 0.0, 2.0, 1.0, 1.0, 0.0, 0.0, 0.0, 2.0, 2.0, 0.0, 0.0, 2.0, 2.0, 0.0, 2.0, 2.0, 2.0, 0.0, 1.0, 2.0, 1.0, 1.0, 0.0, 2.0, 2.0, 1.0, 2.0, 0.0, 2.0, 2.0, 2.0, 2.0, 2.0, 1.0, 1.0, 0.0, 2.0, 2.0, 0.0, 0.0, 2.0, 2.0, 2.0, 2.0, 0.0, 1.0, 1.0, 1.0, 0.0, 1.0, 2.0, 0.0, 1.0, 0.0, 2.0, 1.0, 2.0, 2.0, 2.0, 2.0, 2.0, 2.0, 2.0, 2.0, 2.0, 2.0, 1.0, 0.0, 2.0, 2.0, 2.0, 2.0, 0.0, 2.0, 2.0, 1.0, 2.0, 0.0, 2.0, 2.0, 2.0, 1.0, 2.0, 2.0, 2.0, 0.0, 0.0, 2.0, 2.0, 2.0, 2.0, 2.0, 2.0, 1.0, 1.0, 1.0, 2.0, 0.0, 2.0, 0.0, 2.0, 2.0, 2.0, 2.0, 2.0, 0.0, 2.0, 2.0, 0.0, 0.0, 1.0, 0.0, 2.0, 2.0, 2.0, 2.0, 1.0, 2.0, 2.0, 2.0, 2.0, 1.0, 0.0, 2.0, 1.0, 2.0, 2.0, 2.0, 2.0, 1.0, 0.0, 0.0, 0.0, 0.0, 2.0, 0.0, 2.0, 0.0, 0.0, 2.0, 2.0, 2.0, 2.0, 1.0, 0.0, 1.0, 0.0, 2.0, 2.0, 2.0, 2.0, 2.0, 1.0, 0.0, 2.0, 2.0, 2.0, 2.0, 2.0, 2.0, 0.0, 2.0, 2.0, 2.0, 2.0, 0.0, 2.0, 2.0, 2.0, 0.0, 2.0, 2.0, 0.0, 2.0, 2.0, 2.0, 0.0, 2.0, 2.0, 2.0, 0.0, 2.0, 0.0, 2.0, 2.0, 2.0, 2.0, 2.0, 1.0, 2.0, 2.0, 2.0, 0.0, 0.0, 2.0, 0.0, 0.0, 1.0, 2.0, 2.0, 0.0, 2.0, 0.0, 0.0, 0.0, 2.0, 0.0, 2.0, 1.0, 2.0, 2.0, 0.0, 2.0, 2.0, 0.0, 1.0, 2.0, 0.0, 0.0, 2.0, 0.0, 0.0, 0.0, 0.0, 2.0, 2.0, 1.0, 2.0, 2.0, 2.0, 2.0, 2.0, 2.0, 0.0, 2.0, 1.0, 2.0, 2.0, 2.0, 2.0, 0.0, 2.0, 0.0, 0.0, 0.0, 2.0, 2.0, 2.0, 2.0, 0.0, 2.0, 2.0, 0.0, 1.0, 2.0, 2.0, 0.0, 2.0, 0.0, 2.0, 1.0, 2.0, 0.0, 2.0, 0.0, 2.0, 0.0, 0.0, 2.0, 1.0, 0.0, 0.0, 2.0, 2.0, 1.0, 0.0, 2.0, 2.0, 2.0, 0.0, 0.0, 0.0, 0.0, 0.0, 2.0, 2.0, 1.0, 1.0, 1.0, 0.0, 0.0, 0.0, 2.0, 2.0, 2.0, 0.0, 2.0, 2.0, 2.0, 0.0, 2.0, 0.0, 1.0, 0.0, 0.0, 2.0, 2.0, 0.0, 0.0, 0.0, 0.0, 0.0, 0.0, 1.0, 0.0, 0.0, 0.0, 2.0, 0.0, 2.0, 1.0, 0.0, 2.0, 2.0, 0.0, 2.0, 2.0, 2.0, 2.0, 2.0, 2.0, 0.0, 0.0, 2.0, 0.0, 0.0, 2.0, 2.0, 2.0, 2.0, 2.0, 0.0, 0.0, 0.0, 0.0, 0.0, 0.0, 2.0, 0.0, 2.0, 2.0, 2.0, 2.0, 2.0, 2.0, 2.0, 2.0, 2.0, 0.0, 2.0, 2.0, 2.0, 2.0, 0.0, 2.0, 0.0, 0.0, 0.0, 2.0, 0.0, 0.0, 2.0, 0.0, 0.0, 2.0, 1.0, 0.0, 2.0, 2.0, 2.0, 2.0, 2.0, 2.0, 0.0, 2.0, 2.0, 2.0, 0.0, 0.0, 0.0, 2.0, 2.0, 0.0, 2.0, 0.0, 0.0, 1.0, 2.0, 0.0, 0.0, 2.0, 1.0, 1.0, 0.0, 2.0, 2.0, 2.0, 2.0, 2.0, 0.0, 2.0, 2.0, 2.0, 0.0, 2.0, 2.0, 0.0, 1.0, 2.0, 0.0, 2.0, 0.0, 0.0, 1.0, 0.0, 0.0, 1.0, 2.0, 2.0, 2.0, 0.0, 2.0, 2.0, 0.0, 2.0, 2.0, 1.0, 2.0, 0.0, 2.0, 2.0, 2.0, 2.0, 2.0, 2.0, 0.0, 0.0, 0.0, 1.0, 2.0, 1.0, 0.0, 0.0, 0.0, 2.0, 0.0, 2.0]"
19187,Typical white trash.,high_disagreement,3,1.584962500721156,0.6666666666666667,1.0,1.0,1.0,"[7663, 5345, 1885]","[0.0, 2.0, 1.0]"
12996,Little whore with a cock-hungry cunt,high_disagreement,4,1.0,0.5,1.0,1.0,1.1547005383792515,"[7178, 5375, 9940, 1932]","[2.0, 0.0, 0.0, 2.0]"
724,I wont believe she really is a woke feminist until there us a midget xer behind her with xer dick in her ass.,high_disagreement,3,1.584962500721156,0.6666666666666667,1.0,1.0,1.0,"[2999, 9073, 6107]","[1.0, 2.0, 0.0]"
10744,"Ok Scottish tranny, why are ya going out ya way to literally look for arguements, i read alot of the stuff on ya comments and thats all you do! Go get laid!!",high_disagreement,4,1.0,0.5,1.0,1.0,1.1547005383792515,"[6423, 10893, 1457, 7916]","[2.0, 0.0, 0.0, 2.0]"
14894,Yeah dont i know it back in my day a woman didnt even have the right to say no and if she did youd give her a good wallop and these millenials woth tgeir phones and degrees buch of fucking nancies dont i know it jim boris is gonna sort us our and get rid of them nancies and womens rights fuck anybdy that say otherswise,high_disagreement,4,1.0,0.5,1.0,1.0,1.1547005383792515,"[8541, 8036, 5771, 34]","[2.0, 0.0, 2.0, 0.0]"
16083,I'm sorry but I do t see how people like Linda Sarsour point to the Hijab as a good thing.,high_disagreement,4,1.0,0.5,0.5,0.5,0.5773502691896257,"[10408, 2518, 590, 8997]","[1.0, 0.0, 1.0, 0.0]"
26201,A Black woman being promoted into a role that has nothing to do with diversity & inclusion !!!??  But bare power and access!?!! 😍😍😍 URL,high_disagreement,5,1.3709505944546687,0.4,0.6,0.0,0.8944271909999159,"[2792, 8856, 5034, 2456, 2860]","[0.0, 2.0, 1.0, 0.0, 0.0]"
2127,"Fat people is the cause for young men being impotent. The women are fat and so are the men. This makes physical attraction less, health problems go up, testosterone levels suffer. Then add in all the metoo movement and other social changes in the wake and you have a large group of fat, unhealthy and dysfunctional men.",high_disagreement,3,1.584962500721156,0.6666666666666667,1.0,1.0,1.0,"[7114, 8157, 5270]","[1.0, 0.0, 2.0]"
33782,One deportation. I was a promised a million.,high_disagreement,4,1.0,0.5,0.5,0.5,0.5773502691896257,"[3935, 7470, 958, 6459]","[1.0, 0.0, 0.0, 1.0]"
39482,remove her fucking channel and lock her up. stupid bitch,high_disagreement,4,1.5,0.5,0.75,0.5,0.9574271077563381,"[3461, 3671, 2251, 4719]","[0.0, 1.0, 0.0, 2.0]"
49524,"She and her four gang of thugs are racist because they away want to remind us that they are women (sexist) of color (racist). That's two strikes against them When you say you are part of the American "" *fabric* "", that is not talking like an American. She is telling us *not* to take to heart anything our President says. Send her back to Africa. Soon enough is not too soon.",high_disagreement,4,1.5,0.5,0.75,0.5,0.9574271077563381,"[5102, 7985, 7110, 4854]","[0.0, 2.0, 1.0, 0.0]"
2243,Likely a homeskooled Christian fundamentalist.,high_disagreement,4,1.5,0.5,0.75,0.5,0.9574271077563382,"[5554, 10490, 2550, 5062]","[0.0, 0.0, 2.0, 1.0]"
36233,this is for netflix you big fat white nasty smelling fat bitch why you took The Rain off the motherfucking schedule with your trifling dirty white ass you big fat bitch oompa loompa body ass bitch i'm coming outside and i'm going to beat the fuck out of you bitch,high_disagreement,4,1.0,0.5,1.5,1.5,0.5773502691896257,"[7708, 2867, 4585, 9607]","[2.0, 2.0, 1.0, 1.0]"
12555,that's hard to believe. the place is crawling with sluts from the midwest with zero rules or social implications,high_disagreement,4,1.5,0.5,1.25,1.5,0.9574271077563381,"[5783, 1342, 7848, 1000]","[1.0, 0.0, 2.0, 2.0]"
22077,"@woye1 Come out for what? So you people will tear her apart, cause her depression, while still depending your hoe of a pastor",high_disagreement,3,1.584962500721156,0.6666666666666667,1.0,1.0,1.0,"[9511, 4247, 6103]","[1.0, 2.0, 0.0]"
22334,I was actually complacent in referring to her as Pocahontas. She can keep her 1/2400 Native American self proclaimed heritage.,high_disagreement,4,1.0,0.5,0.5,0.5,0.5773502691896257,"[11119, 9253, 9248, 8256]","[1.0, 1.0, 0.0, 0.0]"
49888,"If you want Mexico , move there you stupid fucks. They should all be arrested.",high_disagreement,4,1.0,0.5,1.0,1.0,1.1547005383792515,"[5589, 2170, 2388, 4873]","[0.0, 0.0, 2.0, 2.0]"
48822,Carolina V these degenerates deserve all they get! Next they'll blame it on Iran! It's Karma for all the wrong America does around the globe!,high_disagreement,4,1.5,0.5,0.75,0.5,0.9574271077563381,"[8348, 5285, 3920, 1272]","[1.0, 2.0, 0.0, 0.0]"
17445,"That's a pretty extremist view. I'll return with an extremist view. South Korea should make a deal with Trump and receive lesser American military support to lower the cost for US. In turn, they should get the right to nuclearize the country. Then SK can finish what US failed to do. Erase Japan from the map through nuclear bombs. It's already a radioactive cesspool. Should end Japan's pitiful downfall and end its misery.",high_disagreement,4,1.0,0.5,1.0,1.0,1.1547005383792515,"[179, 2359, 7873, 10396]","[2.0, 0.0, 0.0, 2.0]"
28820,These bitches ugly,high_disagreement,4,1.0,0.5,1.0,1.0,1.1547005383792515,"[10250, 5646, 4477, 8694]","[0.0, 2.0, 2.0, 0.0]"
18120,"Nobody ""gets a sex change"" at 11 you fucking moron",high_disagreement,4,1.0,0.5,0.5,0.5,0.5773502691896257,"[10940, 7243, 2412, 7164]","[1.0, 0.0, 1.0, 0.0]"
47336,This is what you get for killing people of Faith. Suffer you American scum.,high_disagreement,4,1.5,0.5,1.25,1.5,0.9574271077563381,"[209, 8577, 187, 10552]","[2.0, 2.0, 1.0, 0.0]"
41044,Completely incompetent pathetically weak spineless useless woman,high_disagreement,4,1.0,0.5,1.0,1.0,1.1547005383792515,"[9153, 10974, 10332, 6528]","[2.0, 0.0, 0.0, 2.0]"
43076,People need to get off this dumb shit. The first slave owner in America was Black...flat out whipped his own people. Blacks are the biggest pack of cry babies. Your own people did it to you. Pretending like you all were kings and had your crown taken.,high_disagreement,3,1.584962500721156,0.6666666666666667,1.0,1.0,1.0,"[5944, 3113, 2852]","[0.0, 2.0, 1.0]"
38691,FUCK THAT MIDGET ARGENTINIAN FUCKHEAD HOPE AWB WILL BREAK HIS LEGS,high_disagreement,4,1.0,0.5,1.0,1.0,1.1547005383792515,"[5654, 11026, 7283, 4092]","[2.0, 2.0, 0.0, 0.0]"
11115,"*WAKE UP NIGGA, TIME TO GET THE CAKE UP NIGGA*",high_disagreement,4,1.0,0.5,0.5,0.5,0.5773502691896257,"[7123, 6682, 8549, 7854]","[1.0, 0.0, 1.0, 0.0]"
38778,"niggas be dicksappointing, dicktracting and dickceiving",high_disagreement,4,1.0,0.5,1.5,1.5,0.5773502691896257,"[4562, 8351, 5992, 409]","[2.0, 2.0, 1.0, 1.0]"
37965,Barbarians produced by Islam who gang raped Girija Tikku and then her body axed into parts and thrown on road . So they deserve divine punishment for committing heinous crimes like genocide of Hindus .,high_disagreement,3,1.584962500721156,0.6666666666666667,1.0,1.0,1.0,"[8025, 1964, 3122]","[0.0, 2.0, 1.0]"
609,You're also mentally retarded,high_disagreement,4,1.5,0.5,1.0,1.0,0.816496580927726,"[6585, 9155, 7511, 9644]","[1.0, 0.0, 2.0, 1.0]"
26344,@NumanAfifi @LatheefaKoya Queers dont have rights. They should be rounded up and put in a concentration camps,high_disagreement,4,1.0,0.5,1.0,1.0,1.1547005383792515,"[10054, 1366, 3624, 9768]","[0.0, 0.0, 2.0, 2.0]"
34538,Cant hate a real nigga the streets show em love💯,high_disagreement,3,1.584962500721156,0.6666666666666667,1.0,1.0,1.0,"[2511, 5607, 1047]","[0.0, 1.0, 2.0]"
39641,Hit me with all the gay shit,high_disagreement,4,1.5,0.5,0.75,0.5,0.9574271077563381,"[6307, 2304, 3581, 1912]","[0.0, 1.0, 2.0, 0.0]"
21725,@Sthy01 @PublicProtector @ThuliMadonsela3 White ass lickers,high_disagreement,3,1.584962500721156,0.6666666666666667,1.0,1.0,1.0,"[7974, 3265, 9324]","[2.0, 0.0, 1.0]"
11901,A autist piece of shit,high_disagreement,4,1.0,0.5,1.0,1.0,1.1547005383792515,"[2726, 3714, 7797, 9737]","[2.0, 0.0, 0.0, 2.0]"
3808,Bitch with tits,high_disagreement,4,1.5,0.5,0.75,0.5,0.9574271077563381,"[7094, 7930, 6136, 3673]","[0.0, 0.0, 1.0, 2.0]"
12994,Very unfortunate. Israel is not an excuse to throw away humanity.,high_disagreement,3,1.584962500721156,0.6666666666666667,1.0,1.0,1.0,"[1957, 7517, 10498]","[1.0, 0.0, 2.0]"
12559,Suck me off jew,high_disagreement,4,1.5,0.5,1.25,1.5,0.9574271077563381,"[7508, 897, 2202, 8072]","[2.0, 0.0, 1.0, 2.0]"
40320,Says a lot about how dumb american white boys are?,high_disagreement,4,1.5,0.5,1.0,1.0,0.816496580927726,"[7986, 5976, 743, 5680]","[0.0, 1.0, 2.0, 1.0]"
48507,This is a new attempts by whites to recapture Africa a Sudo endless lies no my friends humanity was found in Africa they spread and Concorde the rest of the world what ever change happened to their feature is mostly inviromental and natural progration of human genome no more laying and destorting human history,high_disagreement,3,1.584962500721156,0.6666666666666667,1.0,1.0,1.0,"[3356, 7541, 4788]","[2.0, 1.0, 0.0]"
39154,@Sid18672054 @iAmSAqibb We r going to give his dead body soon. He is terrorist. India is also terrorist state who is doing terrorism in Asia. All world knows very well about Indian terrorism.,high_disagreement,3,1.584962500721156,0.6666666666666667,1.0,1.0,1.0,"[6178, 7016, 574]","[0.0, 2.0, 1.0]"
49777,Lady nobody f****** today cares about Lewis and Clark or any of the other freaking pressure trying to bring to the table we're talkin about today and those people don't matter because they're not live anymore so quit trying to make bulshit you trying to make something out of nothing that's why I don't like you old women that have menopause in charge because y'all make stupid crazy decisions did punish the American people,high_disagreement,4,1.5,0.5,1.25,1.5,0.9574271077563381,"[858, 25, 7806, 2494]","[2.0, 1.0, 2.0, 0.0]"
28993,@majorgauravarya My warning to al jawahari- the indians are ready with their arms and ammunition and thirsty for arab blood...come soon and get yourself hunted down.,high_disagreement,4,1.5,0.5,1.25,1.5,0.9574271077563381,"[1858, 6453, 1056, 8018]","[2.0, 1.0, 2.0, 0.0]"
41913,Johnny is just acting like a stupid white male who thinks everything obeys him.,high_disagreement,3,1.584962500721156,0.6666666666666667,1.0,1.0,1.0,"[8463, 4575, 7555]","[2.0, 0.0, 1.0]"
23075,For the gays I will take up my blade ⚔️ URL,high_disagreement,4,1.5,0.5,0.75,0.5,0.9574271077563381,"[453, 7953, 7106, 8429]","[1.0, 0.0, 2.0, 0.0]"
49821,She just made that house negro look like a incompetent clown.,high_disagreement,4,1.0,0.5,1.0,1.0,1.1547005383792515,"[2735, 10646, 9120, 1247]","[0.0, 2.0, 2.0, 0.0]"
36707,"We need to show the shooters stupid racist face and we have to show that deranged white males are the terrorists in the US, not babies in cages",high_disagreement,3,1.584962500721156,0.6666666666666667,1.0,1.0,1.0,"[9230, 5255, 7104]","[2.0, 0.0, 1.0]"
3653,You have to admire queers like this. They just want to fuck each other in the ass with dignity and respect. Meanwhile Nana is out there biting young women. Anthony wishes he had this much class,high_disagreement,4,1.5,0.5,1.25,1.5,0.9574271077563382,"[2187, 9821, 9045, 7185]","[0.0, 2.0, 2.0, 1.0]"
48968,but the crazy black men still making the city streets unsafe. we should send them back ASAP@Andre Suston,high_disagreement,4,1.0,0.5,1.0,1.0,1.1547005383792515,"[6309, 2904, 5765, 8795]","[0.0, 2.0, 2.0, 0.0]"
12700,"Girls like her should have their vagina ripped off, sealed in a chest, and thrown into the ocean and let it sink to the bottom.",high_disagreement,4,1.5,0.5,0.75,0.5,0.9574271077563381,"[8025, 1964, 3122, 930]","[2.0, 0.0, 1.0, 0.0]"
21087,@debbiejustdoes Exercising Black Privilege. They're only race in the world that had another race build them shit they couldn't possibly build for themselves even over the next 1000 years — FOR FREE — & then simply replace it when they get triggered & burn it. Old habits die hard. So will they,high_disagreement,4,1.5,0.5,0.75,0.5,0.9574271077563381,"[7162, 544, 8875, 5987]","[2.0, 0.0, 1.0, 0.0]"
48446,They're red because they're white,high_disagreement,3,1.584962500721156,0.6666666666666667,1.0,1.0,1.0,"[1748, 948, 5145]","[2.0, 0.0, 1.0]"
40436,Build a fucking wall and get them out! MAGA!,high_disagreement,4,1.0,0.5,1.0,1.0,1.1547005383792515,"[1287, 5313, 4636, 1985]","[0.0, 2.0, 0.0, 2.0]"
48244,"Not watching this bitch shoot shit out of her mouth, she is a foreigner who has no rights to say about our president, she can go back across the ocean and shove her country straight up her anus.",high_disagreement,5,0.9709505944546686,0.4,1.2,2.0,1.0954451150103321,"[8260, 5562, 1705, 2024, 1432]","[0.0, 0.0, 2.0, 2.0, 2.0]"
21497,"Oh, my. USA whore empire is playing with fire provoking my beloved China through using Taiwan as a tool. I don't wanna die and that's why I extremely abhor USA and UK whore empire. I desperately Jesus come back now immediately for consuming USA and UK through solar superstorm.",high_disagreement,4,1.5,0.5,0.75,0.5,0.9574271077563381,"[7359, 8677, 10261, 2980]","[1.0, 0.0, 0.0, 2.0]"
42015,These 4 women have the most punchable faces ever. Especially the Muslim bitch rasheda,high_disagreement,4,1.5,0.5,1.25,1.5,0.9574271077563382,"[2979, 2221, 8925, 7162]","[2.0, 2.0, 0.0, 1.0]"
43116,Why do UK niggaz doesnt care about hair and Hairline like their US counterparts who are so obsessed? on another light note: Those who're are going to invade Area 51 make sure you bring your Uno reverse card and practice Naruto ran because you'll need it in order to dodge bullets.🙅,high_disagreement,3,1.584962500721156,0.6666666666666667,1.0,1.0,1.0,"[3228, 4169, 2747]","[1.0, 2.0, 0.0]"
18718,"Username checks out, and it's a joke autist",high_disagreement,3,1.584962500721156,0.6666666666666667,1.0,1.0,1.0,"[9048, 5030, 7423]","[2.0, 1.0, 0.0]"
21602,Bitches be MAD mad 🤣🤣,high_disagreement,4,1.0,0.5,1.0,1.0,1.1547005383792515,"[10247, 2147, 5654, 11026]","[0.0, 0.0, 2.0, 2.0]"
10013,Whiskey Tango = White Trash.,high_disagreement,3,1.584962500721156,0.6666666666666667,1.0,1.0,1.0,"[10102, 2467, 5916]","[0.0, 1.0, 2.0]"
33366,Report this tweet for making fun of people with autism . Report under abusive behaviour for targeting disable people. @TwitterSupport for once prove yourself useful We stoop so low in our hate that we disregard everything. DP says ALLAH AKBAR and I wish you had fear of ALLAH too URL,high_disagreement,4,1.5,0.5,0.75,0.5,0.9574271077563381,"[1291, 10111, 10852, 87]","[0.0, 1.0, 2.0, 0.0]"
18270,THE RUSSIANS! THE CHINESE! The Evil countries outside of the country we're bashing the shit out of that we live in!,high_disagreement,4,1.5,0.5,0.75,0.5,0.9574271077563381,"[317, 2398, 7736, 631]","[2.0, 0.0, 1.0, 0.0]"
15110,"""Locker room talk"" women complain about is simply a form of projection. When women gather together, all inhibitions go out the window. Dick size, partner count, fetishes, sex positions, whose engaged in dominatrix, how to filter out shit guys for the hot ones on dating apps.. you name it. I've never heard anything as vile in a male locker room than what I've heard female roommates and their friends talk about.",high_disagreement,4,1.5,0.5,0.75,0.5,0.9574271077563382,"[6267, 2358, 4135, 9987]","[0.0, 2.0, 0.0, 1.0]"
15526,"Those terrible gays! Saying that church people are morally corrupt and the source of evil in society! They hold pretentious rallies filled with strange costumes and rituals in their militaristic, castle like clubhouses where they spew their vile, pro gay, christian hating rhetoric. I have even heard that they force young christians to attend 'conversion camps' where they forcibly indoctrinate them into gayness!",high_disagreement,4,1.0,0.5,1.0,1.0,1.1547005383792515,"[6847, 1253, 3944, 4720]","[2.0, 0.0, 2.0, 0.0]"
28554,harry styles made me the whore I'm today this was my sexual awakening there's no other explanation to my hoe behaviour URL,high_disagreement,3,1.584962500721156,0.6666666666666667,1.0,1.0,1.0,"[3162, 4553, 2194]","[1.0, 0.0, 2.0]"
45716,"stronk whamen, whose only weakness seems to be rape, because women are getting the shit raped out of them on a daily basis.",high_disagreement,4,1.0,0.5,1.0,1.0,1.1547005383792515,"[6171, 6196, 9488, 8511]","[0.0, 2.0, 2.0, 0.0]"
5055,dont be a pussy - someone has to just GET ON IT and start GOING FOR THE WIN! you want to live to 200 and be immune to diseases? better start warping some chinese genetics! or else ur in the tip with all the other mongos ill be collecting. see you in hell,high_disagreement,4,1.5,0.5,0.75,0.5,0.9574271077563381,"[8668, 1553, 5445, 4082]","[2.0, 0.0, 1.0, 0.0]"
7791,Fuck guys who spew shit at you and start sPeLlInG WORRDS ERATICally to drive home that they're totally having a breakdown and that's why they're being so mean and oh the worse I am to you the more you should feel bad for me because I'm so lonely why don't girls like me ))): slut,high_disagreement,3,1.584962500721156,0.6666666666666667,1.0,1.0,1.0,"[419, 1508, 3591]","[2.0, 0.0, 1.0]"
40998,Damn those infidels,high_disagreement,4,1.0,0.5,0.5,0.5,0.5773502691896257,"[4872, 8630, 2279, 1436]","[1.0, 1.0, 0.0, 0.0]"
47647,815000 mentally disabled manchildren.,high_disagreement,3,1.584962500721156,0.6666666666666667,1.0,1.0,1.0,"[2630, 7823, 2621]","[2.0, 1.0, 0.0]"
10673,"The whole country was stolen, and it was worked by slaves! Proud to be an American my ass.",high_disagreement,4,1.5,0.5,0.75,0.5,0.9574271077563381,"[4900, 2487, 3808, 1437]","[1.0, 0.0, 2.0, 0.0]"
43363,Y'all are gay asf women ain't shit,high_disagreement,4,1.5,0.5,1.25,1.5,0.9574271077563381,"[7265, 7813, 7130, 853]","[0.0, 1.0, 2.0, 2.0]"
18971,Lmao trash ass commies. aMeRiCaNS fAT AmURIcAn sTuPId.,high_disagreement,3,1.584962500721156,0.6666666666666667,1.0,1.0,1.0,"[3380, 1329, 1105]","[1.0, 2.0, 0.0]"
44876,"Migrant caravan should be shot down, I'm getting fucking tired of this shit",high_disagreement,4,1.5,0.5,0.75,0.5,0.9574271077563381,"[9385, 7265, 7813, 7130]","[0.0, 0.0, 1.0, 2.0]"
39980,"When the former Grand Wizzard of the KKK is on your side & the director of the FBI is NOT. Christopher Wray 7/23/19 ""A majority of the domestic terrorism cases that we've investigated are motivated by some version of what you might call white supremacist violence."" URL",high_disagreement,4,1.0,0.5,1.0,1.0,1.1547005383792515,"[7753, 7972, 5070, 3317]","[0.0, 2.0, 0.0, 2.0]"
23449,@ThePhillDawes The only thing relevant about her anymore is her vajazzle. Prehistoric old cunt,high_disagreement,3,1.584962500721156,0.6666666666666667,1.0,1.0,1.0,"[1948, 8466, 10060]","[0.0, 1.0, 2.0]"
34180,"@Speech7x7 Unhinged Muslims totally out of control. They all need to be deported back to Middle East, the borders needs to be sealed, so they never get out of their homeland. Let them kill each other. The world will better place .",high_disagreement,4,1.0,0.5,0.5,0.5,0.5773502691896257,"[6198, 10236, 93, 1768]","[0.0, 1.0, 0.0, 1.0]"
14549,Arrest them at the border and put them in cages.,high_disagreement,4,1.5,0.5,0.75,0.5,0.9574271077563381,"[1408, 10181, 9861, 6581]","[1.0, 0.0, 2.0, 0.0]"
45986,"Typical Iranian bullshit. Plan failed, blame imperialists. They probably got a call from Putin saying 'you did what?', 'oh no you didn't try that'. 'You know what happens now if you start a fight in international waters?' 'We can't help you'.",high_disagreement,4,1.5,0.5,0.75,0.5,0.9574271077563381,"[10156, 4917, 4904, 3609]","[0.0, 1.0, 0.0, 2.0]"
47152,That white kid is retarded and annoying,high_disagreement,3,1.584962500721156,0.6666666666666667,1.0,1.0,1.0,"[8514, 10962, 773]","[1.0, 0.0, 2.0]"
19480,"Wait, people think you're gay if you recycle??? brb, emptying my recycling bin into the trash",high_disagreement,4,1.5,0.5,0.75,0.5,0.9574271077563381,"[472, 83, 5886, 1744]","[0.0, 0.0, 1.0, 2.0]"
17068,Except for women. Because they're too dumb duh,high_disagreement,4,1.0,0.5,1.0,1.0,1.1547005383792515,"[4119, 905, 2859, 359]","[0.0, 2.0, 0.0, 2.0]"
4320,> Men seem to be like these brick walls where they will initiate things but stop short of progressing passed the hey let's go for a drink Because they're pussies or they just aren't that into you.,high_disagreement,3,1.584962500721156,0.6666666666666667,1.0,1.0,1.0,"[7221, 2233, 4382]","[2.0, 0.0, 1.0]"
43821,Just hit all of irans military,high_disagreement,4,1.0,0.5,1.0,1.0,1.1547005383792515,"[3458, 4134, 8175, 3097]","[2.0, 0.0, 0.0, 2.0]"
3936,Even I couldn't care less. Fuck Prides. Just live your lives without making a fool out of yourselves. Bunch of effeminate liberal whores!! A one way ticket to Saudi Arabia is what they need.,high_disagreement,3,1.584962500721156,0.6666666666666667,1.0,1.0,1.0,"[2958, 9556, 3020]","[0.0, 1.0, 2.0]"
34321,"@FrankUnlawful @ThugnificentBi3 @__roman_19 Plz the true God doesnt hate jews. Allah hates jews, Yahweh is a father, allah is not. Yahweh has a Son .allah does not. Yahweh doesnt swear by anything except his name bcuz nothing is greater than him, Allah swears by moon ,stars, mountains even pens.",high_disagreement,3,1.584962500721156,0.6666666666666667,1.0,1.0,1.0,"[1169, 1275, 2517]","[0.0, 1.0, 2.0]"
10670,"I don't know, I'm asking you what you mean by the term ""dijaspora"", precisely because of that. Pretty much the only context on which I've heard the name used in English is on the context of the Jewish dijaspora, so I asked if that's what you mean. I just have no fucking idea why you call me that, I don't speak Bulgaro-fascist xD",high_disagreement,4,1.5,0.5,0.75,0.5,0.9574271077563381,"[2067, 7544, 5640, 6916]","[1.0, 2.0, 0.0, 0.0]"
1559,"Fuck you, you autistic child, your face looks like one that needs to be punched, can you even see when you pretend to smile",high_disagreement,3,1.584962500721156,0.6666666666666667,1.0,1.0,1.0,"[8830, 3695, 200]","[1.0, 2.0, 0.0]"
42473,"lol yeah, and spend the night on the south side. I hear white men are the biggest threat to the minority community, put that statement to the test for one night lol",high_disagreement,4,1.0,0.5,0.5,0.5,0.5773502691896257,"[774, 4378, 7341, 6408]","[0.0, 1.0, 1.0, 0.0]"
45740,@texas thunder what? Are you even American? I doubt it be sure English is definitely not your first language. You are either a foreign troll or another self hating immigrant. Saludos puto.,high_disagreement,3,1.584962500721156,0.6666666666666667,1.0,1.0,1.0,"[119, 4583, 680]","[1.0, 2.0, 0.0]"
47222,they all seem pretty gay.,high_disagreement,4,1.5,0.5,0.75,0.5,0.9574271077563381,"[985, 2426, 9532, 8293]","[0.0, 2.0, 1.0, 0.0]"
5510,"""unfunny lady""? My gosh you're like such a total like racist and like misogynist. Ugh such a hitler.",high_disagreement,3,1.584962500721156,0.6666666666666667,1.0,1.0,1.0,"[2646, 5346, 185]","[1.0, 0.0, 2.0]"
35773,"The evil Alt-left/Liberals & Islamic cult have been brought together by the one overriding trait, they share a hatred for America & the UK; their belief that the U.S./UK are the very embodiment of evil on earth & consequently must be destroyed URL",high_disagreement,4,1.0,0.5,1.0,1.0,1.1547005383792515,"[9448, 9043, 1837, 8508]","[2.0, 0.0, 2.0, 0.0]"
14388,Imagine putting it back in cause youre gay,high_disagreement,4,1.0,0.5,0.5,0.5,0.5773502691896257,"[2834, 7966, 10557, 4331]","[1.0, 0.0, 1.0, 0.0]"
28317,Fuck her till she moans😩😩 soo loud like a bitch then stroke that wet pussy continuously 💦🍆🤤 URL,high_disagreement,3,1.584962500721156,0.6666666666666667,1.0,1.0,1.0,"[9706, 2414, 676]","[2.0, 0.0, 1.0]"
46031,Know who your enemies are .or the enemy of human rights and life..Wahabis and Zionists are on the same page..Death to Israel .Death to the Saudi wahabi,high_disagreement,4,1.5,0.5,1.0,1.0,0.816496580927726,"[5177, 8939, 6204, 8417]","[1.0, 1.0, 2.0, 0.0]"
49303,These crackaz will NEVER give up guns bc that is their ONLY enforcement of white supremacy..,high_disagreement,3,1.584962500721156,0.6666666666666667,1.0,1.0,1.0,"[768, 7440, 8303]","[1.0, 2.0, 0.0]"
33801,here is your dick you ass toasting fuckstick,high_disagreement,3,1.584962500721156,0.6666666666666667,1.0,1.0,1.0,"[8900, 9758, 9218]","[1.0, 2.0, 0.0]"
2585,"You're a dirty filthy disgusting slut that dresses up to make herself feel sexy when in fact you're just a dirty common little fuck whore, a cock sleeve that deserves nothing more than to have cocks shoved in every hole. Your tits are pathetic, your nipples hardly perky so god knows what state your skanky cunt will be in.",high_disagreement,4,1.5,0.5,1.0,1.0,0.816496580927726,"[6878, 4546, 10658, 1299]","[1.0, 1.0, 2.0, 0.0]"
6845,Advice is to find another girl to fuck so he's not such a desperate pussy for a crumb of attention from this broad,high_disagreement,3,1.584962500721156,0.6666666666666667,1.0,1.0,1.0,"[1410, 2066, 1226]","[1.0, 2.0, 0.0]"
16288,"""IF I FAP MY TINY WITTWE COCK WIVE ONWINE SOME HOT GIWW WIWW TOTAWWY WOVE IT"" You awe fucking mentawwy handicapped. Any, and I mean ANY dude that jewks off on wive chat sites is a wow-wife and a FUCKING STUPID FUCKING DUMBFUCK. YOU AWE NOT ATTWACTIVE YOU FUCKING NASTY ASS WANKSTAIN",high_disagreement,4,1.5,0.5,1.25,1.5,0.9574271077563381,"[680, 8377, 1251, 4042]","[2.0, 2.0, 1.0, 0.0]"
2444,You fucking garbage slut. Send me a PM if you want to be treated like the fucktoy cumdumpster you are.,high_disagreement,3,1.584962500721156,0.6666666666666667,1.0,1.0,1.0,"[205, 11105, 7566]","[0.0, 1.0, 2.0]"
2203,There are entire countries in Africa with an average IQ of 70. You'd basically be calling for the genocide of millions of people.,high_disagreement,3,1.584962500721156,0.6666666666666667,1.0,1.0,1.0,"[7851, 1260, 6690]","[2.0, 0.0, 1.0]"
17898,Remember: it's ok if God does it! The Bible could have YHWH genociding a city & condemn murder in the same passage and these mindless drones would be fine with that,high_disagreement,4,1.0,0.5,1.0,1.0,1.1547005383792515,"[10503, 1724, 9697, 3884]","[2.0, 0.0, 0.0, 2.0]"
48009,I hope justice is served on this disgusting Muslim countries in prison,high_disagreement,3,1.584962500721156,0.6666666666666667,1.0,1.0,1.0,"[5251, 989, 7238]","[2.0, 1.0, 0.0]"
6406,I doubt it'll take us that long to get rid of all the straight people.,high_disagreement,4,1.0,0.5,1.0,1.0,1.1547005383792515,"[8536, 7186, 9844, 4686]","[2.0, 0.0, 0.0, 2.0]"
12504,Intern Muslims in reeducation camp like China until they love gay sex,high_disagreement,4,1.5,0.5,1.25,1.5,0.9574271077563381,"[5992, 409, 334, 4758]","[1.0, 2.0, 2.0, 0.0]"
16023,Who gives a shit what a child rapist enabler thinks? The Pope and the rest of the catholic church has zero moral high ground on anything.,high_disagreement,4,1.0,0.5,1.0,1.0,1.1547005383792515,"[2600, 8974, 2697, 919]","[2.0, 2.0, 0.0, 0.0]"
40878,"Chemically castrate men for being gay then, castrate them now for speaking out agaianst pedophile grooming gangs. Did England just decide to play the bad guy forever?",high_disagreement,4,1.5,0.5,1.0,1.0,0.816496580927726,"[332, 3969, 10315, 7991]","[1.0, 1.0, 2.0, 0.0]"
15301,LMAO RETARD. U are dum as fuq. Be a negro and suk milk out my titties.,high_disagreement,4,1.5,0.5,1.25,1.5,0.9574271077563382,"[9462, 2956, 8032, 8287]","[2.0, 2.0, 0.0, 1.0]"
37962,"@RizwanK05397590 @Arbazkhanpatan @geertwilderspvv @YRDeshmukh Ok MR refugee Endian hindu will fuck your Muslim sis and mother and you will be silent but we will not silent we will as from himdu cow urine drinker about Kashmiri ,khalistan,and endian muslims",high_disagreement,4,1.5,0.5,1.25,1.5,0.9574271077563382,"[249, 3435, 4489, 5720]","[2.0, 2.0, 0.0, 1.0]"
13811,"Men are delusional. If he pays well, pretend that he's the only one you're seeing. Make him wear a condom though sis EVERY TIME. Be a bigger clown than him. 🤡",high_disagreement,3,1.584962500721156,0.6666666666666667,1.0,1.0,1.0,"[3696, 338, 2393]","[1.0, 2.0, 0.0]"
46577,"Thank you Mr. President! God Bless you! Yes, you should live in fear! Deport them all!",high_disagreement,3,1.584962500721156,0.6666666666666667,1.0,1.0,1.0,"[1730, 703, 4093]","[0.0, 1.0, 2.0]"
45279,America is a country full of degenerates.,high_disagreement,5,0.9709505944546686,0.4,1.2,2.0,1.0954451150103321,"[5272, 291, 9434, 9312, 6889]","[0.0, 2.0, 0.0, 2.0, 2.0]"
2570,only fags play for paint cans,high_disagreement,4,1.0,0.5,1.0,1.0,1.1547005383792515,"[243, 10339, 9330, 10877]","[0.0, 2.0, 0.0, 2.0]"
44042,She's so retarded,high_disagreement,3,1.584962500721156,0.6666666666666667,1.0,1.0,1.0,"[9097, 3517, 8719]","[2.0, 1.0, 0.0]"
23531,"@DevinNunesEgo @Franklin_Graham Go ahead. Pray. Pray for your own soul first. You all need it because you are going to hell. Actions speak louder than words. Fake Christians. Fake President. Hypocrites, all of you.",high_disagreement,4,1.5,0.5,0.75,0.5,0.9574271077563382,"[5639, 1939, 48, 2546]","[0.0, 0.0, 2.0, 1.0]"
10813,Fuck Israel and fuck religion in politics.,high_disagreement,4,1.0,0.5,1.0,1.0,1.1547005383792515,"[4773, 5545, 7858, 3442]","[2.0, 2.0, 0.0, 0.0]"
47212,all you racist motherfuckers me la pelan. latinos make america run. fuck all you lazy bitch ass white people,high_disagreement,3,1.584962500721156,0.6666666666666667,1.0,1.0,1.0,"[6480, 9962, 1980]","[1.0, 2.0, 0.0]"
24951,These bastards in sudan deserve their heads to be chopped off n the rest of the arab countries that r involved your day is coming in the akhira a3ozo billah,high_disagreement,4,1.5,0.5,0.75,0.5,0.9574271077563382,"[1973, 4617, 4471, 4030]","[0.0, 2.0, 0.0, 1.0]"
24941,"NONE of these hoes have faith in me, fck all them 😩",high_disagreement,4,1.5,0.5,0.75,0.5,0.9574271077563381,"[9089, 9366, 9386, 4021]","[0.0, 0.0, 1.0, 2.0]"
5932,#WOKE HOMOPHOBIC,high_disagreement,4,1.5,0.5,0.75,0.5,0.9574271077563381,"[2070, 8064, 3338, 8435]","[0.0, 0.0, 1.0, 2.0]"
8454,I'd deport them all to feminist shithole Sweden.,high_disagreement,3,1.584962500721156,0.6666666666666667,1.0,1.0,1.0,"[2677, 5962, 4985]","[0.0, 1.0, 2.0]"
30830,"I think imma write a song and it's gone go. My Nudes are pretty like a storm  Ringing the dudes I'm the alarm  She's a hillbilly, she's from the farm  Snatch your nigga cause this bussy is armed  Dick longer than a python  Got bitches playing teen titans😂💀",high_disagreement,4,1.5,0.5,1.0,1.0,0.816496580927726,"[9998, 151, 929, 9269]","[2.0, 1.0, 1.0, 0.0]"
48859,death to israel and british and usa,high_disagreement,4,1.0,0.5,1.0,1.0,1.1547005383792515,"[6108, 2441, 8834, 20]","[2.0, 0.0, 0.0, 2.0]"
29784,@bountytx @dale_e_ho Your immigrant ancestors must be rolling in their graves. Asswipe.,high_disagreement,3,1.584962500721156,0.6666666666666667,1.0,1.0,1.0,"[69, 88, 8249]","[0.0, 2.0, 1.0]"
726,Nice udders slut ... what about those fuck holes ?... coz whore like you is only worth her holes here,high_disagreement,4,1.0,0.5,1.0,1.0,1.1547005383792515,"[10310, 1962, 3709, 6532]","[2.0, 2.0, 0.0, 0.0]"
34731,Bitches piss me off thot ass hoes,high_disagreement,4,1.5,0.5,1.25,1.5,0.9574271077563381,"[2673, 9148, 6667, 7852]","[2.0, 2.0, 1.0, 0.0]"
38062,"This #fag @edfaggot0101 got #exposed on my xhamster site, but begged for more. So here we go. Welcome on twitter. #edfaggt010 You can find more of him here: URL URL",high_disagreement,4,1.0,0.5,1.5,1.5,0.5773502691896257,"[496, 4732, 3929, 7353]","[2.0, 1.0, 2.0, 1.0]"
12982,I bet he had shit on his dick from your dirty wh--i--te ass. You disgusting piece of wh--i--te shit.,high_disagreement,3,1.584962500721156,0.6666666666666667,1.0,1.0,1.0,"[8237, 7262, 8892]","[2.0, 0.0, 1.0]"
50053,"couldn't have analyzed it any better. These 'christians' are phoney, garbage and deserve the devil.",high_disagreement,5,1.5219280948873621,0.6,0.8,1.0,0.8366600265340756,"[6997, 347, 2065, 8979, 5834]","[2.0, 1.0, 0.0, 0.0, 1.0]"
31212,"""Fuck a ay-rab"" ""congratulations You own oils in the pakistans bitch"" 😂😂😂 american beyond dumb URL",high_disagreement,4,1.0,0.5,1.0,1.0,1.1547005383792515,"[5353, 8870, 10739, 10331]","[0.0, 0.0, 2.0, 2.0]"
45588,I guess. Ana Kasparian doesn't want to have baby. Because she is radical feminist American women. They are very selfish.,high_disagreement,4,1.5,0.5,0.75,0.5,0.9574271077563382,"[8660, 2870, 9754, 6269]","[0.0, 2.0, 0.0, 1.0]"
3200,Black peple are not cool they need to work,high_disagreement,3,1.584962500721156,0.6666666666666667,1.0,1.0,1.0,"[9842, 621, 10390]","[0.0, 1.0, 2.0]"
25796,"@Ani_Chakravarty @ANINewsUP Her private parts were burned/mutilated for this purpose only, so that rape can't be proved. Even if rape can't be proved, gouging out of eyes, chopping off of hands should not be talked about, right? Muslims might get scared, secularism will be destroyed?",high_disagreement,4,1.0,0.5,0.5,0.5,0.5773502691896257,"[3580, 1140, 8352, 1339]","[0.0, 1.0, 1.0, 0.0]"
13675,The only thing good about an MLB fight is watching old white dudes go apeshit.,high_disagreement,4,1.5,0.5,0.75,0.5,0.9574271077563381,"[10245, 5426, 4351, 8813]","[0.0, 0.0, 1.0, 2.0]"
38698,Gloryhole cocksucker swallows every drop of his cum! URL,high_disagreement,4,1.5,0.5,0.75,0.5,0.9574271077563381,"[4930, 4670, 9626, 7945]","[0.0, 0.0, 1.0, 2.0]"
37235,i eat child specifically gay child because i hate gay people,high_disagreement,3,1.584962500721156,0.6666666666666667,1.0,1.0,1.0,"[3322, 8519, 8198]","[2.0, 0.0, 1.0]"
32253,@ConservaMomUSA Then go back to where ever you came from and protect & defend your community there and to please Allah & only Allah! Your Allah is none other than the devil himself! Y'all are nothing but a bunch of shit eating dogs anyway!,high_disagreement,4,1.5,0.5,1.25,1.5,0.9574271077563382,"[669, 6273, 4687, 6080]","[2.0, 0.0, 2.0, 1.0]"
23698,🔥Kuwaiti Researcher Dr. Fahd Al-Shelaimi: The Muslim Brotherhood Is a Terrorist Organization 🔥Muslim Religion is not peaceful and now what's to try and conquer USA 🔥Retweet if you agree URL,high_disagreement,3,1.584962500721156,0.6666666666666667,1.0,1.0,1.0,"[883, 568, 9521]","[0.0, 2.0, 1.0]"
5331,Fuck outta here with that religion shit. Go make your propaganda somewhere else you dumb fucking brainwashed piece of shit!,high_disagreement,4,1.0,0.5,1.0,1.0,1.1547005383792515,"[5323, 2576, 3105, 4884]","[0.0, 2.0, 0.0, 2.0]"
49533,To keep your 3rd world dicease and filth outta usa,high_disagreement,4,1.0,0.5,1.0,1.0,1.1547005383792515,"[3850, 7529, 180, 6534]","[2.0, 2.0, 0.0, 0.0]"
31854,"PEACE OF ADVICE: Whilst condemning homosexuals, please do it with decorum. Do not resort to insults, humiliations, embarassments etc. Some of those people belong to occultic fraternities and they may just decide to hypnotize you into joining them or hurt u.  #ArewaAgainstLGBTQ",high_disagreement,3,1.584962500721156,0.6666666666666667,1.0,1.0,1.0,"[1658, 3033, 2486]","[2.0, 0.0, 1.0]"
29624,@2xinternet @IauToro @minatracks Fuck off you stupid gook cunt,high_disagreement,3,1.584962500721156,0.6666666666666667,1.0,1.0,1.0,"[2910, 4044, 10708]","[2.0, 0.0, 1.0]"
27542,This is what the black man is used for nowadays? Breeding like a fucking animal you bitches disgust me 🤮🤮🤮,high_disagreement,4,1.5,0.5,1.25,1.5,0.9574271077563381,"[863, 3139, 10471, 1345]","[0.0, 1.0, 2.0, 2.0]"
48707,NATO is a terrorist groups. They are kill our muslim pepole.hate Nato! hate America!.thanks Turkey pepole,high_disagreement,4,1.0,0.5,1.0,1.0,1.1547005383792515,"[5323, 2576, 3105, 4884]","[0.0, 0.0, 2.0, 2.0]"
44222,If they weren't trannys I would agree.,high_disagreement,4,1.5,0.5,0.75,0.5,0.9574271077563381,"[6358, 7945, 3431, 9620]","[0.0, 1.0, 2.0, 0.0]"
32088,This freaking rascal won't write names if miscreants but quote history to cover up Hindu terrorism. URL,high_disagreement,3,1.584962500721156,0.6666666666666667,1.0,1.0,1.0,"[8976, 7348, 11099]","[2.0, 1.0, 0.0]"
44893,that fag is gonna cut hit hand off soon,high_disagreement,4,1.5,0.5,1.25,1.5,0.9574271077563381,"[2237, 6458, 7615, 923]","[2.0, 1.0, 2.0, 0.0]"
24961,I have no luck with niggas ima just be gay 😂 fuck it,high_disagreement,4,1.0,0.5,1.0,1.0,1.1547005383792515,"[3782, 5542, 10478, 7670]","[2.0, 0.0, 2.0, 0.0]"
888,No Canadians wtf... you racist fuck go die in a hole... stupid bitch,high_disagreement,4,1.0,0.5,1.0,1.0,1.1547005383792515,"[6691, 1028, 6749, 3863]","[2.0, 0.0, 2.0, 0.0]"
47632,"@Kristi Marie u r right, her being a woman has nothing to do with her terrible decisions. However, i am sticking to my bigotted statement on white and old jus as they stick to their hatred of people of color",high_disagreement,3,1.584962500721156,0.6666666666666667,1.0,1.0,1.0,"[8059, 8317, 8652]","[1.0, 2.0, 0.0]"
42025,Hey tucker I agree with some of your policies but your getting close with the Christian right rise up my black and white Christian brothers and start assassinating,high_disagreement,4,1.5,0.5,0.75,0.5,0.9574271077563381,"[10861, 45, 3065, 9559]","[0.0, 2.0, 1.0, 0.0]"
20216,"FEMINISTS | That message all good in 2019 UK? Ahh sorry, Trump said pussy 15 years ago. My bad. As you were. URL",high_disagreement,4,1.0,0.5,1.0,1.0,1.1547005383792515,"[3734, 1137, 3446, 2429]","[2.0, 2.0, 0.0, 0.0]"
6523,Love the way this cumslut furious rubs her clit when getting pounded...,high_disagreement,4,1.0,0.5,1.0,1.0,1.1547005383792515,"[4535, 3620, 5148, 7800]","[0.0, 2.0, 2.0, 0.0]"
27940,It's only Jews that do that,high_disagreement,3,1.584962500721156,0.6666666666666667,1.0,1.0,1.0,"[6804, 5162, 9228]","[0.0, 2.0, 1.0]"
11593,Christians are retards,high_disagreement,3,1.584962500721156,0.6666666666666667,1.0,1.0,1.0,"[9420, 1918, 5758]","[1.0, 0.0, 2.0]"
5899,The errors are the way you think you homophobic piece of crap,high_disagreement,4,1.5,0.5,1.25,1.5,0.9574271077563381,"[7892, 10657, 1038, 11027]","[1.0, 2.0, 0.0, 2.0]"
25627,@playboicarlsin1 Stupid ass white boy go back to school and shoot something,high_disagreement,3,1.584962500721156,0.6666666666666667,1.0,1.0,1.0,"[10002, 8510, 3876]","[0.0, 2.0, 1.0]"
41130,Squishy Potato I hope you fucking die you racist white piece of shit,high_disagreement,3,1.584962500721156,0.6666666666666667,1.0,1.0,1.0,"[6104, 1725, 3914]","[0.0, 2.0, 1.0]"
41542,India has won 1983 and 2011 world cup you dumbass kid,high_disagreement,4,1.5,0.5,1.25,1.5,0.9574271077563381,"[8502, 2724, 10201, 10834]","[2.0, 2.0, 1.0, 0.0]"
1449,"good lord that last comment ""i've noticed that it's mostly brown people working shitty service jobs, when i visit these cities with an extremely high cost of living. the only logical conclusion i can reach is that there is some kind of terrorist plot going on""",high_disagreement,4,1.5,0.5,0.75,0.5,0.9574271077563381,"[7446, 5718, 6857, 6018]","[1.0, 2.0, 0.0, 0.0]"
7445,Hahahahahaha YES! I hope he's permanently disabled for life the fucking cunt.,high_disagreement,4,1.5,0.5,0.75,0.5,0.9574271077563381,"[4434, 3017, 4857, 1317]","[1.0, 0.0, 2.0, 0.0]"
41691,Muslims go home back to your desert not wanted in Europe,high_disagreement,3,1.584962500721156,0.6666666666666667,1.0,1.0,1.0,"[8029, 4960, 9211]","[1.0, 2.0, 0.0]"
11661,NO PUSSY NO OPINION KILL ALL MEN FUCK THE PATRIARCHY ALLAHU AKBAR,high_disagreement,4,1.0,0.5,1.0,1.0,1.1547005383792515,"[4714, 6251, 4163, 2307]","[2.0, 0.0, 2.0, 0.0]"
42620,The person to blame for these murders and acts of violence toward our community his name is the irritated Genie he has a YouTube platform key Associates the LGBT with being pedophiles he has a phrase that he uses he says homophile he's going to Africa like places like Tanzania to spread his rhetoric and he's getting people killed he can be charged with these crimes it's called conspiracy I think,high_disagreement,3,1.584962500721156,0.6666666666666667,1.0,1.0,1.0,"[7595, 3498, 7539]","[0.0, 1.0, 2.0]"
6085,"Fucking bitches just want someone to boss around. Be it a child or a partner. Goddamn, the fucking nerve! The ego! Fuck!!",high_disagreement,3,1.584962500721156,0.6666666666666667,1.0,1.0,1.0,"[1469, 5562, 1705]","[1.0, 0.0, 2.0]"
36625,@Mr138Tats 10000% bitch even turned around to show her booty.,high_disagreement,3,1.584962500721156,0.6666666666666667,1.0,1.0,1.0,"[7332, 8497, 10553]","[0.0, 1.0, 2.0]"
38130,"Women really should shoot their shot more often. Why wait for a ngga to pick you, pick that ngga sis.",high_disagreement,4,1.0,0.5,0.5,0.5,0.5773502691896257,"[9382, 7932, 8545, 253]","[1.0, 1.0, 0.0, 0.0]"
26429,"Hoes come and go, them real bitches stay down",high_disagreement,4,1.0,0.5,1.0,1.0,1.1547005383792515,"[2819, 3261, 1504, 123]","[0.0, 0.0, 2.0, 2.0]"
1903,"I was told there would be storm troops in the streets by now to get the gays, the minorities, and all other non-Republicans, the sky would be gray, the world would be nuked, the world would be conquered, we would be conquered, and that Bernie can still win. WTF HAPPENED",high_disagreement,4,1.5,0.5,0.75,0.5,0.9574271077563381,"[8806, 3281, 3016, 9794]","[2.0, 0.0, 1.0, 0.0]"
37415,"@ChurchofSatan @Millie__Weaver @JagermeisterUSA So of you love satan, go rape little girls, Drink blood and consume Andrechrome. Torture children like satanists and moloch worshippers do. And then when your done you kill them drain thier blood- drug of choice. That is what the name satan Stands for. Enjoy being lumped together",high_disagreement,3,1.584962500721156,0.6666666666666667,1.0,1.0,1.0,"[2586, 706, 4620]","[1.0, 2.0, 0.0]"
19965,Unless they are from shit hole countries right?,high_disagreement,3,1.584962500721156,0.6666666666666667,1.0,1.0,1.0,"[2140, 1441, 6268]","[1.0, 0.0, 2.0]"
9398,fuck this slut,high_disagreement,3,1.584962500721156,0.6666666666666667,1.0,1.0,1.0,"[2912, 10615, 6795]","[0.0, 2.0, 1.0]"
24174,@seanhannity This is one woman that needs to be removed from office. She is going down the same road as the 2 others. Muslim or bust. I'd say bust their asses out of Congress.,high_disagreement,4,1.5,0.5,0.75,0.5,0.9574271077563381,"[5812, 2149, 8871, 5342]","[1.0, 2.0, 0.0, 0.0]"
41245,The *jew* is doing this via frequencies. July 4th weekend - I knew something would 'occur'.,high_disagreement,4,1.5,0.5,0.75,0.5,0.9574271077563381,"[3845, 7804, 364, 8411]","[2.0, 0.0, 1.0, 0.0]"
44565,Deport every single JUAN!! Take ur taco 🌮 and go home 🏠,high_disagreement,4,1.0,0.5,1.0,1.0,1.1547005383792515,"[7326, 5997, 10570, 6123]","[0.0, 2.0, 0.0, 2.0]"
48639,There's millions of illegals in the USA there's no way you could Deport all of them,high_disagreement,4,1.5,0.5,0.75,0.5,0.9574271077563381,"[7516, 3035, 2139, 10174]","[0.0, 1.0, 0.0, 2.0]"
44907,He's a Jew so I'm sure he'll be protected.,high_disagreement,4,1.0,0.5,0.5,0.5,0.5773502691896257,"[8342, 3734, 1137, 3446]","[1.0, 1.0, 0.0, 0.0]"
18165,"Another braindead mexican making excuses because he sucks at the game. Wow, insulting anericans is cool and all but say one word about mexicans and youre immediately a racist. Shut the fuck up mexicano and play another game",high_disagreement,4,1.0,0.5,1.0,1.0,1.1547005383792515,"[9088, 3941, 2357, 9660]","[0.0, 2.0, 0.0, 2.0]"
3917,"Just remember that islams highest moral authourity, their version of Jesus, is a terrorist scumbag who raped and beat a 9 year old child. Their moral center in our society would be considered the lowest form of shit possible and would be ass raped every night in our prisons for being such a lowly little maggot.",high_disagreement,4,1.0,0.5,1.0,1.0,1.1547005383792515,"[7263, 9770, 8151, 922]","[0.0, 2.0, 2.0, 0.0]"
44128,If I was president of the united states I would have dropped a bomb on the Saudi embassy and killed everybody in it. These people are sick fucks....and we would be at war with the Saudi's right now. Cowards in washington.,high_disagreement,4,1.0,0.5,1.0,1.0,1.1547005383792515,"[6761, 5064, 7013, 5465]","[0.0, 2.0, 0.0, 2.0]"
42622,"We must remove this cancer that the USA and British Zionists planted on top of Palestine because this Israel is the biggest threat to Europe ever to exist! I just hope Europe honours its citizens by kicking the ass of the USA, and never have any business with it. Death to Israel and all its zionists!",high_disagreement,3,1.584962500721156,0.6666666666666667,1.0,1.0,1.0,"[4678, 5832, 6811]","[2.0, 0.0, 1.0]"
43284,Looks like a white persons fruit salad,high_disagreement,4,1.5,0.5,0.75,0.5,0.9574271077563381,"[2560, 3066, 1254, 10622]","[0.0, 0.0, 1.0, 2.0]"
34355,"Yes Sir Mr. President @realDonaldTrump , And next the filthy anti Christian criminals in Washington are going to want to sanction countries that don't let homosexuals dance in the city streets in front of their children. URL",high_disagreement,3,1.584962500721156,0.6666666666666667,1.0,1.0,1.0,"[10822, 2702, 723]","[0.0, 2.0, 1.0]"
25732,@derftron @BriOnAir @LenaWaithe @cthagod And hire gay black women who are better equipped to handle harassment claims??? That stinks and she should be sued for discrimination.,high_disagreement,4,1.5,0.5,0.75,0.5,0.9574271077563382,"[4401, 4280, 4112, 1279]","[0.0, 2.0, 0.0, 1.0]"
46495,"""We people around the world do a petition to quarantine US of America white people..."" The shooter was black, moron.",high_disagreement,4,1.0,0.5,1.0,1.0,1.1547005383792515,"[739, 9416, 2583, 2614]","[2.0, 0.0, 0.0, 2.0]"
41351,North indians are the dumbset citizen who are going to be slaves,high_disagreement,4,1.0,0.5,1.0,1.0,1.1547005383792515,"[7413, 6424, 8475, 2813]","[0.0, 0.0, 2.0, 2.0]"
46633,In the Muslim religion can a woman marry her brother?,high_disagreement,3,1.584962500721156,0.6666666666666667,1.0,1.0,1.0,"[7141, 7229, 7388]","[2.0, 1.0, 0.0]"
8305,"I know right, niggers nowadays",high_disagreement,3,1.584962500721156,0.6666666666666667,1.0,1.0,1.0,"[7142, 8271, 1592]","[1.0, 2.0, 0.0]"
49687,Offset surrounded by gay niggas. Haha #offserforpridepresident,high_disagreement,4,1.5,0.5,1.25,1.5,0.9574271077563381,"[4028, 1027, 620, 4549]","[0.0, 1.0, 2.0, 2.0]"
14704,"Coming from a dude here, those people arent men, they're cunts. Same with the women who do this. Cunts too.",high_disagreement,4,1.5,0.5,0.75,0.5,0.9574271077563381,"[6831, 3147, 5579, 10541]","[0.0, 0.0, 1.0, 2.0]"
11132,Fuck feminists they should all die,high_disagreement,3,1.584962500721156,0.6666666666666667,1.0,1.0,1.0,"[8802, 5350, 4633]","[1.0, 2.0, 0.0]"
45619,until the next israhell bombs,high_disagreement,4,1.5,0.5,0.75,0.5,0.9574271077563381,"[2054, 301, 8775, 3175]","[0.0, 1.0, 2.0, 0.0]"
38168,"WAKE UP AMERICA! This is coming from a Member of Congress! ""Israel has hypnotized the world; may Allah awaken the people and see the evil doings of Israel."" ~ Ilhan Omar The Democrats refuse to denounce this Ant¡-Sem¡t¡c rhetoric! 🚶‍♂️WALK AWAY🚶‍♀️JEXODUS I Stand With Israel 🇮🇱 URL",high_disagreement,3,1.584962500721156,0.6666666666666667,1.0,1.0,1.0,"[4141, 6006, 1889]","[2.0, 0.0, 1.0]"
18483,You Indian go back to your shitty subs and let these bakrichods live alone.,high_disagreement,3,1.584962500721156,0.6666666666666667,1.0,1.0,1.0,"[178, 6270, 8385]","[2.0, 0.0, 1.0]"
32069,Gals have one weird nigga trip over them and boom they head big up. Gee,high_disagreement,4,1.0,0.5,1.0,1.0,1.1547005383792515,"[3836, 2073, 7199, 6105]","[2.0, 0.0, 0.0, 2.0]"
45010,Hell yeah put a tariff on those chillie coking pepper bellies. All hail Trump boss of bosses 👍 Down with Islam 👇,high_disagreement,4,1.5,0.5,1.25,1.5,0.9574271077563381,"[7470, 958, 6459, 4861]","[2.0, 1.0, 0.0, 2.0]"
45253,7/16/19....Illegal immigrants DON'T HAVE TO OPEN THE DOOR? WRLL HOW MANY ICE AGENTS WILL GET HURT? EVERY HURT/KILLED ICE AGENT SHOULD CAUSE HUGE LAW SUIT AGAINST SANCTUARY CITIES + MAYORS + POLICE + ANYBIDY WHO STANDS IN THE WAY & STOPS ICE FROM DOING THEIR DUTY/JOB! TRUMP DEPORT ALL THOSE WELFARE/ILLEGAL IMMIGRANTS! BUILD THE WALL + MAKE IT TALL! DEPORT ILLEGALS & CRIMINAL IMMIGRANTS! MAKE AMERICA + AMERICANS SAFE AGAIN!,high_disagreement,3,1.584962500721156,0.6666666666666667,1.0,1.0,1.0,"[9619, 8746, 2196]","[2.0, 0.0, 1.0]"
45084,You next on the list you and your people eating our dogs and cats. You are an asian living in america you will never be an American.,high_disagreement,4,1.0,0.5,1.0,1.0,1.1547005383792515,"[2844, 2229, 2250, 7192]","[0.0, 0.0, 2.0, 2.0]"
30825,@ik24600 @u_wot_cunt @lingalababe Ask allah and ur pedophile prophet. Wait nvm they'd ask u to murder me.,high_disagreement,4,1.5,0.5,1.25,1.5,0.9574271077563381,"[1981, 5186, 1046, 1676]","[2.0, 0.0, 1.0, 2.0]"
32961,Twitter really be setting a nigga up,high_disagreement,4,1.0,0.5,1.0,1.0,1.1547005383792515,"[9178, 2940, 1070, 9849]","[0.0, 0.0, 2.0, 2.0]"
12617,"I'd fuck you every which way I'd fuck a real girl, let you get dicked down like a slutty girl by some straight dick.",high_disagreement,4,1.5,0.5,1.25,1.5,0.9574271077563381,"[1716, 7053, 8216, 6516]","[2.0, 2.0, 1.0, 0.0]"
10573,"You dumb whore, put the baby up for adoption. If you don't want children, then don't have sex.",high_disagreement,4,1.0,0.5,1.0,1.0,1.1547005383792515,"[7138, 10629, 7237, 7294]","[0.0, 2.0, 2.0, 0.0]"
11994,Indian women deserve all the rape and female infanticide they get from Muslims in India,high_disagreement,3,1.584962500721156,0.6666666666666667,1.0,1.0,1.0,"[8998, 5185, 6629]","[2.0, 1.0, 0.0]"
39354,women are the house niggers on the society plantation,high_disagreement,4,1.0,0.5,1.0,1.0,1.1547005383792515,"[3350, 11102, 3798, 300]","[0.0, 2.0, 2.0, 0.0]"
2187,"I'm just asking you about the words you claimed are fruity and gay, and how they're fruity and gay. You have not yet answered that question. I'm starting to believe you can't.",high_disagreement,3,1.584962500721156,0.6666666666666667,1.0,1.0,1.0,"[8858, 3812, 5566]","[0.0, 1.0, 2.0]"
34571,If you drug her in other to make her feel honey so you can bang her. You're a rapist,high_disagreement,3,1.584962500721156,0.6666666666666667,1.0,1.0,1.0,"[864, 9695, 366]","[0.0, 1.0, 2.0]"
25043,"you could beat a bitch ass, ignore a bitch, block a bitch, even pray for a bitch & these bitches still gon sub and stalk you all day lol shit blows me. hoes special frfr",high_disagreement,4,1.0,0.5,1.0,1.0,1.1547005383792515,"[10993, 5729, 683, 3853]","[2.0, 2.0, 0.0, 0.0]"
10008,France destroying their country with immigrants and ignoring it,high_disagreement,3,1.584962500721156,0.6666666666666667,1.0,1.0,1.0,"[5270, 2728, 2554]","[0.0, 2.0, 1.0]"
43872,Ainz Ooal Pwn 229 yup 150 years after slavery was outlawed and still blacks sold other blacks into slavery what a shame,high_disagreement,4,1.0,0.5,0.5,0.5,0.5773502691896257,"[8017, 3039, 2677, 5962]","[0.0, 1.0, 0.0, 1.0]"
14367,"Fuck off and die, thot",high_disagreement,4,1.5,0.5,1.25,1.5,0.9574271077563382,"[6841, 3580, 1140, 8352]","[0.0, 2.0, 2.0, 1.0]"
48913,You spelled women wrong. Women* and buttpumpers are getting reconfigured to be more attractive,high_disagreement,3,1.584962500721156,0.6666666666666667,1.0,1.0,1.0,"[7659, 8140, 4867]","[0.0, 1.0, 2.0]"
22090,Queer parade to take place in central Seoul on Saturday - Korea Times URL,high_disagreement,3,1.584962500721156,0.6666666666666667,1.0,1.0,1.0,"[8149, 2883, 1401]","[1.0, 2.0, 0.0]"
44695,Can we all agree they need to be eradicated? Honestly has roots to the religious belief that you can be forgiven for any sin....,high_disagreement,3,1.584962500721156,0.6666666666666667,1.0,1.0,1.0,"[3151, 9938, 8818]","[1.0, 0.0, 2.0]"
48756,What a stupid brainless cunt that woman,high_disagreement,4,1.5,0.5,1.25,1.5,0.9574271077563381,"[1028, 6749, 3863, 739]","[0.0, 2.0, 1.0, 2.0]"
8996,Excuse me there are Mexicans with messed up cuban flags protesting. Come deport the fuckers.,high_disagreement,3,1.584962500721156,0.6666666666666667,1.0,1.0,1.0,"[6048, 1591, 2007]","[0.0, 2.0, 1.0]"
37994,"It's really incredible that these killers can out and murder scores of people, detail that it's because of their hate for immigrants, black people, and general white supremacy ideology, and still get coddled like this. Which is convenient in looking away from the harsh truth. URL",high_disagreement,4,1.0,0.5,0.5,0.5,0.5773502691896257,"[7942, 626, 2149, 8871]","[0.0, 0.0, 1.0, 1.0]"
41270,I like Japan you twit. Let me help you that sentence . WHITE American citizens don't give a crap about Japanese citizens abducted by North Korea. The Same White Americans who voted this Orange Shit Stain as our president.,high_disagreement,4,1.0,0.5,1.0,1.0,1.1547005383792515,"[7496, 2001, 5968, 2083]","[2.0, 2.0, 0.0, 0.0]"
48365,"Female sports are a joke! Only queers watch that crap. Go make a sammich and male it right girly,",high_disagreement,4,1.0,0.5,1.0,1.0,1.1547005383792515,"[10140, 5597, 2768, 2026]","[0.0, 2.0, 0.0, 2.0]"
46567,Why black people is Democrat this is USA no somalia,high_disagreement,3,1.584962500721156,0.6666666666666667,1.0,1.0,1.0,"[1098, 9159, 3123]","[0.0, 2.0, 1.0]"
13093,"I'd love to see her forced to suck off fat, smelly men at a glory hole. And make her cum first to ensure there is no pleasure! She'll be gagging on all that slime and begging to stop.",high_disagreement,4,1.5,0.5,1.25,1.5,0.9574271077563382,"[1095, 5038, 851, 2532]","[0.0, 2.0, 2.0, 1.0]"
36042,i hate a ratchet bitch with clean pussy,high_disagreement,3,1.584962500721156,0.6666666666666667,1.0,1.0,1.0,"[7124, 624, 8738]","[2.0, 1.0, 0.0]"
11289,"Any way to remove you from the gene pool is a good way, cunt 👋",high_disagreement,3,1.584962500721156,0.6666666666666667,1.0,1.0,1.0,"[9012, 2921, 7536]","[2.0, 0.0, 1.0]"
17155,What an asshole. This religion is evil.,high_disagreement,4,1.0,0.5,0.5,0.5,0.5773502691896257,"[7020, 161, 3464, 3191]","[1.0, 0.0, 0.0, 1.0]"
15979,"If white man so bad, maybe they can go back to living in teepees and not bothering with the white man's electricity, never mind his guns and steel traps. Oh, and no going to the grocery store, either, if you want to feel the ""need"" to kill wild animals for food, rather than just eating domestic livestock like a civilized human. Greedy fucks. Not everything needs to go down filthy human gullets.",high_disagreement,4,1.0,0.5,1.0,1.0,1.1547005383792515,"[6576, 8398, 6152, 234]","[2.0, 0.0, 0.0, 2.0]"
22603,Once a white wife experiences a Black Cock.she will be converted into a BLACK COCK only slut. A white male will never be able to satisfy her again. #blackcockonly #blackcockaddicted #blackcocklove URL,high_disagreement,3,1.584962500721156,0.6666666666666667,1.0,1.0,1.0,"[8510, 3876, 10306]","[2.0, 0.0, 1.0]"
8088,"I wonder what Barndance whispered. My guesses are: ""Sucked all the diiiiicks"" ""What the fuuuuuck?"" ""Chingchingching"" ""He was Asian as SHIT!""",high_disagreement,4,1.5,0.5,1.0,1.0,0.816496580927726,"[1930, 1639, 3401, 3762]","[2.0, 1.0, 0.0, 1.0]"
23919,"Ion give a fuck about no bitch , and don't no bitch need to give a fuck about me . 🤷🏽‍♀️",high_disagreement,3,1.584962500721156,0.6666666666666667,1.0,1.0,1.0,"[11011, 10126, 6828]","[0.0, 1.0, 2.0]"
7604,The /b/tard pisses on you white fanatics and the diseased inbred cumstains like you. Glad you're being replaced whore 😉,high_disagreement,4,1.0,0.5,1.5,1.5,0.5773502691896257,"[6749, 3863, 739, 9416]","[2.0, 1.0, 2.0, 1.0]"
48958,Lame game bro. U sound like a bitch boy whos balls havent droped.,high_disagreement,4,1.5,0.5,1.0,1.0,0.816496580927726,"[8819, 2190, 1766, 10141]","[2.0, 1.0, 1.0, 0.0]"
9041,Do you talk like this all this time? In real life? You call me retarded but you may literally have Aspergers.,high_disagreement,3,1.584962500721156,0.6666666666666667,1.0,1.0,1.0,"[314, 11071, 10824]","[1.0, 2.0, 0.0]"
28484,"Bitches is mad, Bitches is trash",high_disagreement,4,1.0,0.5,1.0,1.0,1.1547005383792515,"[207, 8699, 6396, 2623]","[2.0, 0.0, 2.0, 0.0]"
25231,Please let me be your cock sucking little bimbo whore? #Slut #FaceFuck #BlowJob URL,high_disagreement,4,1.0,0.5,1.5,1.5,0.5773502691896257,"[4135, 9987, 6556, 2988]","[2.0, 1.0, 2.0, 1.0]"
21083,bitches are so grimy like y'all disgust me,high_disagreement,4,1.5,0.5,0.75,0.5,0.9574271077563381,"[1408, 10181, 9861, 6581]","[1.0, 0.0, 0.0, 2.0]"
12828,Asian women are so toxic. Just wait till they get their claws in you.,high_disagreement,4,1.5,0.5,0.75,0.5,0.9574271077563381,"[11091, 520, 6905, 9070]","[0.0, 1.0, 0.0, 2.0]"
2414,"Everything you are already doing, but gayer.",high_disagreement,4,1.0,0.5,0.5,0.5,0.5773502691896257,"[2785, 7000, 6165, 10481]","[1.0, 0.0, 1.0, 0.0]"
11354,"Because ""Jews greedy and bad"" and [Insert ""the Holocaust never happened"" here]",high_disagreement,4,1.0,0.5,1.0,1.0,1.1547005383792515,"[1130, 5410, 5277, 2167]","[0.0, 2.0, 0.0, 2.0]"
7988,"Yes, yes, of course. Death to all Jews, right guys?",high_disagreement,3,1.584962500721156,0.6666666666666667,1.0,1.0,1.0,"[3688, 2971, 5702]","[1.0, 0.0, 2.0]"
1645,Dump the nigga,high_disagreement,3,1.584962500721156,0.6666666666666667,1.0,1.0,1.0,"[7676, 7911, 5167]","[0.0, 2.0, 1.0]"
11173,Man fucks jewish peeps with hot gas,high_disagreement,3,1.584962500721156,0.6666666666666667,1.0,1.0,1.0,"[10485, 3985, 1799]","[2.0, 1.0, 0.0]"
9254,Called a joke you fuckin mongoloid,high_disagreement,4,1.0,0.5,1.5,1.5,0.5773502691896257,"[4712, 6392, 2708, 3125]","[1.0, 2.0, 2.0, 1.0]"
26532,I can tell when a bitch is fake gay and it's so annoying,high_disagreement,4,1.5,0.5,0.75,0.5,0.9574271077563381,"[4527, 7140, 5939, 10839]","[0.0, 2.0, 1.0, 0.0]"
37233,"If we do indeed have gaps in our employment, we have a whole work force sat on their backsides in Prison, get them picking fruit and veg at least 25 hours a week, give them a work ethic. we do not need unskilled criminal migrants over here, URL",high_disagreement,4,1.0,0.5,1.0,1.0,1.1547005383792515,"[7900, 8903, 5713, 75]","[0.0, 2.0, 0.0, 2.0]"
25483,I'll rather cut her off cus niggas kill bout hoes,high_disagreement,4,1.0,0.5,1.0,1.0,1.1547005383792515,"[253, 7632, 1127, 6285]","[0.0, 0.0, 2.0, 2.0]"
24746,"In case y'all forgot, last time yall had an opinion we told you to get fucked and we proceeded to kick your ass back in 1776. Y'all keep fuckin round it's bound to happen again with your fairy ass. Worry about takin your Syrian refugees we will worry about America URL",high_disagreement,4,1.0,0.5,1.0,1.0,1.1547005383792515,"[4188, 3938, 9391, 7343]","[2.0, 0.0, 0.0, 2.0]"
16347,What's the difference between a Jew and pizza I don't want to violently torture and murder a pizza,high_disagreement,4,1.0,0.5,1.0,1.0,1.1547005383792515,"[1447, 2674, 7556, 168]","[2.0, 0.0, 0.0, 2.0]"
37948,"Ya the prime example of an unloyal Girlfriend you, and a fuckin pussy",high_disagreement,4,1.5,0.5,0.75,0.5,0.9574271077563381,"[5433, 10076, 1809, 362]","[2.0, 1.0, 0.0, 0.0]"
37108,"i can't wait to be strapped, try me bitch i fuckin DARE YOU i'm so sick of filthy ass men",high_disagreement,4,1.0,0.5,1.0,1.0,1.1547005383792515,"[5442, 5659, 4016, 4563]","[0.0, 0.0, 2.0, 2.0]"
40044,filthy ass bitch,high_disagreement,4,1.0,0.5,1.0,1.0,1.1547005383792515,"[6619, 2671, 2920, 10482]","[0.0, 2.0, 2.0, 0.0]"
40204,"You are the reason people call blacks "" Niger"". Got it?  How can you say like that to someone who is being degraded by the White because of mainly her skin color?",high_disagreement,3,1.584962500721156,0.6666666666666667,1.0,1.0,1.0,"[3123, 5409, 9744]","[0.0, 1.0, 2.0]"
23502,@kylegriffin1 I would shoot it down you degenerate muslim.,high_disagreement,4,1.5,0.5,1.0,1.0,0.816496580927726,"[6725, 10436, 6435, 8503]","[0.0, 2.0, 1.0, 1.0]"
43697,Fuck Donald Trump !fuck white America! Fuck white nationalism! Fuck Bullies!,high_disagreement,3,1.584962500721156,0.6666666666666667,1.0,1.0,1.0,"[7893, 2965, 1656]","[1.0, 0.0, 2.0]"
14855,"I'd like to bring 3-4 friends and gang bang her, DP her, spit roast her and pump her holes full of load after load of cum.",high_disagreement,4,1.5,0.5,0.75,0.5,0.9574271077563382,"[6786, 2629, 10428, 5096]","[0.0, 0.0, 2.0, 1.0]"
10510,Eat a dick you bunch of cucks.,high_disagreement,3,1.584962500721156,0.6666666666666667,1.0,1.0,1.0,"[3509, 7785, 5130]","[2.0, 1.0, 0.0]"
15090,FUCK CHRISTIANS! THESE DINOSAURS ARE TRYING TO TAKE AWAY WOMENS RIGHTS! These sick bastards support incest and want to punish the poor. Late term abortion.,high_disagreement,4,1.0,0.5,1.0,1.0,1.1547005383792515,"[7991, 7125, 4635, 2318]","[0.0, 2.0, 0.0, 2.0]"
15612,These Muslim Incels are the next Abu Lahab,high_disagreement,4,1.5,0.5,1.25,1.5,0.9574271077563381,"[296, 8367, 4327, 6974]","[0.0, 1.0, 2.0, 2.0]"
4524,This bitch was made to suck cock,high_disagreement,4,1.0,0.5,1.0,1.0,1.1547005383792515,"[2934, 4995, 1983, 5965]","[0.0, 2.0, 0.0, 2.0]"
29966,"I just seen dem 3 white ladies singing wit dem red hats on, bitch i hate white ppl all over again",high_disagreement,4,1.0,0.5,1.0,1.0,1.1547005383792515,"[1728, 5806, 1967, 6815]","[0.0, 2.0, 0.0, 2.0]"
44627,Her mom made sure she didnt have more kids cause one of those kids woulda came black.,high_disagreement,4,1.5,0.5,1.25,1.5,0.9574271077563381,"[328, 4797, 6129, 8913]","[2.0, 1.0, 0.0, 2.0]"
47665,No thanks. Go back to Palestine please and take all your Zionist buddies with you. Shalom✌🏼,high_disagreement,3,1.584962500721156,0.6666666666666667,1.0,1.0,1.0,"[6878, 4546, 10658]","[1.0, 0.0, 2.0]"
40336,"Burn down Christian churches then. They want war, so be jt",high_disagreement,4,1.0,0.5,1.0,1.0,1.1547005383792515,"[7790, 6077, 724, 6319]","[2.0, 0.0, 0.0, 2.0]"
12867,"Blacks back it again. Honestly I'm not even surprised, they should be sent back to ooga booga primitive Africa",high_disagreement,4,1.5,0.5,1.25,1.5,0.9574271077563381,"[8282, 6789, 8472, 1513]","[1.0, 2.0, 0.0, 2.0]"
9706,I hate minorities too,high_disagreement,3,1.584962500721156,0.6666666666666667,1.0,1.0,1.0,"[4975, 7046, 1720]","[1.0, 0.0, 2.0]"
8350,anyone that denigrates the country especially what happened on 911 can just go fuck themselves. Omar is a worthless piece of shit that should stay in the country so her worthless ass can be voted out and then deep dive into her lying ass on how she got into this country and married her brother to do so. Then lock this worthless piece of shit up.,high_disagreement,4,1.0,0.5,1.0,1.0,1.1547005383792515,"[7303, 9023, 10249, 8817]","[0.0, 2.0, 2.0, 0.0]"
5860,At US-Canada border Yeah we can't let you in sir says here in your passport that you are proper FUCKED in the head.  But... but... my gender identity. Yeah we don't pander to that fairy tale bullshit when it comes to the security of our country. If you didn't notice a real man runs this country and has a set to stand up for what is truth and what really matters. REEEEEEEEEEEEEEEEEEEEEEEEEEEEEEEEEEEEEEEEEEEEEEE,high_disagreement,5,1.5219280948873621,0.6,1.0,1.0,1.0,"[2576, 3105, 4884, 2894, 8474]","[1.0, 0.0, 2.0, 0.0, 2.0]"
30177,"You are one ugly bitch, that girl is 10x better looking than your uglyass",high_disagreement,4,1.0,0.5,1.0,1.0,1.1547005383792515,"[9964, 9943, 4524, 8886]","[2.0, 2.0, 0.0, 0.0]"
7729,I will fuck her like fucktoy and throw her to goblin after I come,high_disagreement,3,1.584962500721156,0.6666666666666667,1.0,1.0,1.0,"[9251, 3663, 4369]","[0.0, 2.0, 1.0]"
36198,Black dude fucks a tranny URL,high_disagreement,4,1.5,0.5,0.75,0.5,0.9574271077563382,"[2532, 10807, 4219, 2127]","[0.0, 0.0, 2.0, 1.0]"
30454,Striaght out da mud nigga can't fuck with fuck nigga,high_disagreement,3,1.584962500721156,0.6666666666666667,1.0,1.0,1.0,"[7507, 10763, 9817]","[2.0, 0.0, 1.0]"
33030,"Fat Xi decided that the Uighurs r a problem, just like the Nazis decided that Jews were a problem. The govts of Malaysia, Thailand, Kazakhstan, Kyrgyzstan, Uzbekistan,Pakistan, Cambodia, Vietnam & Laos have all sent their Uighurs to China for torture  URL",high_disagreement,4,1.5,0.5,0.75,0.5,0.9574271077563382,"[9709, 7288, 6101, 10007]","[0.0, 2.0, 0.0, 1.0]"
10400,"Those damned rabbis already ate it in front of me, the sick fucks. I'll get back at them by taking skin grafts from their penises and gluing them onto mine.",high_disagreement,4,1.0,0.5,1.0,1.0,1.1547005383792515,"[9057, 2466, 8794, 8332]","[0.0, 2.0, 0.0, 2.0]"
10250,">also new zealand caused some good fucking memes I'll pray for your soul, even it's full of disgusting hate. >So sending death threats over the internet is equivalent to shooting a mosque up? You know that the mosque shooter was active in right-wing social media and liked Ben Shapiro? These things are just a first step towards real terrorism.",high_disagreement,3,1.584962500721156,0.6666666666666667,1.0,1.0,1.0,"[1098, 9159, 3123]","[1.0, 2.0, 0.0]"
17023,poop nigga shit retard pickle dick ass,high_disagreement,3,1.584962500721156,0.6666666666666667,1.0,1.0,1.0,"[4011, 8698, 2795]","[1.0, 2.0, 0.0]"
27194,did this bitch really just tell me to charge right???? bitch you can gladly take my spot,high_disagreement,3,1.584962500721156,0.6666666666666667,1.0,1.0,1.0,"[5783, 7848, 1000]","[2.0, 1.0, 0.0]"
18435,Israel because fuck the muslims,high_disagreement,3,1.584962500721156,0.6666666666666667,1.0,1.0,1.0,"[10216, 7660, 3048]","[0.0, 2.0, 1.0]"
40374,GAY people are scientifically Mentally disturbed people...THE gay men act like women and the Lesbians act and dress like men..WTF,high_disagreement,4,1.0,0.5,0.5,0.5,0.5773502691896257,"[2488, 759, 8289, 2297]","[0.0, 1.0, 0.0, 1.0]"
39900,@winterbrass @Puertorock77_ @WackyW3irdo @_Duhwayne_ @Twitch @winterbrass stfu okay. Thats all i can say. Grocery and Nigger have nothing in comon. Why so avidly deffending her huh. Is she paying you to deffend her or what ? Whats in it for all you ppl deffending her ? So from now on ppl will be droping hard r n words with out consequence?,high_disagreement,4,1.0,0.5,1.5,1.5,0.5773502691896257,"[10108, 5078, 7293, 6966]","[1.0, 2.0, 2.0, 1.0]"
7778,I just realized what a bunch of delusional wiggers there are on this sub LMAO,high_disagreement,3,1.584962500721156,0.6666666666666667,1.0,1.0,1.0,"[707, 6266, 2529]","[2.0, 1.0, 0.0]"
49038,Trashy black girls go to heII,high_disagreement,3,1.584962500721156,0.6666666666666667,1.0,1.0,1.0,"[1817, 233, 1243]","[0.0, 1.0, 2.0]"
41144,This must be sarcasm...lol The host is a flaming homosexual.,high_disagreement,4,1.0,0.5,1.0,1.0,1.1547005383792515,"[10577, 5002, 7950, 6808]","[2.0, 2.0, 0.0, 0.0]"
41079,Yes Send her back Get terrorists out of usa,high_disagreement,4,1.5,0.5,0.75,0.5,0.9574271077563381,"[1872, 6404, 6002, 3396]","[0.0, 1.0, 2.0, 0.0]"
46645,you mean any fucking religion yours sucks ass too,high_disagreement,4,1.5,0.5,0.75,0.5,0.9574271077563382,"[10305, 11033, 9115, 5572]","[0.0, 0.0, 2.0, 1.0]"
34916,@w_terrence She needs to shut her ghetto ass down,high_disagreement,3,1.584962500721156,0.6666666666666667,1.0,1.0,1.0,"[11127, 1775, 10430]","[0.0, 2.0, 1.0]"
26218,"@anasarcasm Don't know about zahid but most of the crimes committed by a Muslim is on the name of religion, although it is not okay to blame the religion but you two face people always come out to defend your religion but have never introspected that actually went wrong with your religion.",high_disagreement,3,1.584962500721156,0.6666666666666667,1.0,1.0,1.0,"[6486, 9731, 2328]","[2.0, 1.0, 0.0]"
18876,"Says the guy who thinks its kool, to get his dick wet, having sex with mentally unstable married women. You sir are a moron.",high_disagreement,3,1.584962500721156,0.6666666666666667,1.0,1.0,1.0,"[2838, 7182, 4462]","[0.0, 1.0, 2.0]"
19214,Most guys are douche bags and don't know how to respect a lady!!,high_disagreement,4,1.5,0.5,1.25,1.5,0.9574271077563381,"[2870, 9754, 6269, 3163]","[2.0, 2.0, 1.0, 0.0]"
21062,"@Kwjazzman And if the only thing that does impress you is looks. Then save yourself the trouble and buy a whore, or import a wife from China.",high_disagreement,3,1.584962500721156,0.6666666666666667,1.0,1.0,1.0,"[3059, 3678, 9727]","[1.0, 2.0, 0.0]"
41692,"Hes got that ""white power""",high_disagreement,4,1.5,0.5,1.25,1.5,0.9574271077563381,"[6276, 10967, 4863, 5642]","[0.0, 2.0, 1.0, 2.0]"
12303,"It's literally estrogen. If you go to a doctor and tell them you want a sex change they will give you estrogen pills. Why do you think that is? What do you think estrogen does? Are you really pretending you don't notice how soft this next generation is? Is that reality? How many guys that you grew up with cut their dicks off? I'm gonna bet none, but now it's becoming commonplace. ​ Gee, I wonder what these kids are ingesting that we didn't. Oh look, fucking soy everywhere being pushed by everyone. Let's see... what is soy. Oh, IT'S LITERALLY FUCKING E S T R O G E N",high_disagreement,4,1.0,0.5,1.0,1.0,1.1547005383792515,"[1536, 9054, 6990, 1428]","[2.0, 2.0, 0.0, 0.0]"
30643,Y'all bitches be letting all these niggas trick on y'all but still stay with yo mama. Y'all backwards,high_disagreement,4,1.5,0.5,1.25,1.5,0.9574271077563381,"[6939, 5236, 4970, 888]","[0.0, 1.0, 2.0, 2.0]"
5442,"Jeezus, more chicks with dicks?",high_disagreement,4,1.5,0.5,1.25,1.5,0.9574271077563382,"[4447, 1850, 7774, 10750]","[0.0, 2.0, 2.0, 1.0]"
38385,"Three tops fucked this slut! 🍆🍆🍆🍑 Then a felcher got to suck out and eat their cum cocktail oozing out of that loose well-fucked asshole. 💦💦💦 Holy shit, that's so filthy! That's so hot. 🔥😈🔥 @sexaddictionbb #gaysex #bareback #gayorgy #raw #fucking URL",high_disagreement,5,0.9709505944546686,0.4,1.2,2.0,1.0954451150103321,"[2456, 2860, 9117, 6329, 9886]","[2.0, 0.0, 2.0, 0.0, 2.0]"
46922,Its amazing the white race in this country has done more harm to POC than POC have done to white people but yet the white race continue to hate POC then call themselves good CHRISTIANS. The devil is a lie. The white race is the most evil and dangerous race in this country cause death and destruction throughout this country. The white race is the race of the devil doing his dirty work.,high_disagreement,3,1.584962500721156,0.6666666666666667,1.0,1.0,1.0,"[2283, 1707, 6448]","[2.0, 0.0, 1.0]"
47693,"All the ""migrants "" and Latinos think chapo is a great guy and no different than someone in the government which is why we need that wall, ice enforcement and a firing squad. F la raza",high_disagreement,4,1.5,0.5,0.75,0.5,0.9574271077563381,"[10233, 3087, 9121, 5551]","[0.0, 1.0, 0.0, 2.0]"
9130,"Well, women deserve to be murdered. Incels should never have any consequences or repercussions. They are entitled to be wrapped up in fluffy cotton blankets while supermodel virgin angels suck their dicks because they're such great guys who are so misunderstood.  But women, yeah, they should be murdered, forced into slavery, beaten, tortured, you name it, they deserve it for having the audacity to be born female.",high_disagreement,4,1.5,0.5,0.75,0.5,0.9574271077563382,"[1328, 2704, 10644, 2660]","[0.0, 2.0, 0.0, 1.0]"
47746,"The Feminists should be fine when the next real world Barbaric horde comes into power. Good luck ladies! You're going to need it. ""Make me a sandwich!... MAKE ME A FUCKING SANDWICH!!!""",high_disagreement,4,1.5,0.5,0.75,0.5,0.9574271077563381,"[8388, 70, 6097, 6546]","[1.0, 0.0, 0.0, 2.0]"
44224,"They should sink the island, seems to be full of corruption. US citizens are tired of supporting, freeloading Latinos. PR, Mexico and invaders of Central America.",high_disagreement,4,1.0,0.5,1.0,1.0,1.1547005383792515,"[4805, 2851, 9097, 3517]","[0.0, 0.0, 2.0, 2.0]"
18371,Is that a Confederate flag in the back? And hes gay? RAM RANCH,high_disagreement,4,1.0,0.5,0.5,0.5,0.5773502691896257,"[9089, 9366, 9386, 4021]","[1.0, 0.0, 1.0, 0.0]"
32994,Illegal criminal aliens are destroying our country and our economy.  It's time to round them up and deport their asses back to where they came from! #BuildTheWall  #DeportThemAll  #Trump2020LandslideVictory URL,high_disagreement,3,1.584962500721156,0.6666666666666667,1.0,1.0,1.0,"[3372, 7020, 161]","[1.0, 2.0, 0.0]"
48836,Can't wait till Trump destroys Iran and Venezuela. Trump will import millions of refugees into USA. Make America Brown Again Movement.,high_disagreement,4,1.5,0.5,0.75,0.5,0.9574271077563381,"[4116, 10662, 8490, 4946]","[0.0, 1.0, 0.0, 2.0]"
26750,"Her bull generously pumped a massive load of his cum into your wife's pussy. Now you need to do as cuckold's do. You need to clean it up. You need to swallow every drop of his thick, salty seed. #cuckold #hotwife #cuckoldcaptions #creampiecleanup #cuckoldcreampie URL",high_disagreement,3,1.584962500721156,0.6666666666666667,1.0,1.0,1.0,"[764, 5217, 1192]","[2.0, 1.0, 0.0]"
31827,Yet again we see Hipocracy west in arming and supporting the terrorist state of Israel !!! URL,high_disagreement,3,1.584962500721156,0.6666666666666667,1.0,1.0,1.0,"[2244, 124, 3864]","[1.0, 0.0, 2.0]"
24999,y'all can stop clowning on masculine women. when those joggers come off there's a whole lot of ass waiting for you.,high_disagreement,4,1.5,0.5,1.0,1.0,0.816496580927726,"[7778, 5951, 8621, 8047]","[1.0, 0.0, 2.0, 1.0]"
42990,I died when he said damn I'm Asian I should be better than this 😂😂😂,high_disagreement,4,1.5,0.5,0.75,0.5,0.9574271077563381,"[7916, 6679, 5602, 8747]","[0.0, 2.0, 1.0, 0.0]"
11653,Allah told me to tell you to go out and get yaself a strong muscley man to retain semen for on ramadan while eating top ramen fam,high_disagreement,4,1.0,0.5,1.0,1.0,1.1547005383792515,"[3673, 4040, 5833, 4209]","[2.0, 0.0, 0.0, 2.0]"
25896,@tehseenp Bastard liberals and seculars are hiding. The lowly vixen Barkha is hiding. Shehla Rashid the lowly b is hiding. Where arw the bitches with placards? These fashionable page 3 dogs and bitches should be guillotined first,high_disagreement,3,1.584962500721156,0.6666666666666667,1.0,1.0,1.0,"[266, 2737, 6841]","[2.0, 0.0, 1.0]"
48939,White people are the got damn devil the bible speaks of straight evil wicked senseless violent inhuman animals demons Satan Esau according to the bible a bastards race....,high_disagreement,4,1.5,0.5,0.75,0.5,0.9574271077563381,"[6137, 7023, 10681, 2884]","[0.0, 2.0, 1.0, 0.0]"
5609,"Fuck religion, especially Islam, and fuck all of the redditors who normalize this kind of shit",high_disagreement,4,1.0,0.5,1.0,1.0,1.1547005383792515,"[1, 10335, 4498, 1854]","[2.0, 2.0, 0.0, 0.0]"
27068,America we need and have to take our Nation back from these Communist and Jihad Muslims in the White House.,high_disagreement,4,1.5,0.5,1.25,1.5,0.9574271077563382,"[1908, 2428, 3828, 2257]","[2.0, 0.0, 2.0, 1.0]"
46253,Easy just get out first .sort the homeless .stop immigrants .get rid of Islam .then we can be British once again .....Tommy is our only hope for the shit they caused because of there greed and being muppets to te EU bully's the new world criminal s.....wake up folks . Bois is just the new toy to them they will still take this piss ...DERBYSHIRE DODDIE...,high_disagreement,4,1.5,0.5,1.0,1.0,0.816496580927726,"[1093, 4465, 682, 3174]","[1.0, 2.0, 0.0, 1.0]"
14458,That's why I'm wearing my black muslim man costume,high_disagreement,3,1.584962500721156,0.6666666666666667,1.0,1.0,1.0,"[1618, 7181, 10149]","[2.0, 0.0, 1.0]"
33268,"Using the terms ""Punk"" and ""Faggot"" in reference to a gay male is a sure way to lose my respect in 1 setting and never gain in back!! 🙄",high_disagreement,4,1.5,0.5,1.25,1.5,0.9574271077563381,"[292, 1286, 2558, 1103]","[2.0, 0.0, 1.0, 2.0]"
49281,Move to Pakistan you anti American.,high_disagreement,4,1.0,0.5,1.0,1.0,1.1547005383792515,"[10876, 4922, 2895, 4537]","[2.0, 2.0, 0.0, 0.0]"
43676,Mayor McCheese lol can you make sure the money comes from the Africans who sold they're own into slavery,high_disagreement,3,1.584962500721156,0.6666666666666667,1.0,1.0,1.0,"[8807, 2037, 2305]","[2.0, 1.0, 0.0]"
26663,I hate men omfg they all fucking suck,high_disagreement,4,1.0,0.5,1.0,1.0,1.1547005383792515,"[2812, 5464, 403, 2281]","[0.0, 2.0, 2.0, 0.0]"
13605,What? You expect her to obey a black cop? Why I never! What a cunt! And then the way that she pleads with the whit envío to help her. Stupid idiot.  She looks like she's on drugs.,high_disagreement,4,1.5,0.5,1.25,1.5,0.9574271077563381,"[6819, 3287, 1575, 3481]","[1.0, 2.0, 0.0, 2.0]"
6251,"As another gay Korean-American who frequents that sub...fuck OP. I saw the thread in question as well and the responses were overwhelmingly positive. It seems like OP literally just wanted to have his ""im a poor gaysian being rejected by my own community"" narrative confirmed and when that didn't happen he just came here to bitch about other Asians. Fucking pathetic.",high_disagreement,4,1.5,0.5,0.75,0.5,0.9574271077563381,"[132, 9959, 9596, 10575]","[1.0, 0.0, 0.0, 2.0]"
463,She looks like a jewish girl about to be exterminated in a concentration camp,high_disagreement,4,1.0,0.5,1.0,1.0,1.1547005383792515,"[2054, 301, 8775, 3175]","[2.0, 0.0, 2.0, 0.0]"
8207,"Kids and incels use the term ""thot"" to refer to women (especially unattainable ones way above their grade) negatively. It's short for ""that ho over there"", and is the hallmark of great genius on the part of the user.",high_disagreement,3,1.584962500721156,0.6666666666666667,1.0,1.0,1.0,"[8407, 4944, 5119]","[1.0, 2.0, 0.0]"
16868,Jews hate Christianity,high_disagreement,4,1.5,0.5,0.75,0.5,0.9574271077563381,"[6708, 2343, 8878, 9893]","[2.0, 0.0, 1.0, 0.0]"
20665,@ANI @MamataOfficial you bch you massacred many Hindus you bangladeshi widow you will eat shit to keep you alive and you like pig shit,high_disagreement,3,1.584962500721156,0.6666666666666667,1.0,1.0,1.0,"[755, 3465, 8505]","[0.0, 2.0, 1.0]"
49995,"Go fuck yourself, Germany. Country of cucked white guilt pussies!",high_disagreement,4,1.5,0.5,1.25,1.5,0.9574271077563381,"[9952, 4004, 11038, 1665]","[2.0, 0.0, 1.0, 2.0]"
41631,why this fucking gays are laughing,high_disagreement,5,1.5219280948873621,0.6,1.0,1.0,1.0,"[11131, 6031, 7671, 912, 8436]","[0.0, 1.0, 0.0, 2.0, 2.0]"
30693,May Allah destroy all the blasphemer around the world!  May Allah destroy the Qadyani's Rabwah center! #قادیانی_دنیاکابدترین_کافر #FridayThoughts #JummahMubarak,high_disagreement,3,1.584962500721156,0.6666666666666667,1.0,1.0,1.0,"[4778, 5708, 3515]","[2.0, 0.0, 1.0]"
22633,"It is time for all illegal criminals who crossed our boarders without going through immigration process they should be GATHERED UP BY FEDERAL AGENTS and DEPORTED IMMEDIATELY NO Benefits, No Jobs, No Housing, Brown Bag Lunch and Bus ride back to the border. #WAKEUPAMERICA PERIOD!",high_disagreement,4,1.0,0.5,1.0,1.0,1.1547005383792515,"[8636, 8295, 2682, 1698]","[2.0, 0.0, 2.0, 0.0]"
16057,"Im sick of this shit, they have to turn everything gay LGBT should be illegal",high_disagreement,5,0.9709505944546686,0.4,0.8,0.0,1.0954451150103324,"[640, 8929, 7564, 2799, 10374]","[0.0, 0.0, 2.0, 0.0, 2.0]"
34360,she's trying to be cool cause she wants a boyfriend but she can't be cool because she's stupid and dumb URL,high_disagreement,4,1.5,0.5,0.75,0.5,0.9574271077563382,"[5896, 3845, 7804, 364]","[0.0, 2.0, 0.0, 1.0]"
44521,No place on Broadway for jihadi Muslims like this brat.,high_disagreement,4,1.5,0.5,1.25,1.5,0.9574271077563381,"[70, 6097, 6546, 10281]","[0.0, 2.0, 1.0, 2.0]"
6255,Indeed. We are being invaded at unprecedented levels. Tens of thousands a day. We need to get the wall and we need to treat this invasion like what it is. Send in the military and force deport them all.,high_disagreement,3,1.584962500721156,0.6666666666666667,1.0,1.0,1.0,"[5546, 6043, 8902]","[1.0, 0.0, 2.0]"
32478,"@Ire201261 @Liam_xrp @meadbhx @SinnFeinNUIG @yfg @sinnfeinireland Well there's not a single society that isn't racist towards white people, and for good reason too. Did you know the Chinese have a slur for ethnically white people? its Gweilo which roughly translates to ""foreign devil"". They were the devils in all of our histories combined.",high_disagreement,4,1.5,0.5,0.75,0.5,0.9574271077563381,"[9136, 6085, 3245, 5848]","[0.0, 1.0, 2.0, 0.0]"
30078,@ZenAndHopscotch Deluded crazy racist hypocritical white bitch. By her own religions standards she will burn in hell,high_disagreement,4,1.0,0.5,1.0,1.0,1.1547005383792515,"[10200, 4308, 1567, 10307]","[2.0, 0.0, 2.0, 0.0]"
24335,Baby thee niggas come a dime a dozen,high_disagreement,4,1.5,0.5,1.25,1.5,0.9574271077563381,"[2171, 463, 10776, 9979]","[2.0, 0.0, 1.0, 2.0]"
30945,"i have the strongest urge to tie a subs hands behind her back and prop her ass up and shove her face down into the mattress and fuck her sensless. i'd slide my cock between her ass and tease her with the tip, then ram myself inside of her and listen to her whimper for her god.",high_disagreement,4,1.0,0.5,1.0,1.0,1.1547005383792515,"[3320, 5026, 9077, 9971]","[0.0, 2.0, 2.0, 0.0]"
32463,When these niggas force me to say good morning URL,high_disagreement,4,1.5,0.5,1.25,1.5,0.9574271077563382,"[4140, 206, 4397, 9082]","[2.0, 0.0, 2.0, 1.0]"
21755,"men are trash, no matter if it's humans or animals 😂 URL",high_disagreement,3,1.584962500721156,0.6666666666666667,1.0,1.0,1.0,"[8858, 3812, 4065]","[0.0, 2.0, 1.0]"
35812,@da_realgmoney @1YUNGFRESH Live how I wanna live. Real niggas in this bitch 4Real 💪🏾,high_disagreement,4,1.5,0.5,1.25,1.5,0.9574271077563381,"[8064, 3338, 8435, 2291]","[1.0, 2.0, 2.0, 0.0]"
49171,hey betoff your white ya effin doush,high_disagreement,4,1.0,0.5,1.0,1.0,1.1547005383792515,"[4627, 10241, 1697, 7369]","[0.0, 2.0, 2.0, 0.0]"
40673,I don't want to hear discussion about illegal immigration I WANT FUKING ACTION! And quit spending my tax dollars on these illegal vermin when we have millions of our own hurting badly.,high_disagreement,3,1.584962500721156,0.6666666666666667,1.0,1.0,1.0,"[2694, 9069, 6756]","[2.0, 1.0, 0.0]"
18304,Wow. Ur sooo tight. Probably couldn't even fit in ur pussyfooted let alone ur tiny asshole! Can I swallow ur creamy cum ?,high_disagreement,3,1.584962500721156,0.6666666666666667,1.0,1.0,1.0,"[92, 1947, 4215]","[2.0, 0.0, 1.0]"
13844,"Kim Kardashian, she's really good at fucking black guys to be famous",high_disagreement,3,1.584962500721156,0.6666666666666667,1.0,1.0,1.0,"[5788, 5281, 10459]","[0.0, 2.0, 1.0]"
28066,"did i stutter? too many cishet people go as a group (not as support for their gay friends) like its some goofy ass parade. its LGBTQ pride, FOR LGBTQ folk only.",high_disagreement,3,1.584962500721156,0.6666666666666667,1.0,1.0,1.0,"[9175, 1386, 995]","[0.0, 1.0, 2.0]"
9582,"Right? Fucking whore, you're only gone for a week. You can't go 7 days without having a cock in you? Jesus. She deserves everything coming her way and more.",high_disagreement,3,1.584962500721156,0.6666666666666667,1.0,1.0,1.0,"[4225, 6249, 1236]","[2.0, 1.0, 0.0]"
1735,Dress like a middle aged white man or his shitstain trustfund LAX bro future rapist son. Then you'll fit in,high_disagreement,4,1.5,0.5,1.0,1.0,0.816496580927726,"[1247, 8005, 7142, 8271]","[0.0, 1.0, 2.0, 1.0]"
33847,Fuck men they're trash and just break ur heart URL,high_disagreement,4,1.0,0.5,1.0,1.0,1.1547005383792515,"[5786, 9711, 987, 2239]","[2.0, 2.0, 0.0, 0.0]"
12604,"Good'o Amalekites, those fucks killed and slaughtered our people too, that tribe were some nasty people",high_disagreement,4,1.5,0.5,0.75,0.5,0.9574271077563381,"[1531, 9868, 2681, 1011]","[2.0, 1.0, 0.0, 0.0]"
22984,IS THIS WHAT GAYS DO   URL,high_disagreement,4,1.0,0.5,0.5,0.5,0.5773502691896257,"[10000, 8409, 2819, 3261]","[0.0, 1.0, 1.0, 0.0]"
1363,Try me retard,high_disagreement,4,1.0,0.5,1.0,1.0,1.1547005383792515,"[1951, 11113, 1456, 4852]","[0.0, 2.0, 2.0, 0.0]"
3324,Aren't you a bit too white for a Redcoat to not get killed be all the migrants?,high_disagreement,4,1.5,0.5,0.75,0.5,0.9574271077563381,"[8684, 705, 2649, 4414]","[1.0, 0.0, 2.0, 0.0]"
8423,Kinda boring knowing we Singaporean won't dare to do anything. Meanwhile somewhere in murica you will have some crazies who might really do so,high_disagreement,4,1.0,0.5,0.5,0.5,0.5773502691896257,"[10142, 2458, 2738, 10531]","[0.0, 1.0, 1.0, 0.0]"
38892,"I can't stress it enough, a #sissy should lock her useless #clitty in #chastity. Sissies can only cum in their cage while being fucked in their #boipussy #sissyslut #sissyslave #sissification #feminization #sissytraing #crossdressing #cumslut #sissified #sissygasm #sissyboy URL",high_disagreement,4,1.0,0.5,1.0,1.0,1.1547005383792515,"[2559, 5046, 8570, 371]","[0.0, 2.0, 0.0, 2.0]"
10801,No cause their two faggots,high_disagreement,4,1.0,0.5,1.0,1.0,1.1547005383792515,"[7371, 9057, 2466, 8794]","[2.0, 2.0, 0.0, 0.0]"
3352,"Woman: Cries Early 20th century psychiatrist: She's mentally ill, put her in the insane asylum!",high_disagreement,4,1.0,0.5,1.0,1.0,1.1547005383792515,"[9497, 6234, 3192, 2574]","[0.0, 0.0, 2.0, 2.0]"
35032,"Stanky hoes, bitch mad that I got my own.",high_disagreement,3,1.584962500721156,0.6666666666666667,1.0,1.0,1.0,"[9479, 7708, 2867]","[0.0, 2.0, 1.0]"
3569,Slave owners above Jew.,high_disagreement,4,1.5,0.5,0.75,0.5,0.9574271077563381,"[6282, 9580, 4959, 10409]","[2.0, 1.0, 0.0, 0.0]"
17104,Killing 8 Million Jews without a Reason,high_disagreement,4,1.5,0.5,0.75,0.5,0.9574271077563381,"[2288, 6216, 766, 10567]","[0.0, 2.0, 1.0, 0.0]"
49584,"Send all of these ""ladies"" back to mexico so they can fix that first.",high_disagreement,4,1.5,0.5,0.75,0.5,0.9574271077563382,"[2223, 203, 14, 10911]","[2.0, 0.0, 0.0, 1.0]"
40601,spliffsperlunk And they own your white asshole kids who love that black tarr heroin,high_disagreement,4,1.0,0.5,1.0,1.0,1.1547005383792515,"[4917, 4904, 3609, 6391]","[2.0, 0.0, 2.0, 0.0]"
36740,@pervyahjussi thank god i'm a WHAT???? bitch I'm gonna k!ll you disgusting creep jobless sweaty smelly sumo underwear piece of crap bottom of the barrel trash hoe swine stupid motherfxcker brainless ass degenerate man,high_disagreement,4,1.0,0.5,1.0,1.0,1.1547005383792515,"[4051, 5674, 3133, 5537]","[2.0, 2.0, 0.0, 0.0]"
23616,President Trump I will never forget what these scumbag Muslims did to America. They not only changed New York's skyline but they changed America for good. Wake up close the border impeach scumbags illan Omar and Rashida Taliban now or it will happen again,high_disagreement,3,1.584962500721156,0.6666666666666667,1.0,1.0,1.0,"[2481, 10642, 3701]","[2.0, 1.0, 0.0]"
47697,"HEY COULD BE WHY TRUMP WON. THEY SAW HILLARY STEAL THE ELECTION, THEN ABOLISH THE CONSTITUTION, THEN BRING SO MANY ARABS THAT THEY OUT NUMBERED WHITES AND THEN ALL POLITICIANS BECAME ARABS WHO THEN MADE IT ILLEGAL FOR ALL RELIGIONS AND PASSED SHARIA LAW. THEN IRAN STARTED SHOOTING NUKES AND EVERY ELSE STARTED TO DO THE SAME. THE WORLD WAS DESTROYED AND GOD SAID"" THATS IT! I'M NEVER MAKING WOMEN AND ARABS EVER AGAIN!!?",high_disagreement,4,1.5,0.5,0.75,0.5,0.9574271077563382,"[4722, 5649, 8610, 7304]","[0.0, 2.0, 0.0, 1.0]"
28111,@dhtorch LOOOOL real asss bitch GAVE af bout a nigga,high_disagreement,3,1.584962500721156,0.6666666666666667,1.0,1.0,1.0,"[312, 4553, 2194]","[0.0, 1.0, 2.0]"
29605,body please abort in the land of these endless motherfuckers and god damn fucking Catholics please occ witch hunt,high_disagreement,4,1.0,0.5,1.0,1.0,1.1547005383792515,"[8003, 7281, 2156, 6708]","[0.0, 2.0, 0.0, 2.0]"
48620,Go Islam destroy Whole Amirca,high_disagreement,3,1.584962500721156,0.6666666666666667,1.0,1.0,1.0,"[325, 9586, 4793]","[1.0, 0.0, 2.0]"
4066,I didnt need that additional footage to believe she's a cunt. NTA!,high_disagreement,3,1.584962500721156,0.6666666666666667,1.0,1.0,1.0,"[1191, 140, 4434]","[0.0, 2.0, 1.0]"
32417,I need my fat light ass fucked by a big black nigger dick 😈✨ URL,high_disagreement,3,1.584962500721156,0.6666666666666667,1.0,1.0,1.0,"[8047, 1195, 8553]","[0.0, 2.0, 1.0]"
31527,@CarlosJLacayo @HannaMontona @Tyler2ONeil I'm informed. Those white make terrorists assholes would shut me down as a rightwinger and it would get violent because I won't be silenced. rich white male privilege behind hoods would have to physically shut me up.,high_disagreement,4,1.0,0.5,0.5,0.5,0.5773502691896257,"[969, 3478, 8986, 7727]","[1.0, 0.0, 0.0, 1.0]"
12679,"Now you can give all the African children burning assholes, too!",high_disagreement,3,1.584962500721156,0.6666666666666667,1.0,1.0,1.0,"[7124, 624, 8738]","[2.0, 1.0, 0.0]"
28618,these hoes so annoying.,high_disagreement,3,1.584962500721156,0.6666666666666667,1.0,1.0,1.0,"[3734, 3446, 2429]","[1.0, 2.0, 0.0]"
45123,+donrainesoh i didnt use a homophobic slur though. I asked if your butt buddies fed you too many crayons. Why are you being so damn triggered my guy?,high_disagreement,3,1.584962500721156,0.6666666666666667,1.0,1.0,1.0,"[603, 7553, 9682]","[2.0, 1.0, 0.0]"
23934,@sairasameerarao You are a racist bigot. Move to a country that has no whites then. Why are you here.,high_disagreement,4,1.5,0.5,1.25,1.5,0.9574271077563381,"[9208, 904, 4314, 2979]","[0.0, 2.0, 1.0, 2.0]"
27661,I like how all these white racist ass people act all tough and shit ooo whatcha gonna do? Lol god I can't Stand these kind of people 🤦🏻‍♀️🤦🏻‍♀️,high_disagreement,3,1.584962500721156,0.6666666666666667,1.0,1.0,1.0,"[1103, 8209, 8420]","[2.0, 0.0, 1.0]"
28379,if you ain't a christian ima stab you in the face 🎶✨,high_disagreement,3,1.584962500721156,0.6666666666666667,1.0,1.0,1.0,"[338, 2393, 8842]","[2.0, 1.0, 0.0]"
28179,"The ""religion of piss"" strikes again I see  BBC News - Mali attack: '100 killed' in ethnic Dogon village URL",high_disagreement,3,1.584962500721156,0.6666666666666667,1.0,1.0,1.0,"[2027, 8159, 8565]","[1.0, 0.0, 2.0]"
13135,Yes because you get 72 virgins when u die and The Almighty Allah told you so go die for Islam,high_disagreement,3,1.584962500721156,0.6666666666666667,1.0,1.0,1.0,"[4618, 3867, 3229]","[0.0, 2.0, 1.0]"
30125,Fucking males and their stupid dick brains so angry,high_disagreement,4,1.5,0.5,0.75,0.5,0.9574271077563381,"[6982, 7860, 7986, 5976]","[2.0, 1.0, 0.0, 0.0]"
46105,"""Because she's ugly. And terrible. And I hate women."". The best way to combat these Clown-World ""journalists"" is to just rub their own absurdity in their face.",high_disagreement,3,1.584962500721156,0.6666666666666667,1.0,1.0,1.0,"[6769, 9084, 5525]","[0.0, 1.0, 2.0]"
41330,Trump means ask these 4 idiotic women democrats to follow their parents back to their counrry of origin even they are born in USA!!! . Not racist!!!,high_disagreement,3,1.584962500721156,0.6666666666666667,1.0,1.0,1.0,"[6580, 2369, 7081]","[2.0, 1.0, 0.0]"
36497,white ppl are fucked in the head,high_disagreement,4,1.0,0.5,1.0,1.0,1.1547005383792515,"[9980, 384, 422, 1098]","[0.0, 0.0, 2.0, 2.0]"
39651,Ari Aster is proof we gotta start giving these disturbed white boys A24 deals instead of guns,high_disagreement,4,1.0,0.5,1.0,1.0,1.1547005383792515,"[4307, 2866, 10265, 276]","[2.0, 0.0, 0.0, 2.0]"
44409,"It makes no sense, the beg to come here and then crap on us. Yes it time to draw the line, your either an American first or the enemy.",high_disagreement,4,1.0,0.5,0.5,0.5,0.5773502691896257,"[5474, 6824, 1827, 2694]","[0.0, 1.0, 1.0, 0.0]"
23876,bos blondes with porn sex toys sauna amatoriale amature fucked sexy colle ge brunette fucked amature xxx amatuer wife orgy home pics naked lesbians first time amateurs ass hot blonde fuck american blonde b URL,high_disagreement,4,1.5,0.5,1.0,1.0,0.816496580927726,"[2838, 7182, 4462, 10033]","[1.0, 0.0, 1.0, 2.0]"
12215,"I imagine they were bracing themselves and had their clothes burnt off. But, yeah, they are gay.",high_disagreement,5,1.5219280948873621,0.6,0.8,1.0,0.8366600265340756,"[694, 10558, 7954, 7498, 9466]","[1.0, 0.0, 0.0, 1.0, 2.0]"
43529,Put this cunt on the street there he'll see how black people get harrassed by police he reading from books typical mr know it all,high_disagreement,3,1.584962500721156,0.6666666666666667,1.0,1.0,1.0,"[464, 3264, 11134]","[0.0, 1.0, 2.0]"
43741,"Well once these 'Migrants' realize that they won't be getting into the US ,they'll most likely run off and try to 'settle' for Mexico . And its only a matter of time before they do .Going back home is not their first option .So congratulations libtards , you screwed our neighbors over big time lol",high_disagreement,4,1.0,0.5,1.0,1.0,1.1547005383792515,"[8326, 2070, 8064, 3338]","[0.0, 0.0, 2.0, 2.0]"
26350,"@TeaBoots @MP244424438 This is a worrisome and should be to all. We are going to have a repeat of 75 years ago. Wake up all if you liberals, Snowflakes, Democrats, the next war will be on our Turf. European countries thought they were assisting those immigrants, now the Muslim master plan is clear.",high_disagreement,4,1.5,0.5,0.75,0.5,0.9574271077563382,"[498, 10142, 2458, 2738]","[0.0, 0.0, 2.0, 1.0]"
28691,My grandparents didn't come over here from Europe to put up with a bunch of immigrants!! #DeepThoughtsFromMAGA,high_disagreement,3,1.584962500721156,0.6666666666666667,1.0,1.0,1.0,"[5357, 6301, 2295]","[1.0, 2.0, 0.0]"
14080,Fuck her man. You don't need that slut in your life,high_disagreement,5,1.3709505944546687,0.4,1.4,2.0,0.8944271909999159,"[9464, 2411, 9450, 7350, 3520]","[2.0, 1.0, 0.0, 2.0, 2.0]"
17713,As a european: i dont give a shit. You will have all shot each other dead before the end of the week anyway. Stupid americunts only focused on assigning blame lol.,high_disagreement,3,1.584962500721156,0.6666666666666667,1.0,1.0,1.0,"[4240, 5826, 2835]","[0.0, 2.0, 1.0]"
6979,Maybe this volcano will rid us of Russian citizens,high_disagreement,4,1.5,0.5,0.75,0.5,0.9574271077563382,"[3198, 3303, 2378, 4425]","[2.0, 0.0, 0.0, 1.0]"
7264,"HA godem. DRob schooling these Mormons, or should I say morons",high_disagreement,4,1.0,0.5,1.0,1.0,1.1547005383792515,"[6241, 10381, 8563, 2459]","[2.0, 2.0, 0.0, 0.0]"
36176,"Spread your legs for me, slut. You better listen to daddy and do as you're told. Not unless you want to be punished. Fucking whore.",high_disagreement,3,1.584962500721156,0.6666666666666667,1.0,1.0,1.0,"[2912, 10615, 6795]","[1.0, 2.0, 0.0]"
45307,+Negan then that girl should be beaten to death,high_disagreement,3,1.584962500721156,0.6666666666666667,1.0,1.0,1.0,"[4983, 3935, 7470]","[0.0, 1.0, 2.0]"
17895,"u/ologvinftw ""He got me,"" AIPAC said of u/ologvinftw. ""That f**king ologvin boomed me."" AIPAC added, ""He's so anti Semitic,"" repeating it four times. They then said they wanted to add him to the list of people they'll accuse of working with Hamas this summer.",high_disagreement,3,1.584962500721156,0.6666666666666667,1.0,1.0,1.0,"[5501, 4831, 5208]","[1.0, 2.0, 0.0]"
5076,I forgot women who go for men want them to act like lesbians and sissies by only using their hands and tongue to pleasure them.,high_disagreement,3,1.584962500721156,0.6666666666666667,1.0,1.0,1.0,"[8894, 472, 83]","[0.0, 2.0, 1.0]"
20234,I can't stand a weak ass bitch ! Ugh y'all disgust me. Boss up lil whore,high_disagreement,3,1.584962500721156,0.6666666666666667,1.0,1.0,1.0,"[9975, 9470, 1074]","[0.0, 2.0, 1.0]"
24479,Cause of earthquake: Punjabi men walking URL,high_disagreement,4,1.0,0.5,1.0,1.0,1.1547005383792515,"[1931, 9299, 5425, 2234]","[0.0, 2.0, 0.0, 2.0]"
8210,"The most South African thing would be if taxi drivers were pulling Uber drivers out of their cars, raping them, and then transmitting HIV to them because of the rape.",high_disagreement,4,1.5,0.5,0.75,0.5,0.9574271077563381,"[2927, 10416, 10530, 3764]","[0.0, 0.0, 1.0, 2.0]"
4650,"Amazing how this horrible, terrible, awful nation of ours attracts so many immigrants who are literally risking life and limb to get here. Not a whole lot of folks in Miami building rafts to float off to he Workers Paradise that is Cuba, oddly.",high_disagreement,3,1.584962500721156,0.6666666666666667,1.0,1.0,1.0,"[3771, 306, 8088]","[2.0, 0.0, 1.0]"
22011,I'm convinced that females like ugly ass niggas in 2019,high_disagreement,4,1.0,0.5,1.0,1.0,1.1547005383792515,"[3348, 5902, 121, 9916]","[0.0, 2.0, 0.0, 2.0]"
25943,Only if she pregnant for a rich nigga URL,high_disagreement,3,1.584962500721156,0.6666666666666667,1.0,1.0,1.0,"[1958, 7187, 3199]","[0.0, 2.0, 1.0]"
46679,Just so everyone is aware. This is girl is white af.,high_disagreement,3,1.584962500721156,0.6666666666666667,1.0,1.0,1.0,"[4515, 3800, 4806]","[2.0, 0.0, 1.0]"
20483,"oh my god, go shove some more guns up your vagina and shut the fuck up for once you inbred bitch URL",high_disagreement,4,1.0,0.5,1.0,1.0,1.1547005383792515,"[1449, 3243, 5736, 128]","[2.0, 2.0, 0.0, 0.0]"
42086,"you look like a freak with your albino face, dark hair and light beard. probably got rainbow pubes huh? what color is your dick? so ugly.",high_disagreement,4,1.5,0.5,1.25,1.5,0.9574271077563382,"[7936, 5782, 6434, 4049]","[2.0, 0.0, 2.0, 1.0]"
9404,Most anti-Semites don't want to kill all the Jews. The idea that there is a place to put them in awesome. Netanyahu is just an extra bonus. The fact the Israel pisses off the Muslims? Even better. Most anti-Semites hate Muslims more. The Jews shall not replace us crowd isn't happy that Jews have a wonderful home.,high_disagreement,4,1.0,0.5,1.0,1.0,1.1547005383792515,"[9014, 3789, 6651, 7931]","[0.0, 0.0, 2.0, 2.0]"
5992,Totally would have her in the alley afterwards with my cock up her tight ass. She can only plead no as I cum in her teasing ass.,high_disagreement,4,1.5,0.5,1.25,1.5,0.9574271077563381,"[10830, 3298, 7936, 5782]","[1.0, 2.0, 2.0, 0.0]"
48638,"who me? My feet dont be stankin You cant ""directly hire them"" because they're illegal immigrants yea idiot",high_disagreement,3,1.584962500721156,0.6666666666666667,1.0,1.0,1.0,"[3448, 9370, 5584]","[1.0, 2.0, 0.0]"
9535,"In before ... ""YoU gOtTa rEaD tHe qUrAn iN cOnTeXt yOu dUmBaSs iSlAmPhObIc eViL tErRoRiSt hInDuTvA sUpPoRtInG mOtHeRfUcKeR. i'm gOnNa gO fUcK a fUcKiNg bAbY cOw nOw, wHaT tHe fUcK aRe yOu gOnNa dO aBoUt iT.""",high_disagreement,4,1.0,0.5,1.5,1.5,0.5773502691896257,"[8520, 8992, 11060, 6262]","[2.0, 1.0, 1.0, 2.0]"
20601,"Coming from the woman who chants convert or die. Sit down Linda. Better yet, deport yourself to the nearest sandy 💩 hole. 🇺🇸 URL",high_disagreement,3,1.584962500721156,0.6666666666666667,1.0,1.0,1.0,"[3527, 9718, 969]","[0.0, 2.0, 1.0]"
2084,Fuck I hate America. All of it. Should be wiped from the face of the earth.,high_disagreement,3,1.584962500721156,0.6666666666666667,1.0,1.0,1.0,"[8662, 1651, 10687]","[1.0, 2.0, 0.0]"
28789,"When a nigga wanna take you out & spend time wit you >>, that's my type",high_disagreement,4,1.5,0.5,0.75,0.5,0.9574271077563381,"[5501, 4831, 6376, 5208]","[2.0, 1.0, 0.0, 0.0]"
49815,Sundar pichai 100 percent south indian way smarter than all u white trash,high_disagreement,5,1.3709505944546687,0.4,1.4,2.0,0.894427190999916,"[495, 2610, 3146, 10042, 10874]","[0.0, 2.0, 2.0, 1.0, 2.0]"
34900,Not to be homophobic but Korean femboys are the most attractive thing on earth,high_disagreement,4,1.5,0.5,1.25,1.5,0.9574271077563381,"[6580, 2369, 7081, 4225]","[2.0, 1.0, 0.0, 2.0]"
25863,"Cowardly piece of shit ,with a penis !",high_disagreement,4,1.0,0.5,1.0,1.0,1.1547005383792515,"[3438, 4454, 7559, 576]","[2.0, 0.0, 2.0, 0.0]"
30817,"@lacerci65 @LaylaAlisha11 Every one of these heathens needs to be deported. That will solve the problem. When is Kommandant Merkel going to understand these Islamist bastards will NEVER ASSIMILATE? They will only DEMAND Germany become a Muslim nation, with sharia law, and bow to their satanic god.",high_disagreement,4,1.0,0.5,1.0,1.0,1.1547005383792515,"[7126, 4188, 3938, 9391]","[0.0, 2.0, 0.0, 2.0]"
38909,my sim is gonna be gay and homophobic like tyler the creator URL,high_disagreement,4,1.0,0.5,1.0,1.0,1.1547005383792515,"[9170, 6791, 7430, 9485]","[2.0, 0.0, 2.0, 0.0]"
26506,fell on his knees fag. finger in the ass and start to masturbate. word yes in the comments if everything is done😍😘😍😘😍😘😍😘 URL,high_disagreement,4,1.0,0.5,1.0,1.0,1.1547005383792515,"[7753, 7972, 5070, 3317]","[0.0, 2.0, 2.0, 0.0]"
36799,"#RT @Chas10Buttigieg: RT @Lis_Smith: .@PeteButtigieg: ""America is under attack from homegrown white nationalist terrorism…We are the only country in the world with more guns than people... White nationalism [is] inspiring people to commit murder, & i… URL",high_disagreement,3,1.584962500721156,0.6666666666666667,1.0,1.0,1.0,"[2177, 8696, 4157]","[0.0, 1.0, 2.0]"
19566,"That is the real punishment here. Bitch is 27 now. Baby rabies are going to hit real soon. And she'll be in there, incarcerated, surrounded only by hookers and drug dealers and who knows what other female trash. No Chad cock in sight. Not even a beta cock she would otherwise have rejected without a second thought. The clock just ticking away, those ovaries screaming and withering, titties sagging. Tick-tock. Tick-tock.",high_disagreement,4,1.5,0.5,0.75,0.5,0.9574271077563381,"[1028, 6749, 3863, 739]","[0.0, 1.0, 0.0, 2.0]"
16176,Get rid of the blacks . That would solve a lot of porvlems in America,high_disagreement,4,1.5,0.5,1.0,1.0,0.816496580927726,"[1744, 10279, 2455, 2996]","[1.0, 2.0, 1.0, 0.0]"
32170,@The_Patriot_V @RealCandaceO Why illegal aliens? You morons do a pretty good job of killing each other. #buildthatfuckingwall,high_disagreement,4,1.0,0.5,1.0,1.0,1.1547005383792515,"[301, 8775, 3175, 11011]","[2.0, 2.0, 0.0, 0.0]"
18893,Who wants to fuck the chick with the dick?,high_disagreement,4,1.5,0.5,0.75,0.5,0.9574271077563381,"[6820, 9875, 4430, 15]","[0.0, 2.0, 1.0, 0.0]"
32722,"Y'all females so stupid, y'all rather fuck with the plug and catch a felony, record, and get y'all kids taking from y'all . All behind a dumb ass nigga who can't even get a job at McDonald's sis ?😂 dumbasses",high_disagreement,4,1.0,0.5,1.0,1.0,1.1547005383792515,"[7138, 10629, 7237, 7294]","[0.0, 2.0, 2.0, 0.0]"
6816,"OP IS LITERALLY THE REASON THIS COMMENT WAS MADE! If people can get away with people for them being genetically ""lesser"" what does that mean for literally any minority? ""Gay people are a burden on society 'cause they don't reproduce"" *so let's kill them!* I understand this logic but I don't think any of you hear how horrible it sounds. If you know that your kid is going to have problems at birth and you decide to abort that's on you, but this IS literally fucking genocide.",high_disagreement,3,1.584962500721156,0.6666666666666667,1.0,1.0,1.0,"[1304, 9227, 125]","[1.0, 0.0, 2.0]"
34287,"@lsarsour So muslims should not assimilate to the American culture and philosophies? Then PACK UP AND GO BACK TO THE SANDBOX, AND YOU CAN GO WITH THEM!! Want to declare jihad on the President's cabinet and his supporters? Go ahead, WE will send you and them straight to HELL BITCH",high_disagreement,4,1.0,0.5,1.0,1.0,1.1547005383792515,"[207, 8699, 6396, 2623]","[0.0, 0.0, 2.0, 2.0]"
8654,Ya know what group is even more annoying than Mormons? Evangelical Christians.,high_disagreement,4,1.0,0.5,1.0,1.0,1.1547005383792515,"[10856, 314, 11071, 10824]","[2.0, 2.0, 0.0, 0.0]"
23604,I love when bitches ion even know have me blocked LMAO,high_disagreement,4,1.5,0.5,0.75,0.5,0.9574271077563382,"[5529, 292, 1286, 2558]","[0.0, 2.0, 0.0, 1.0]"
42743,Tell me how it's not white christian fascism.,high_disagreement,4,1.5,0.5,1.25,1.5,0.9574271077563381,"[10104, 5487, 5620, 6861]","[2.0, 2.0, 1.0, 0.0]"
46924,Islam comes from semitic arabs you know right ? Moron,high_disagreement,4,1.0,0.5,1.0,1.0,1.1547005383792515,"[8368, 2954, 1364, 8078]","[0.0, 2.0, 0.0, 2.0]"
18622,"Fake. Jews make the games, not play them",high_disagreement,4,1.5,0.5,0.75,0.5,0.9574271077563381,"[8545, 253, 7632, 1127]","[2.0, 0.0, 1.0, 0.0]"
10998,"Oh please, dumbfuck men will do all the killing and dieing while the hoes suddenly discover their ""traditional"" sides en masse.",high_disagreement,4,1.0,0.5,1.0,1.0,1.1547005383792515,"[4445, 5778, 4849, 5402]","[0.0, 0.0, 2.0, 2.0]"
45255,"Take the full force of the US military, federal police, and immigration services and send them street by street, town by town, and state by state with the mission of removing all illegal persons, dreamers, anchor babies, and any extended relatives to Mexico no matter nation of origin. Let Mexico figure it out. They have been sending them here for decades. If that doesn't stop the flow north. Revoke the citizenship of all prison inmates with a life term or longer and deport them to Mexico in mass. I'd bet Mexico would start building a wall tomorrow.",high_disagreement,4,1.5,0.5,0.75,0.5,0.9574271077563381,"[835, 8977, 1395, 10278]","[1.0, 0.0, 0.0, 2.0]"
17532,If he was black everyone in the room would of been killed.,high_disagreement,4,1.5,0.5,0.75,0.5,0.9574271077563381,"[3342, 313, 1217, 7041]","[0.0, 1.0, 2.0, 0.0]"
36910,"You bitches really need to clear your thoughts about men. One day you'll be calling them shit and useless and other day you'll be crying about being single, get a life fgs",high_disagreement,4,1.5,0.5,1.25,1.5,0.9574271077563381,"[6777, 5276, 4580, 42]","[0.0, 1.0, 2.0, 2.0]"
45487,First of all Pakistani bowlers are Disgusting also batting is unstable no confidence stupid head less chickens.remove all from top to bottom ...,high_disagreement,3,1.584962500721156,0.6666666666666667,1.0,1.0,1.0,"[94, 5462, 4148]","[0.0, 2.0, 1.0]"
43459,Thank God you didn't fall into all these people's hand by forming or starting a church 90% of Nigerians are fools and block heads,high_disagreement,4,1.5,0.5,1.25,1.5,0.9574271077563381,"[4591, 6047, 10844, 9848]","[1.0, 0.0, 2.0, 2.0]"
16568,Suck my dick you cunt. Get over it.,high_disagreement,4,1.0,0.5,1.0,1.0,1.1547005383792515,"[8297, 11062, 2934, 4995]","[2.0, 0.0, 0.0, 2.0]"
42455,Remove the racist terrorist Omar that attacks Jewish people and Americans people over 911. Go back. Allah is waiting for you.,high_disagreement,3,1.584962500721156,0.6666666666666667,1.0,1.0,1.0,"[7078, 1578, 1997]","[0.0, 2.0, 1.0]"
39792,This is the belief of Muslims.  And This is our message to every enemy of Islam.  #لبیک_غزوہ_ہند URL,high_disagreement,3,1.584962500721156,0.6666666666666667,1.0,1.0,1.0,"[5310, 7649, 10808]","[1.0, 0.0, 2.0]"
22295,"Muslim terrorist murdered 8 innocent people in New York ""in the name of Allah"" ITS ALWAYS A MUSLIM TERROTIST NEVER a Christian terrorist because the Bible doesn't tell it's Christ followers to kill people who don't join their religion like the Koran does URL URL",high_disagreement,4,1.0,0.5,1.0,1.0,1.1547005383792515,"[1450, 4282, 3832, 8086]","[2.0, 0.0, 2.0, 0.0]"
33812,Stop letting niggas who don't drink water or eat fruits and vegetables bust in you. Niggas with dirty fingernails touch you.,high_disagreement,3,1.584962500721156,0.6666666666666667,1.0,1.0,1.0,"[10661, 9514, 8750]","[0.0, 1.0, 2.0]"
20032,shut the fuck up you dumb black bitch,high_disagreement,374,1.0970660510810386,0.2887700534759359,1.4919786096256684,2.0,0.8308333227941002,"[4660, 7259, 2171, 2593, 4616, 10272, 6007, 11053, 4263, 9937, 4686, 6036, 7432, 3853, 6974, 8392, 9585, 5021, 7473, 3993, 2359, 5844, 6369, 11004, 3989, 962, 9070, 1652, 677, 1273, 10036, 1440, 8708, 556, 10780, 380, 6923, 6697, 603, 10909, 673, 1859, 3190, 8820, 6725, 9467, 9310, 1387, 5264, 141, 1470, 6103, 9091, 10151, 10231, 9163, 218, 8821, 6067, 6208, 2529, 6547, 2890, 7917, 7751, 6721, 9351, 2546, 4511, 5226, 6601, 3100, 10344, 6952, 6857, 7475, 4063, 5463, 4149, 8989, 8188, 8532, 10525, 4888, 2847, 2807, 7683, 8720, 2905, 6881, 3912, 8355, 9531, 2505, 11052, 10138, 5862, 6888, 5686, 10580, 2748, 9942, 8827, 2322, 5689, 3004, 11141, 9981, 2926, 7483, 1686, 2724, 4753, 4522, 8180, 10921, 2395, 2263, 4553, 6394, 4962, 7531, 4118, 6959, 10947, 2733, 3067, 10775, 6379, 671, 4187, 2556, 2745, 7618, 911, 8328, 8528, 8785, 679, 8086, 8725, 8154, 8795, 7227, 742, 2140, 10029, 5600, 8797, 10961, 7231, 7655, 10570, 833, 5251, 1720, 7496, 5694, 7504, 9119, 4555, 2856, 7043, 7285, 2467, 10892, 9066, 10715, 1957, 6836, 2335, 8879, 4158, 7688, 574, 6040, 7161, 10940, 3135, 9299, 10408, 2564, 1358, 11003, 1094, 7298, 3402, 7047, 6320, 7506, 3785, 8032, 3732, 2782, 8651, 1010, 6057, 3019, 459, 1814, 2116, 8932, 9610, 859, 8841, 10099, 559, 5089, 4394, 6408, 3914, 182, 10269, 6310, 8011, 1076, 2582, 5454, 1845, 2510, 10475, 5520, 10181, 2540, 929, 7953, 2105, 101, 10312, 5198, 8901, 6954, 2594, 6757, 9874, 9853, 713, 6173, 8316, 9234, 7779, 9169, 25, 9461, 7546, 7202, 1839, 4983, 5360, 9322, 1259, 9857, 7945, 3456, 5711, 8387, 1250, 10324, 3174, 3017, 6304, 10763, 9707, 3342, 9253, 5761, 531, 7623, 493, 5377, 7262, 2101, 10979, 8457, 5420, 8505, 6063, 9179, 1712, 6990, 10328, 959, 7736, 8660, 2421, 1112, 3258, 6957, 4622, 2372, 5451, 5169, 386, 8126, 7801, 6107, 2088, 10161, 2022, 2658, 8739, 7104, 5387, 8921, 10513, 4529, 1681, 9914, 2133, 7958, 9361, 3020, 8214, 9232, 8631, 7972, 6536, 9633, 2601, 9374, 4397, 5196, 9546, 3354, 6532, 3470, 9800, 6551, 4012, 2016, 3696, 463, 2851, 1209, 2524, 6106, 3969, 3085, 11142, 7361, 11036, 10270, 10383, 9888, 5106, 495, 9159, 853, 5379, 6348, 10313, 7705, 5014, 9459, 6841, 3319, 1704, 5345, 188, 6668, 4280, 10970, 3243, 8181, 5296, 6635, 15, 10750, 383, 10280, 9602, 9076, 2342, 1868]","[2.0, 0.0, 0.0, 2.0, 2.0, 0.0, 2.0, 2.0, 1.0, 0.0, 0.0, 2.0, 0.0, 2.0, 2.0, 2.0, 2.0, 1.0, 2.0, 2.0, 2.0, 2.0, 0.0, 2.0, 0.0, 0.0, 2.0, 2.0, 2.0, 2.0, 2.0, 0.0, 2.0, 2.0, 2.0, 0.0, 0.0, 2.0, 2.0, 2.0, 2.0, 0.0, 1.0, 0.0, 2.0, 2.0, 2.0, 1.0, 0.0, 0.0, 2.0, 2.0, 2.0, 2.0, 2.0, 2.0, 2.0, 2.0, 2.0, 2.0, 0.0, 2.0, 2.0, 2.0, 0.0, 2.0, 0.0, 2.0, 2.0, 2.0, 2.0, 2.0, 2.0, 0.0, 0.0, 2.0, 2.0, 2.0, 2.0, 1.0, 0.0, 2.0, 2.0, 2.0, 2.0, 2.0, 2.0, 2.0, 2.0, 2.0, 2.0, 2.0, 2.0, 2.0, 2.0, 2.0, 2.0, 2.0, 2.0, 2.0, 2.0, 2.0, 2.0, 2.0, 2.0, 2.0, 2.0, 2.0, 2.0, 2.0, 2.0, 2.0, 0.0, 2.0, 0.0, 2.0, 2.0, 2.0, 2.0, 2.0, 2.0, 2.0, 0.0, 2.0, 0.0, 2.0, 0.0, 2.0, 2.0, 2.0, 2.0, 1.0, 2.0, 0.0, 2.0, 2.0, 0.0, 2.0, 0.0, 2.0, 2.0, 2.0, 2.0, 2.0, 2.0, 0.0, 0.0, 0.0, 0.0, 2.0, 2.0, 2.0, 2.0, 2.0, 2.0, 2.0, 2.0, 2.0, 2.0, 2.0, 2.0, 2.0, 0.0, 0.0, 1.0, 2.0, 1.0, 0.0, 2.0, 2.0, 2.0, 2.0, 0.0, 2.0, 2.0, 2.0, 2.0, 2.0, 2.0, 2.0, 2.0, 1.0, 1.0, 2.0, 2.0, 2.0, 2.0, 2.0, 1.0, 2.0, 2.0, 0.0, 2.0, 2.0, 2.0, 0.0, 2.0, 2.0, 1.0, 2.0, 2.0, 1.0, 2.0, 2.0, 0.0, 2.0, 2.0, 2.0, 2.0, 2.0, 2.0, 2.0, 1.0, 2.0, 0.0, 2.0, 2.0, 2.0, 2.0, 2.0, 2.0, 1.0, 0.0, 2.0, 1.0, 2.0, 2.0, 0.0, 2.0, 0.0, 0.0, 2.0, 0.0, 2.0, 2.0, 2.0, 0.0, 2.0, 2.0, 0.0, 0.0, 2.0, 1.0, 0.0, 2.0, 2.0, 2.0, 2.0, 1.0, 0.0, 0.0, 2.0, 2.0, 2.0, 0.0, 0.0, 0.0, 0.0, 2.0, 0.0, 1.0, 2.0, 2.0, 2.0, 2.0, 2.0, 2.0, 2.0, 2.0, 2.0, 2.0, 0.0, 0.0, 2.0, 0.0, 2.0, 2.0, 2.0, 2.0, 0.0, 2.0, 2.0, 2.0, 2.0, 2.0, 2.0, 2.0, 2.0, 0.0, 2.0, 2.0, 1.0, 2.0, 2.0, 2.0, 0.0, 2.0, 2.0, 1.0, 2.0, 2.0, 2.0, 2.0, 0.0, 0.0, 2.0, 2.0, 2.0, 2.0, 2.0, 0.0, 0.0, 2.0, 2.0, 2.0, 2.0, 2.0, 0.0, 2.0, 2.0, 2.0, 2.0, 2.0, 0.0, 0.0, 0.0, 2.0, 0.0, 2.0, 2.0, 2.0, 2.0, 2.0, 2.0, 2.0, 0.0, 2.0, 2.0, 2.0, 2.0, 2.0, 2.0, 1.0, 0.0, 0.0, 2.0, 2.0, 2.0, 2.0, 1.0, 2.0, 2.0, 2.0, 2.0, 0.0, 0.0, 2.0, 0.0, 2.0, 1.0, 0.0, 2.0, 2.0, 2.0, 0.0, 2.0, 2.0, 1.0, 2.0, 1.0, 0.0, 2.0, 2.0, 2.0]"
22470,I don't want to get to know another nigga.,high_disagreement,4,1.0,0.5,1.5,1.5,0.5773502691896257,"[3040, 5805, 1938, 1124]","[2.0, 2.0, 1.0, 1.0]"
39094,"Well maybe instead of just eating our Kebabs, they should take another page out of brown folks' book and WASH THEIR ASSES! URL",high_disagreement,3,1.584962500721156,0.6666666666666667,1.0,1.0,1.0,"[3039, 2677, 5962]","[1.0, 0.0, 2.0]"
42427,kendie chizzy Just put the African continent out their misery period,high_disagreement,3,1.584962500721156,0.6666666666666667,1.0,1.0,1.0,"[2488, 759, 2297]","[2.0, 0.0, 1.0]"
26382,they're all coming to America to kill you rape you steal from you take over the country and turn it into the scumbag shitholecountry they came from,high_disagreement,4,1.0,0.5,1.0,1.0,1.1547005383792515,"[1619, 8740, 7380, 6118]","[0.0, 2.0, 0.0, 2.0]"
24408,"*Meets a Hindi guy*  Thinks the entire world speaks in Hindi  Me: Bhai, you are still in your cow shed, wake up from your dream, your task for today is to lynch someone and vote for a terrorist URL",high_disagreement,4,1.5,0.5,0.75,0.5,0.9574271077563382,"[3094, 1890, 2977, 991]","[2.0, 0.0, 0.0, 1.0]"
27980,I stg you couldn't pay this nigga to leave me alone 🥴,high_disagreement,4,1.5,0.5,1.25,1.5,0.9574271077563382,"[9946, 1933, 4052, 2541]","[0.0, 2.0, 2.0, 1.0]"
8810,You are a fucking fucker. Burn in asian hell,high_disagreement,3,1.584962500721156,0.6666666666666667,1.0,1.0,1.0,"[5387, 6612, 3946]","[0.0, 2.0, 1.0]"
47502,"USA gets what it deserves. Maybe a few more tornado's, heat waves, desimated crops, floodings etc. will open their eyes. Such arrogance and stupidity. You can't breath money.",high_disagreement,4,1.5,0.5,0.75,0.5,0.9574271077563381,"[7433, 8021, 10472, 4889]","[2.0, 1.0, 0.0, 0.0]"
20634,Fun fact: Only respecting women that you're attracted to isn't respecting women.,low_disagreement,4,-0.0,0.0,0.0,0.0,0.0,"[1930, 1639, 3401, 3762]","[0.0, 0.0, 0.0, 0.0]"
20951,@Sethdiddy @Andrewpic947 white people scared of they kids lmfaoooooo,low_disagreement,4,-0.0,0.0,0.0,0.0,0.0,"[1743, 5697, 5555, 3979]","[0.0, 0.0, 0.0, 0.0]"
40184,Keep deleting my comments!! And I'll just keep commenting. JESUS IS THE ONLY WAY TO ETERNAL LIFE. HE DIED FOR EVERYONES SINS. THESE PEOPLE WORSHIP SATAN. THEY SAY god ALL THE TIME BUT THEY ARE NOT TALKING ABOUT THE LIVING GOD. THEY ARE TALKING ABOUT THEIR FALSE GOD SATAN. REPENT AND ACCEPT JESUS CHRIST AS YOUR LORD AND SAVIOR. JOHN 3:16!!!!,low_disagreement,3,-0.0,0.0,0.0,0.0,0.0,"[3948, 1816, 5412]","[0.0, 0.0, 0.0]"
37497,"Respectfully, mental health issues and white supremacist ideologies can co-exist. Acknowledging this does not have to stigmatize the former nor dilute a critique of the latter.",low_disagreement,4,-0.0,0.0,0.0,0.0,0.0,"[2632, 6094, 2519, 3985]","[0.0, 0.0, 0.0, 0.0]"
31269,Why do I get asked if I'm part black so often.... I'm whiter than Casper.,low_disagreement,3,-0.0,0.0,0.0,0.0,0.0,"[2914, 10452, 4773]","[0.0, 0.0, 0.0]"
47279,and we want these people flooding our country unvetted......,low_disagreement,3,-0.0,0.0,0.0,0.0,0.0,"[6100, 5802, 10952]","[0.0, 0.0, 0.0]"
43976,@Seek The Truth Most of that stems from white men in the US being the only ones allowed in high positions of power for nearly 200 years.  In an ideal world race wouldnt matter but we cannot just Ignore American history and it's well documented cases of racial inequality.,low_disagreement,3,-0.0,0.0,0.0,0.0,0.0,"[6766, 2626, 3002]","[0.0, 0.0, 0.0]"
30733,"@GodDanC @Franklin_Graham In the mean time the ADULT may or may not be her parent. In the mean time they make the trek to America because people like yourself send a signal of hope, else they wouldn't attempt the journey. No amount of tax dollars can effectively help these poor trespassers.",low_disagreement,3,-0.0,0.0,0.0,0.0,0.0,"[8350, 4895, 3392]","[0.0, 0.0, 0.0]"
24818,i need new lgbt+ mutuals... if you want rt this please so I can find new ones?,low_disagreement,3,-0.0,0.0,0.0,0.0,0.0,"[4183, 10696, 11010]","[0.0, 0.0, 0.0]"
686,Probably the fact that I have worn a headscarf during sex and not because I wear it usually but just because I was putting on the naughty Muslim girl act. 😂,low_disagreement,4,-0.0,0.0,0.0,0.0,0.0,"[6719, 4144, 3898, 2990]","[0.0, 0.0, 0.0, 0.0]"
7996,"It pretty much is something like, ""the black man recorded the mean white man saying he needs to leave the building that the white man lives in or at least call whoever invited the black man to the building to come show that he is allowed to be in the building, what a mean white man. The black man told the white man that he's gonna be on tv now""",low_disagreement,3,-0.0,0.0,0.0,0.0,0.0,"[9695, 366, 9965]","[0.0, 0.0, 0.0]"
14253,"Triple talaq. You're saying it's in the Quran, but most people would say it isn't. It's a matter of interpretation.",low_disagreement,3,-0.0,0.0,0.0,0.0,0.0,"[2098, 10352, 3075]","[0.0, 0.0, 0.0]"
10749,Nah. We go by members of The Church of Jesus Christ,low_disagreement,3,-0.0,0.0,0.0,0.0,0.0,"[4006, 2076, 6606]","[0.0, 0.0, 0.0]"
49058,I hope this inspires more women of color to run for office. We need more of them in office. There is strength in numbers!,low_disagreement,4,-0.0,0.0,0.0,0.0,0.0,"[3268, 5554, 10490, 2550]","[0.0, 0.0, 0.0, 0.0]"
5597,"Wow I'm actually crying right now, thank you so much. It is super comforting to know that other people have experienced this too. It feels stupid to be embarrassed/in denial about being bisexual, especially when it's so ""desirable"" in a woman, but in reality i just need to accept myself and come to terms with it, no matter what anyone else says. Thank you thank you thank you",low_disagreement,4,-0.0,0.0,0.0,0.0,0.0,"[4103, 1505, 7087, 1321]","[0.0, 0.0, 0.0, 0.0]"
44720,The only due process is deportation. Seriously people? There should never be any RIGHTS guaranteed to any ILLEGAL other than a bus ride back to the country they snuck over the boarder from.,low_disagreement,3,-0.0,0.0,0.0,0.0,0.0,"[732, 8495, 1949]","[0.0, 0.0, 0.0]"
24520,"Happy Eid Mubarak from the #Jitaku Team, to all our esteemed Muslim clients, friends & family! #Jitaku  #EkoAtlantic  #LuxuryServicedApartments  #TravelLuxe #Everydayjoy  #EidMubarak  #HappyEid URL",low_disagreement,3,-0.0,0.0,0.0,0.0,0.0,"[4845, 598, 4684]","[0.0, 0.0, 0.0]"
11680,"Most of my male friends are 15-20 years younger than I am, and one thing I really appreciate is how affectionate they are, without fear of being emasculated for it. They often tell me they love me!",low_disagreement,3,-0.0,0.0,0.0,0.0,0.0,"[3934, 1485, 7504]","[0.0, 0.0, 0.0]"
1402,"I mean I agree with you, but focusing on Islam only instead of religion in general is like punishing 1 of your 2 kids for doing the same. Oppressive religion should be your focus, not oppressive Islam",low_disagreement,4,-0.0,0.0,0.0,0.0,0.0,"[4901, 529, 1883, 4774]","[0.0, 0.0, 0.0, 0.0]"
48622,Disney must make a story about Filipino,low_disagreement,3,-0.0,0.0,0.0,0.0,0.0,"[3600, 6872, 1157]","[0.0, 0.0, 0.0]"
1916,"Ex-Muslim here too. Yeah you are right, there are many good things that can be taken from Muhammad.",low_disagreement,3,-0.0,0.0,0.0,0.0,0.0,"[594, 1308, 4089]","[0.0, 0.0, 0.0]"
4842,Should have whooped those racist mayos,low_disagreement,3,-0.0,0.0,2.0,2.0,0.0,"[9642, 3778, 9361]","[2.0, 2.0, 2.0]"
15420,> atheism disproven by the various atheists who irrationally reject antisemitic theory URL.gif,low_disagreement,4,-0.0,0.0,0.0,0.0,0.0,"[5262, 1314, 7061, 2759]","[0.0, 0.0, 0.0, 0.0]"
7108,This seems to ignore that a lot of these companies have LGBT+ employees and celebrating Pride helps make the work environment more inclusive for those people. Most of the time I've seen Pride events for companies they are organized by mostly LGBT+ people.,low_disagreement,4,-0.0,0.0,0.0,0.0,0.0,"[1861, 6182, 7193, 6511]","[0.0, 0.0, 0.0, 0.0]"
34140,"""To say that [there is] equality for Iranian women and the Iranian men is a fantastic revolutionary word, so thank you very much."" - Bernard Kouchner, Fmr. French Foreign Minister & Co-founder of Doctors Without Borders #FreeIran #Iran @4FreedominIran #sp URL",low_disagreement,3,-0.0,0.0,0.0,0.0,0.0,"[608, 5632, 3655]","[0.0, 0.0, 0.0]"
24926,Ummmm my Maternal Grandfather came here from Italy (with the whole family) when he was 9 yrs old🤦🏻‍♀️ They came here LEGALLY! URL,low_disagreement,3,-0.0,0.0,0.0,0.0,0.0,"[531, 6238, 9510]","[0.0, 0.0, 0.0]"
42553,"It's kind of sad hearing so much talk about finding a church that works for me and looking for churches that agree with me. We should look for a church that preaches Truth and honors God, even if it challenges us and our choices.",low_disagreement,3,-0.0,0.0,0.0,0.0,0.0,"[28, 533, 8932]","[0.0, 0.0, 0.0]"
13517,LGBTQ+ sourced are grasping at straws? Lmao okay bud.,low_disagreement,3,-0.0,0.0,0.0,0.0,0.0,"[10878, 8112, 11075]","[0.0, 0.0, 0.0]"
1410,"Yeah, mid 20s, I think it's regional. My sister would say ""awwww, poor baby, want me to call the waaaaaa-mbulance?"" when I was little.",low_disagreement,3,-0.0,0.0,0.0,0.0,0.0,"[10514, 7717, 3038]","[0.0, 0.0, 0.0]"
10019,"Person of color. Dont get me wrong I don't want things to be white washed. In the books yen was very white, as well as fringilla vigo.",low_disagreement,4,-0.0,0.0,0.0,0.0,0.0,"[2267, 5776, 1138, 5591]","[0.0, 0.0, 0.0, 0.0]"
5135,"So heaven is a Christian band camp? Yea, I'll pass on that. I'm a grown man and I like sex. I expect to have it in paradise as I had it on earth but better. On account cuz it's, you know, paradise and such.",low_disagreement,4,-0.0,0.0,0.0,0.0,0.0,"[4290, 8819, 2190, 1766]","[0.0, 0.0, 0.0, 0.0]"
3297,"Not my fault you can't read, faggot.",low_disagreement,3,-0.0,0.0,2.0,2.0,0.0,"[6033, 1948, 10060]","[2.0, 2.0, 2.0]"
44815,Indians are a pack of dirty filthy cunts When they're not raping kids they're shitting in the street . Let the cunts swim in the Ganges hopefully they'll all die of some disease.,low_disagreement,3,-0.0,0.0,2.0,2.0,0.0,"[4860, 10555, 7638]","[2.0, 2.0, 2.0]"
569,I'm an atheist but believe it is wrong to murder people. The fact you think you can't be a moral atheist makes you as bad as the evangelicals.,low_disagreement,3,-0.0,0.0,0.0,0.0,0.0,"[9400, 3531, 10073]","[0.0, 0.0, 0.0]"
1713,I love cross-dressing.,low_disagreement,3,-0.0,0.0,0.0,0.0,0.0,"[10408, 2518, 590]","[0.0, 0.0, 0.0]"
29642,"Yessssssss. The idea that Blackness is constructed in the exact same ways outside of the US is one of the main reasons we're constantly going back n forth about which Caribbean-American people are & arent ""Black"". URL",low_disagreement,4,-0.0,0.0,0.0,0.0,0.0,"[9148, 6667, 7852, 9458]","[0.0, 0.0, 0.0, 0.0]"
23481,@DoYouEvenLIf @scarlettrabe Americans are prone to cults.,low_disagreement,3,-0.0,0.0,0.0,0.0,0.0,"[3447, 7641, 939]","[0.0, 0.0, 0.0]"
14937,"Women who act like a man is supposed to do everything because they're too ""Fragile"".",low_disagreement,3,-0.0,0.0,0.0,0.0,0.0,"[10851, 3622, 10380]","[0.0, 0.0, 0.0]"
29072,@IamSethR aww booboo - does the nasty woman intimidate your minuscule manhood? 🤣🤣🤣🤣,low_disagreement,4,-0.0,0.0,0.0,0.0,0.0,"[2878, 3153, 10006, 8730]","[0.0, 0.0, 0.0, 0.0]"
31121,@Jmruggiero84 @docrocktex26 @pricklyeater @pannlewis44 No that's not right either now you are marginalizing white people. There has to be coexistence And acceptance,low_disagreement,3,-0.0,0.0,0.0,0.0,0.0,"[3894, 4364, 11007]","[0.0, 0.0, 0.0]"
49429,Deport them immediately. These are inhumane conditions and look like concentration camp.,low_disagreement,4,-0.0,0.0,0.0,0.0,0.0,"[8713, 9038, 5474, 6824]","[0.0, 0.0, 0.0, 0.0]"
46974,"She included Muslim women wearing hijab in this video and it is just amazing... And also, she made this video in a country where women didn't have the right to drive till not so long ago! Good job Rita! <3",low_disagreement,4,-0.0,0.0,0.0,0.0,0.0,"[3932, 9024, 9009, 7745]","[0.0, 0.0, 0.0, 0.0]"
22409,URL   Two dick in my pussy. double penetration. gangbang. group - free Sex Videos incest Arab     URL   URL   URL #الترجي_الوداد,low_disagreement,3,-0.0,0.0,0.0,0.0,0.0,"[3795, 10900, 7775]","[0.0, 0.0, 0.0]"
31679,the fact that y'all females think being mean is cute is beyond me,low_disagreement,4,-0.0,0.0,0.0,0.0,0.0,"[7845, 4287, 2874, 6971]","[0.0, 0.0, 0.0, 0.0]"
4664,I have a lesbian friend. Although she's not really part of my typical guy friend group,low_disagreement,3,-0.0,0.0,0.0,0.0,0.0,"[7613, 6037, 4934]","[0.0, 0.0, 0.0]"
31067,@K_JeanPierre @IlhanMN Send all of them back to Somalia on a one way ticket,low_disagreement,3,-0.0,0.0,0.0,0.0,0.0,"[7454, 4747, 9421]","[0.0, 0.0, 0.0]"
43735,"*Black NBA players have a lot of power, and Bill Russell is a big reason why-Facts",low_disagreement,4,-0.0,0.0,0.0,0.0,0.0,"[2550, 5062, 9843, 290]","[0.0, 0.0, 0.0, 0.0]"
23833,"According to these anti Ahmadi Muslims,we fabricated the Qur'an Allah has Promised to Protect His book.These opponents of Jamaat think human beings made Allah Break His Promise!  Our Qur'an is the same and we have translated it into more languages than the entire ummah combined URL",low_disagreement,3,-0.0,0.0,0.0,0.0,0.0,"[6236, 5768, 10256]","[0.0, 0.0, 0.0]"
14994,"Quite a few. Some of my friends have really religious parents, some of them just come from a country/culture where being trans is not common. But most of the time it's people who they thought were their friends that just get weird after being told.",low_disagreement,3,-0.0,0.0,0.0,0.0,0.0,"[9151, 3872, 3322]","[0.0, 0.0, 0.0]"
1313,too many fags on this sub wtf,low_disagreement,3,-0.0,0.0,2.0,2.0,0.0,"[1804, 6589, 295]","[2.0, 2.0, 2.0]"
41090,i am from germany ... we have every day knife attacks from ilegal migrants almost every day..hope trump will win again in 2020,low_disagreement,3,-0.0,0.0,0.0,0.0,0.0,"[5561, 4167, 9667]","[0.0, 0.0, 0.0]"
11790,You guys are all so kindddd 😭😭 thank you so much this makes me feel better about coming out,low_disagreement,3,-0.0,0.0,0.0,0.0,0.0,"[6196, 9488, 8511]","[0.0, 0.0, 0.0]"
36930,Because ISIS is an existing terrorist group. Young white men are a demonized demographic. How do you create outbursts of nihilistic violence? By doing exactly what you are doing and refusing to see young white men as anything more than the sum total of all the evil in the world. URL,low_disagreement,3,-0.0,0.0,0.0,0.0,0.0,"[4948, 5001, 3961]","[0.0, 0.0, 0.0]"
29352,Once I Be With A Female And She Do Anything Else With Another Nigga Ion Want Her Nomo .. Shit Be Cooked For Me,low_disagreement,3,-0.0,0.0,2.0,2.0,0.0,"[6784, 2515, 39]","[2.0, 2.0, 2.0]"
13764,The first people that shot up the sign were white so chances are it was white people again.,low_disagreement,4,-0.0,0.0,0.0,0.0,0.0,"[4360, 6499, 6317, 3044]","[0.0, 0.0, 0.0, 0.0]"
11613,Thank goodness all men don't think like you do.,low_disagreement,3,-0.0,0.0,0.0,0.0,0.0,"[3317, 815, 6553]","[0.0, 0.0, 0.0]"
22476,"at least the women youre talking about know how to do something, men can't cook or fuck URL",low_disagreement,4,-0.0,0.0,0.0,0.0,0.0,"[6236, 11108, 5768, 10256]","[0.0, 0.0, 0.0, 0.0]"
34703,"@farleycharl @BunburyLady @PointlessSpike @notCursedE @Christy_Char ""Transsexual"" acknowledges that it's possible to change sex",low_disagreement,3,-0.0,0.0,0.0,0.0,0.0,"[256, 1241, 684]","[0.0, 0.0, 0.0]"
9904,How long till ur balls finally drop after I'm done sodomizing ur sister u cuckold faggot!!!!!!,low_disagreement,3,-0.0,0.0,2.0,2.0,0.0,"[2483, 10788, 2052]","[2.0, 2.0, 2.0]"
40412,Thank you for being Real Ellen. Zip your lip mean people. I don't agree with LGTB but I love my fellow humans. Bless you and mom Ellen. Hugs!,low_disagreement,3,-0.0,0.0,0.0,0.0,0.0,"[9567, 1496, 4748]","[0.0, 0.0, 0.0]"
3926,"Two of my friends have 4 parents, all gay. It was surprising at first but they're all great people. They're on good terms with the kids so my friends just have more adult guidance in their lives. It was interesting to piece together when they talked about their families.",low_disagreement,4,-0.0,0.0,0.0,0.0,0.0,"[8142, 8277, 10794, 2265]","[0.0, 0.0, 0.0, 0.0]"
24684,False beliefs about nonexistent biological differences between Black people vs. white is still incredibly prevalent in the medical field. Excellent article exploring how this harms hurt/ill Black people & contributes to police & other kinds of violence URL,low_disagreement,3,-0.0,0.0,0.0,0.0,0.0,"[1203, 1831, 10724]","[0.0, 0.0, 0.0]"
20200,Nevada Student Posts Racist Rant To Snapchat: 'N*ggers Burn In Hell' URL,low_disagreement,3,-0.0,0.0,2.0,2.0,0.0,"[4697, 10016, 9332]","[2.0, 2.0, 2.0]"
27479,"U right, probably some old nigga named Clyde",low_disagreement,4,-0.0,0.0,2.0,2.0,0.0,"[9642, 3778, 9361, 2464]","[2.0, 2.0, 2.0, 2.0]"
19061,"Damn she's hot, great ass. Almost looks like an ex of mine with that tattoo. Looks like she's getting some thick dick!",low_disagreement,3,-0.0,0.0,0.0,0.0,0.0,"[5360, 31, 5712]","[0.0, 0.0, 0.0]"
24311,@majorgauravarya @rahuldewan True. The spirit and intent of religion centric initiatives must be put to scrutiny.,low_disagreement,4,-0.0,0.0,0.0,0.0,0.0,"[7279, 2901, 5449, 6207]","[0.0, 0.0, 0.0, 0.0]"
37859,"Trump laughs after audience member suggests shooting migrants - May 2019 #Trump had asked the crowd: 'How do you stop these people?' After laughing at the response, he added: 'Only in the panhandle can you get away with that statement #massshootings #WhiteNationalistTerrorism URL",low_disagreement,3,-0.0,0.0,0.0,0.0,0.0,"[3475, 7266, 4019]","[0.0, 0.0, 0.0]"
13557,"Native Americans were all killing each other the whole time. If Natives were the culturally advanced society invading Europe nothing would've changed. They aren't any different, better or worse, than any other culture they simply didn't have the means to oppress the Europeans en masse because they were living in the Stone Age. The Native American history is extremely sad but historically completely in line with how most advanced cultures treated technologically inferior ones.",low_disagreement,3,-0.0,0.0,0.0,0.0,0.0,"[9262, 10680, 7789]","[0.0, 0.0, 0.0]"
49461,"That argument for diversity was true last century but we have much more diversity now (case in point: God Friended Me). SJ is just stunningly beautiful as well as talented, and most important to producers, attracts more people to see her movies. When Morgan Freeman can play God, you've arrived. To get ahead, it helps to be the best, if a transgender person wants that role, maybe start by producing film shorts showcasing their talent?",low_disagreement,3,-0.0,0.0,0.0,0.0,0.0,"[10721, 3989, 6853]","[0.0, 0.0, 0.0]"
16287,"Not all of us, some are just refugee moderates.",low_disagreement,3,-0.0,0.0,0.0,0.0,0.0,"[9551, 5825, 9371]","[0.0, 0.0, 0.0]"
10612,Ruling party is using the dehumanisation of LGBT people as a rallying thing before the elections this fall. Basically NSDAP tactics.,low_disagreement,3,-0.0,0.0,0.0,0.0,0.0,"[8207, 6989, 10495]","[0.0, 0.0, 0.0]"
6595,This man... This man deserves respect. And use Indian costumes too.,low_disagreement,3,-0.0,0.0,0.0,0.0,0.0,"[3653, 1661, 5698]","[0.0, 0.0, 0.0]"
46873,"It's not Mexico. Most immigrants aren't from Mexico, they're from other parts of South America, like the Honduras and Guatamala.",low_disagreement,4,-0.0,0.0,0.0,0.0,0.0,"[2441, 8834, 20, 3119]","[0.0, 0.0, 0.0, 0.0]"
45200,"THANK YOU! PRESIDENT TRUMP! YES!!! SEND ALL ILLEGALS BACK TO THEIR COUNTRY, WE HAVE TO TAKE CARE OF ALL HOMELESS AMERICAN VETERANS SLEEPING IN THE STREETS, WHILE ILLEGALS ARE ENJOYING GOVERNMENT HOUSING, FREE FOOD STAMPS, FREE SCHOOLS, AND FREE HEALTH CARE. SADLY ILLEGALS ARE KILLING AMERICANS.",low_disagreement,4,-0.0,0.0,0.0,0.0,0.0,"[646, 2293, 5481, 1229]","[0.0, 0.0, 0.0, 0.0]"
15509,"Canada has an ""Express Entry"" fast-tracked (~6-9 months) immigration program for foreigners with education and experience in tech, medicine, education, science, and other specialized professional fields. They approve over 6000 applicants each month.",low_disagreement,3,-0.0,0.0,0.0,0.0,0.0,"[1395, 1814, 2195]","[0.0, 0.0, 0.0]"
7416,Everyone knows that muslims are the real rulers of the world,low_disagreement,3,-0.0,0.0,0.0,0.0,0.0,"[3516, 6538, 5590]","[0.0, 0.0, 0.0]"
44199,"LEVITICUS 19:34 The alien that resides with you shall be to you as the citizen among you: you shall love the alien as yourself, for you were aliens in the land of Egypt: I am the Lord your God.  Pretty clear what God thinks of immigration. He didn't cage, arrest, or deny the needy. It's funny how conservatives choose mans law over gods law when it suits them politically. God is watching conservatives and he is VERY disappointed. For ye are the wolves in sheep's clothing.",low_disagreement,3,-0.0,0.0,0.0,0.0,0.0,"[2219, 3458, 4134]","[0.0, 0.0, 0.0]"
16502,Bill Nye all Jews should die,low_disagreement,3,-0.0,0.0,2.0,2.0,0.0,"[1976, 7451, 3193]","[2.0, 2.0, 2.0]"
48423,And...how about their barbaric laws against homosexuality? Throwing gays off of rooftops is a common past time in this theocratic Islamic country. And so so much more,low_disagreement,3,-0.0,0.0,0.0,0.0,0.0,"[11054, 6834, 8693]","[0.0, 0.0, 0.0]"
41101,"Being I've had girls 6"" shorter than me tell me I'm too short for them i can see how guys would assume you wouldn't be interested in a short guy.",low_disagreement,3,-0.0,0.0,0.0,0.0,0.0,"[3461, 3671, 2251]","[0.0, 0.0, 0.0]"
10157,Wow what a giant faggot,low_disagreement,4,-0.0,0.0,2.0,2.0,0.0,"[1367, 2501, 8001, 725]","[2.0, 2.0, 2.0, 2.0]"
39176,AZERBAIJAN: Pray for outreach and ministry work to the nearly 1 million displaced people in Azerbaijan. URL,low_disagreement,3,-0.0,0.0,0.0,0.0,0.0,"[1516, 2063, 10446]","[0.0, 0.0, 0.0]"
43726,Send them back where? The irony in how everything around Trump ends up in stupidity is they're all American citizens and Trump pretty much was talking about America when he says their country is infested with violence and a bad government😂😂,low_disagreement,3,-0.0,0.0,0.0,0.0,0.0,"[5755, 3949, 9467]","[0.0, 0.0, 0.0]"
40404,Y'all ain't put the black kid that brought me here on the video,low_disagreement,3,-0.0,0.0,0.0,0.0,0.0,"[3992, 3773, 2029]","[0.0, 0.0, 0.0]"
17279,That's not a nice thing to say about a woman...,low_disagreement,4,-0.0,0.0,0.0,0.0,0.0,"[8943, 4418, 2323, 2313]","[0.0, 0.0, 0.0, 0.0]"
23,"Build the wall, and put these spics in prison with the nogs.",low_disagreement,3,-0.0,0.0,2.0,2.0,0.0,"[1007, 10392, 770]","[2.0, 2.0, 2.0]"
23913,"As Ramadan comes to an end, is like to wish you guys a ""special"" Eid Mubarak 😇😂 URL",low_disagreement,3,-0.0,0.0,0.0,0.0,0.0,"[439, 9208, 4314]","[0.0, 0.0, 0.0]"
11210,"MaddRespect to you man, it feels good that overseas pakistani actually still care about Pakistan despite the fact that they are living good life abroad. God give you all long life.",low_disagreement,4,-0.0,0.0,0.0,0.0,0.0,"[10210, 1719, 10177, 8]","[0.0, 0.0, 0.0, 0.0]"
8334,"Well you know what nigga? Lots of angry niggas have ruled the world, and you why, nigga? Cause them angry niggas got drive, nigga, and I got the drive to send enough angry messages to send you packin, nigga.",low_disagreement,3,-0.0,0.0,2.0,2.0,0.0,"[8082, 5008, 7146]","[2.0, 2.0, 2.0]"
9832,"Hello fellow Iranian here, we use Iranian because we are Iranians, Persians were actually what we call ""Pars ha"" ""پارس ها"" they are part of our ancestors and they spoke complete parsi and we speak iranian which is a mix of parsi and arabic.",low_disagreement,3,-0.0,0.0,0.0,0.0,0.0,"[9030, 3984, 2143]","[0.0, 0.0, 0.0]"
3073,Fuck her mouth.,low_disagreement,3,-0.0,0.0,0.0,0.0,0.0,"[7136, 4624, 5668]","[0.0, 0.0, 0.0]"
5363,"My biggest regret in college (I just graduated) was not finding queer friends that were specifically women. I know several cis gay men and unfortunately we rarely relate to one another. I never really found queer friends in college and it's one of my biggest regrets. That being said, I did witness a girl I know make a lot of friends through my university's twitter crowd. She basically tweeted ""who wants to be in my queer girl squad"" and that worked for her! People started messaging her to hangout!",low_disagreement,4,-0.0,0.0,0.0,0.0,0.0,"[10920, 6847, 1253, 3944]","[0.0, 0.0, 0.0, 0.0]"
5583,"Fuck the president, fuck the police, and fuck your ass backwards religion.",low_disagreement,3,-0.0,0.0,0.0,0.0,0.0,"[3928, 9609, 9331]","[0.0, 0.0, 0.0]"
34961,"Don't waste my time fags, if you're in my DMs then you're gonna be my fag to exploit so I don't want excuses!  If you're following me then get messaging me to start serving your alpha 💵 #findom #paypig #payslave #Humiliation #blackmail #circlepay #paypal #sissy #cuck #alpha",low_disagreement,4,-0.0,0.0,2.0,2.0,0.0,"[323, 32, 5057, 7743]","[2.0, 2.0, 2.0, 2.0]"
6042,I'm half Chinese and Taiwanese :P,low_disagreement,4,-0.0,0.0,0.0,0.0,0.0,"[1725, 3914, 1911, 2995]","[0.0, 0.0, 0.0, 0.0]"
28714,The #Holocaust was real and so is #ChristianGenocide #STOPChristianGenocide At least 100 Christians incinerated in 'well-targeted attack' - WND URL via @worldnetdaily,low_disagreement,3,-0.0,0.0,0.0,0.0,0.0,"[9559, 8178, 4637]","[0.0, 0.0, 0.0]"
45286,"@Thankyou3403 Elizabeth Warren is nearly as old as Bernie, and just as white.",low_disagreement,3,-0.0,0.0,0.0,0.0,0.0,"[1611, 2485, 5135]","[0.0, 0.0, 0.0]"
16346,"I'm the opposite, I think he's gay and I understand why he feels the need to hide it. His fan base is made up of pre-teen and teen girls who need to think they stand a chance to one day get married to the heart throb on the poster in their bedroom. He is doing it to protect his career until he's at an age where he is no longer a heart throb. He will come out in his mid 30s.",low_disagreement,3,-0.0,0.0,0.0,0.0,0.0,"[3987, 6732, 3866]","[0.0, 0.0, 0.0]"
3288,"Mainly that when I tell people ""oh I'm not really attracted to any one gender, just kinda people"" (my copy-paste response to questions about my attraction) it doesn't mean that I'm sexually attracted to EVERYONE and would just lay down and let anyone have a go at my genitals. As much as I love when non-lgbt people have genuine curiosity in my lgbt stuff, I really dislike it when they assume I want to have sex with them just because I'm not bothered by gender.",low_disagreement,4,-0.0,0.0,0.0,0.0,0.0,"[5281, 10459, 6850, 3972]","[0.0, 0.0, 0.0, 0.0]"
49924,No it's the White Man's Fault,low_disagreement,3,-0.0,0.0,0.0,0.0,0.0,"[4684, 5198, 10303]","[0.0, 0.0, 0.0]"
48386,Send her back! Deport ALL infiltrators NOW! Is the USA the garbage can of the world?,low_disagreement,3,-0.0,0.0,0.0,0.0,0.0,"[684, 3684, 6790]","[0.0, 0.0, 0.0]"
5205,Someone dose this gaylord with a few tabs of LSD. Maybe then he'll finally realize how gay his chain looks on him.,low_disagreement,3,-0.0,0.0,2.0,2.0,0.0,"[6979, 1826, 9325]","[2.0, 2.0, 2.0]"
29378,If I wasn't gay before seeing this i definitely would be after URL,low_disagreement,3,-0.0,0.0,0.0,0.0,0.0,"[7794, 2184, 1931]","[0.0, 0.0, 0.0]"
5894,"she's the type of girl you'd rather fuck her face than her pussy, jesus she's beautiful",low_disagreement,3,-0.0,0.0,0.0,0.0,0.0,"[7554, 7913, 4234]","[0.0, 0.0, 0.0]"
45555,"Lesbian sister married to a black woman. Lesbian and interracial. Killing two PC birds with one stone I see. ""Johnny, tell them what they've won!""",low_disagreement,4,-0.0,0.0,0.0,0.0,0.0,"[5465, 4007, 9735, 6639]","[0.0, 0.0, 0.0, 0.0]"
28391,"On Shabbos, The Jewish People lost one of its greats, R' Nosson Kamenetzky Z""L.  Here is our tribute to the man who brought alive the legacy of the Lithuanian Yeshiva World and is one the inspirations behind #JewishHistorySoundbites: URL",low_disagreement,4,-0.0,0.0,0.0,0.0,0.0,"[8925, 7162, 544, 8875]","[0.0, 0.0, 0.0, 0.0]"
46125,Not if they continue to pay these women more than the men.. the women take home more percentage of the revenue than the men's team..,low_disagreement,4,-0.0,0.0,0.0,0.0,0.0,"[10602, 1745, 2064, 8638]","[0.0, 0.0, 0.0, 0.0]"
43967,"Sister, you can NEVER see a A1 Reporter from India, during Communication, in these WESTERN & AMERICAN MEDIA😂😂😂",low_disagreement,5,-0.0,0.0,0.0,0.0,0.0,"[8728, 6359, 6351, 10731, 5954]","[0.0, 0.0, 0.0, 0.0, 0.0]"
19016,"Good for you. When my daughter told me that she was bi at 14, I just told her that ""this means no more sleepovers"". Who you're attracted to doesn't matter. Who you ARE does. Who you are is a courageous person. That's not a bad thing!",low_disagreement,3,-0.0,0.0,0.0,0.0,0.0,"[1437, 6903, 1122]","[0.0, 0.0, 0.0]"
33434,jesus was not white. israel is not a real country. religion is nonsense. climate change is real and we have to do our part to minimize it. overthrow the bourgeoisie. stop measuring potential with money,low_disagreement,4,-0.0,0.0,0.0,0.0,0.0,"[9931, 11133, 7796, 8017]","[0.0, 0.0, 0.0, 0.0]"
17323,Fuck off faggot lol,low_disagreement,4,-0.0,0.0,2.0,2.0,0.0,"[7439, 1681, 8326, 2070]","[2.0, 2.0, 2.0, 2.0]"
8693,"Nope. Women are equals. If they steal, they get talked to like a thief.",low_disagreement,4,-0.0,0.0,0.0,0.0,0.0,"[3512, 2436, 10738, 3543]","[0.0, 0.0, 0.0, 0.0]"
19751,prOud tO bE pINoy,low_disagreement,4,-0.0,0.0,0.0,0.0,0.0,"[2502, 5560, 10822, 2702]","[0.0, 0.0, 0.0, 0.0]"
2415,Lmao im a lesbian too. Its just something ive picked up on. No one ever mentions the black male Li being their favorite,low_disagreement,4,-0.0,0.0,0.0,0.0,0.0,"[5523, 8744, 342, 3661]","[0.0, 0.0, 0.0, 0.0]"
10315,"> okay, so way to pretty much confirm that youre a fag.  Homophobia. Anything else you say = dismissed.",low_disagreement,3,-0.0,0.0,2.0,2.0,0.0,"[7783, 8075, 3300]","[2.0, 2.0, 2.0]"
45496,These women are a disgrace,low_disagreement,5,-0.0,0.0,0.0,0.0,0.0,"[4144, 3898, 2990, 3104, 5541]","[0.0, 0.0, 0.0, 0.0, 0.0]"
7283,NTA at all. She can go fuck herself.,low_disagreement,3,-0.0,0.0,0.0,0.0,0.0,"[11138, 1112, 691]","[0.0, 0.0, 0.0]"
49950,"Start another regime change war ,,,,,if you think Americans are retarded.",low_disagreement,3,-0.0,0.0,0.0,0.0,0.0,"[3559, 5929, 9935]","[0.0, 0.0, 0.0]"
47447,The Zionist Triangle of Chaos and destruction controlled by Israel They will fight to the last American and British soldier in Iran,low_disagreement,3,-0.0,0.0,0.0,0.0,0.0,"[9158, 2937, 1193]","[0.0, 0.0, 0.0]"
14878,"Thanks for your response. You have a good point that my own question could be equally applied to cis-gendered. As a male myself I hate many aspects of the male gender role, but I still want to be male and see myself as such. Finding how your identity fits in with the rest of society is hard enough for cis-gendered, I respect all the struggles trans people have with that.",low_disagreement,3,-0.0,0.0,0.0,0.0,0.0,"[4180, 9449, 7983]","[0.0, 0.0, 0.0]"
21967,It's almost hard to believe the shayateen were locked away this Ramadan with the way some of you were acting.,low_disagreement,3,-0.0,0.0,0.0,0.0,0.0,"[6653, 4313, 8051]","[0.0, 0.0, 0.0]"
43288,We will annihilate Iran this time. It would be wise if they would shut the hell up and stop with the nukes.,low_disagreement,3,-0.0,0.0,0.0,0.0,0.0,"[5309, 1434, 7387]","[0.0, 0.0, 0.0]"
34367,@celeste01r no offense but i can't stand college niggas,low_disagreement,3,-0.0,0.0,2.0,2.0,0.0,"[5249, 928, 1100]","[2.0, 2.0, 2.0]"
2603,>Rameez Raja: West Indies fans bring a lot of colour. hmmmmmmm,low_disagreement,3,-0.0,0.0,0.0,0.0,0.0,"[8168, 6304, 3551]","[0.0, 0.0, 0.0]"
2481,"I don't think anyone should be supported just because of their race but I do think we should motivate more Asian Americans to run for political positions. That said, he's a good look for Asian Americans. He's well spoken and is liked by the younger generation. Whether or not he gets president I think he is representing us positively and will have plenty of other chances to run for political positions.",low_disagreement,3,-0.0,0.0,0.0,0.0,0.0,"[10763, 9817, 7909]","[0.0, 0.0, 0.0]"
33505,"@ReadMoreScience When guys make jokes about ""loose"" women not having tight vaginas, it's always attributed to them having sex with multiple partners. Because no dude seems to think that they should be careful not to have too much sex with their own partners to avoid vaginal overuse. Bro logic.",low_disagreement,4,-0.0,0.0,0.0,0.0,0.0,"[2394, 5138, 3546, 6633]","[0.0, 0.0, 0.0, 0.0]"
32458,True Christians don't... Defend white supremacists Deny blatant acts of racism Apologize for rape and sexual assault Disregard the poor Turn away refugees Make excuses for adulterers Defend extrajudicial murder by police & excuse injustice Vote fo… URL URL,low_disagreement,3,-0.0,0.0,0.0,0.0,0.0,"[9161, 8454, 2782]","[0.0, 0.0, 0.0]"
43603,"@asad bashir You are a everyday fucked American PIG , American Concentration camps, Americans are fucked stupid PIG PEOPLE inbred white trash",low_disagreement,3,-0.0,0.0,2.0,2.0,0.0,"[1401, 6923, 8195]","[2.0, 2.0, 2.0]"
25170,Sending my very best wishes to Muslims in the UK and around the world celebrating the festival of Eid al-Fitr. #EidMubarak⁠ URL URL,low_disagreement,4,-0.0,0.0,0.0,0.0,0.0,"[4823, 9005, 4066, 8110]","[0.0, 0.0, 0.0, 0.0]"
21606,"Sisters, don't ever take your rights for granted. Before the anti-liberal- feminist backlash- Robyn Urback, Nikki Ashton- women fought for what you take for granted. In other countries, they still are. Argentina: Crowds gather to back pro-choice URL",low_disagreement,3,-0.0,0.0,0.0,0.0,0.0,"[9386, 4021, 3824]","[0.0, 0.0, 0.0]"
14905,"The Philippines loooooves their foreigners. A lot of their leading actors are half Filipino/half white artists who were born outside the country and flew back to capitalize on their European looks. I don't know how much has changed since I left the country in 2005, but Koreans were doing really well in Philippine media too. Heck, I'm pretty sure they've only sent one full-blooded Filipino to compete in Miss Universe since 2015.",low_disagreement,3,-0.0,0.0,0.0,0.0,0.0,"[3993, 7875, 9460]","[0.0, 0.0, 0.0]"
40289,"Your muslims are starving, being mistreated, no place to live and you spend your money on this?",low_disagreement,3,-0.0,0.0,0.0,0.0,0.0,"[5377, 10355, 9824]","[0.0, 0.0, 0.0]"
20585,yea im sure the reason why u dont have a girlfriend is because of abortion...sure....thats it....Vatican flag twitter guy. URL,low_disagreement,3,-0.0,0.0,0.0,0.0,0.0,"[5191, 5356, 7230]","[0.0, 0.0, 0.0]"
11577,Well I dont feel THAT bad for them. I just mean that I'm glad I'm a dude and it's in my control to approach people and ask them out,low_disagreement,3,-0.0,0.0,0.0,0.0,0.0,"[7958, 8404, 10487]","[0.0, 0.0, 0.0]"
11921,"As a Pakistani I've never considered myself middle eastern. Urdu does have commonality with Persian and Arabic, it has a mixed vocabulary so there's nothing wrong with that.",low_disagreement,3,-0.0,0.0,0.0,0.0,0.0,"[10380, 4275, 6233]","[0.0, 0.0, 0.0]"
5502,"A family friend is 6% Sub-Saharan African, and nearly half Native-American, but she looks white.",low_disagreement,4,-0.0,0.0,0.0,0.0,0.0,"[6719, 4144, 3898, 2990]","[0.0, 0.0, 0.0, 0.0]"
14974,thats hole is where putin puts the gays,low_disagreement,3,-0.0,0.0,0.0,0.0,0.0,"[8316, 11070, 5611]","[0.0, 0.0, 0.0]"
30895,@SpeakerPelosi @RepAndreCarson @HouseDemocrats What about the women and the children at the border don't there lives count is it because they're brown or is it because politically you just don't want to make it appear that Trump is winning something change the Asylum laws,low_disagreement,3,-0.0,0.0,0.0,0.0,0.0,"[7626, 10997, 2572]","[0.0, 0.0, 0.0]"
49898,"Being trans in Sweden is ok but we have to deal with so much bureaucracy when we turn to the trans specific healthcare. There's a lot of waiting involved. I reached out to a gender therapist in mid 2016 and waited two years for hormones and 2,5-3 years for top surgery and legal gender reassignment. That sucks when you just need help to live your life as yourself.",low_disagreement,4,-0.0,0.0,0.0,0.0,0.0,"[10422, 8716, 7933, 3386]","[0.0, 0.0, 0.0, 0.0]"
37949,Every Indian happy except @INCIndia members URL,low_disagreement,3,-0.0,0.0,0.0,0.0,0.0,"[1997, 3307, 4402]","[0.0, 0.0, 0.0]"
5266,Execute a nigga right across from you.,low_disagreement,3,-0.0,0.0,2.0,2.0,0.0,"[10484, 4702, 5153]","[2.0, 2.0, 2.0]"
28208,"I am not a super-Christian. But I do know that: Performance-based Christianity is that form of legalism that tries to earn God's love or favor by what we do, or how we perform.... that says that the way to be right with God in every religion is by earning your way.",low_disagreement,3,-0.0,0.0,0.0,0.0,0.0,"[6800, 10346, 5361]","[0.0, 0.0, 0.0]"
11831,"When society began to accept it more, and more people were coming out, I realized ""Hey, what if that's me too?"" I brushed it off for a little while, but slowly realized I liked girls and guys. And that's alright. Youtubers like Eugene from the Try Guys, Dan and Phil, and Thomas Sanders have been a huge inspiration too.",low_disagreement,4,-0.0,0.0,0.0,0.0,0.0,"[6221, 5761, 678, 2559]","[0.0, 0.0, 0.0, 0.0]"
10402,"I went through most of my life so far being ""straight."" Found it super easy to talk to guys, whatever. Then I started to realize all those ""girl crushes"" I was having for YEARS were actually real crushes and quietly decided I'm bisexual. Now I realize maybe talking to guys was easy because I wasn't super into them? I'm really confused, to be honest, but when a woman strikes up a conversation with me (and it feels even slightly flirty) I turn into a giggly trying-to-be-charming mess. So I get this. Hard.",low_disagreement,3,-0.0,0.0,0.0,0.0,0.0,"[4401, 4280, 4112]","[0.0, 0.0, 0.0]"
7404,"Was hoping I'd see your username! You are the cool gay dad to us all in this sub, and you've personally inspired me bloody loads. Congratulations pops!",low_disagreement,3,-0.0,0.0,0.0,0.0,0.0,"[3781, 7668, 1144]","[0.0, 0.0, 0.0]"
22366,@TheTrillAC We of the Faithful Black Men Association nominate you to be the next speaker at our national conference 2020,low_disagreement,4,-0.0,0.0,0.0,0.0,0.0,"[7382, 9128, 7480, 6314]","[0.0, 0.0, 0.0, 0.0]"
3097,"Both are crimes. Influx in crime doesn't mean you ignore it. It takes time to build structures, and until then more criminals means cramped space. When over one hundred thousand people are crossing illegally a month, what else besides this should be expected. There is no best case scenario, unless you want to include people not trying to enter another country illegally.",low_disagreement,4,-0.0,0.0,0.0,0.0,0.0,"[8651, 2078, 3986, 8419]","[0.0, 0.0, 0.0, 0.0]"
5749,"Cis-ally here. Obviously, I would never, ever clock anyone if they don't exactly ""pass"" by society standards. But I do like to go out of my way to offer a sincere compliment on their outfit, purse, hair, etc. I've always received a big smile in return and hopefully I brightened their day. (Of course I compliment random cis people too but it has a little more pride love to my trans bros and sisters.)",low_disagreement,4,-0.0,0.0,0.0,0.0,0.0,"[4720, 1357, 4729, 7701]","[0.0, 0.0, 0.0, 0.0]"
34876,@goodnightnselgo You're literally gay too,low_disagreement,3,-0.0,0.0,0.0,0.0,0.0,"[4019, 5016, 7165]","[0.0, 0.0, 0.0]"
12378,"Honestly ive never really stopped questioning my sexuality, and constantly go back and forth between gay and Ace/Aro, ive just started thinking ""welp if i like someone i like them if i dont i dont"" and just identify as gay because thats whats easy/ comfortable for me. Labels are just there to help you feel comfortable with yourself and find other people who are like you, but if you cant settle on one that's perfectly fine, just take it one day at a time my guy. No stress.",low_disagreement,3,-0.0,0.0,0.0,0.0,0.0,"[1827, 2694, 9069]","[0.0, 0.0, 0.0]"
41735,"🐨Zaza needs  the Holy Spirit dwelling in her to properly under stand whom Jesus is in the Bible, research this site ""gci.org""., and stay a Way from the ""black"" Consciousness community!  👼🐨",low_disagreement,3,-0.0,0.0,0.0,0.0,0.0,"[2964, 2338, 3371]","[0.0, 0.0, 0.0]"
38303,"Although I am in Makkah preparing for Hajj, my prayers and thoughts are with the Muslims of Kashmir. Ominous news from the Hindutva regime that does not bode well for anyone. Allah help the people of Kashmir during these terrifying times.  #Kashmir",low_disagreement,4,-0.0,0.0,0.0,0.0,0.0,"[4110, 6750, 9575, 55]","[0.0, 0.0, 0.0, 0.0]"
46113,+LilSwizzyRecords fuck yourself cunt bitch faggot,low_disagreement,3,-0.0,0.0,2.0,2.0,0.0,"[7096, 3114, 8203]","[2.0, 2.0, 2.0]"
49906,At least he's not gay,low_disagreement,4,-0.0,0.0,0.0,0.0,0.0,"[1299, 8402, 10588, 4335]","[0.0, 0.0, 0.0, 0.0]"
14110,I really wanna destroy her in a gangbang,low_disagreement,3,-0.0,0.0,0.0,0.0,0.0,"[7441, 5501, 4831]","[0.0, 0.0, 0.0]"
40987,"HIDE YO KIDS, HIDE YO WIVES, HIDE YO HUZZBANDS... EVERYBODY RACIST UP IN HERE!",low_disagreement,3,-0.0,0.0,0.0,0.0,0.0,"[6691, 1028, 6749]","[0.0, 0.0, 0.0]"
44998,He is great.. but i like the chinese better at asias got talent.. cause the chinese looks like thhe hoop as his lover.. he is more intimate to the hoop..,low_disagreement,3,-0.0,0.0,0.0,0.0,0.0,"[519, 4552, 8167]","[0.0, 0.0, 0.0]"
22926,Happy pride month!!🏳️‍🌈 Your administration: - banned transgenders from the military  - proposed a law that would allow health-care providers to discriminate based on gender identity  - left it up the Supreme Court to decide if the LGBT community are humans/treated like one URL,low_disagreement,4,-0.0,0.0,0.0,0.0,0.0,"[2622, 5323, 2576, 3105]","[0.0, 0.0, 0.0, 0.0]"
37573,@AnwarLodhi How can you leave such a comment. Pakistan is on the verge of sinking totally. Where on earth are you living without knowing the facts. Even a Pakistani will laugh at your comment. If you are so intolerant better leave india or new law may emerge to deport you.,low_disagreement,4,-0.0,0.0,0.0,0.0,0.0,"[9957, 8620, 8184, 6312]","[0.0, 0.0, 0.0, 0.0]"
37360,@MickMulvaneyOMB - @realDonaldTrump lambastes immigrants on a daily basis & blames them for all of America's problems. He is contributing to the rise of hateful attacks in this country. #calloutwhitesupremacy #DomesticTerrorism (1/2),low_disagreement,3,-0.0,0.0,0.0,0.0,0.0,"[7720, 6375, 700]","[0.0, 0.0, 0.0]"
31454,@marcorubio Fake ass Christian,low_disagreement,3,-0.0,0.0,0.0,0.0,0.0,"[3503, 11043, 4220]","[0.0, 0.0, 0.0]"
47478,She deserves the utmost respect. What she's doing for the Black Community is exceptional. Using her power and privilege the right way.,low_disagreement,3,-0.0,0.0,0.0,0.0,0.0,"[7014, 11053, 94]","[0.0, 0.0, 0.0]"
40131,Fuck you queers you ain't coming to my city cuz we hate you people will fucking kill you and sleep good at night,low_disagreement,3,-0.0,0.0,2.0,2.0,0.0,"[1640, 2879, 9546]","[2.0, 2.0, 2.0]"
24157,Fck those niggas,low_disagreement,3,-0.0,0.0,2.0,2.0,0.0,"[5095, 4515, 3800]","[2.0, 2.0, 2.0]"
13225,sending messages of infinite support and validity as an amab trans person who feels similarly!,low_disagreement,3,-0.0,0.0,0.0,0.0,0.0,"[1021, 1595, 2810]","[0.0, 0.0, 0.0]"
19876,"Wow, god bless you man. Endless respect. Feels genuinely beautiful being a BI enthusiast!",low_disagreement,3,-0.0,0.0,0.0,0.0,0.0,"[7504, 3700, 8799]","[0.0, 0.0, 0.0]"
41499,"10,000 BC? There is no Christ in Westeroes.",low_disagreement,4,-0.0,0.0,0.0,0.0,0.0,"[2070, 8064, 3338, 8435]","[0.0, 0.0, 0.0, 0.0]"
36058,Police have arrived to the #JewsAgainstICE action in Portland. How long will they continue to arrest Jews protesting Concentration Camps?  URL,low_disagreement,4,-0.0,0.0,0.0,0.0,0.0,"[9496, 8048, 1870, 2055]","[0.0, 0.0, 0.0, 0.0]"
48398,These are dumb faggots I ever knew wow,low_disagreement,4,-0.0,0.0,2.0,2.0,0.0,"[7736, 631, 8713, 9038]","[2.0, 2.0, 2.0, 2.0]"
12017,"Im chinese but have really dark skin due to my parent's genes,and I agree,my country's(singapore) people are all friends with different races and religions.",low_disagreement,3,-0.0,0.0,0.0,0.0,0.0,"[3956, 6026, 5816]","[0.0, 0.0, 0.0]"
32021,Dave chappelle literally said biggie was down the street selling Tupac T shirts lmao y'all niggas hella soft 😂😂😂😂😂😂😂,low_disagreement,3,-0.0,0.0,2.0,2.0,0.0,"[6267, 2358, 4135]","[2.0, 2.0, 2.0]"
28159,"Cher says, ""women are the future!"" Sounds sexist to me. I mean, I'd like to be the future too.",low_disagreement,4,-0.0,0.0,0.0,0.0,0.0,"[5227, 3917, 8077, 1674]","[0.0, 0.0, 0.0, 0.0]"
7591,That may be the case for some people but I wasn't properly raised in the church. Technically I was but my parents never by pressure on me and my siblings to be a part of it and I even have a sibling who doesn't. I genuinely didn't believe in the church until recently and I would only go to church to see my friends when I wanted to. But I decided to make the change for myself and not because anyone pressured me. So in my case you're wrong,low_disagreement,3,-0.0,0.0,0.0,0.0,0.0,"[8775, 3175, 11011]","[0.0, 0.0, 0.0]"
2944,women be crazy when they dont get the D,low_disagreement,3,-0.0,0.0,0.0,0.0,0.0,"[1802, 2210, 3187]","[0.0, 0.0, 0.0]"
12100,"Maybe it's because lesbians like vaginas and you don't have one, or maybe because you still look like a man.",low_disagreement,4,-0.0,0.0,0.0,0.0,0.0,"[10012, 3788, 6635, 8225]","[0.0, 0.0, 0.0, 0.0]"
7736,"Me and my girlfriend argued about this for a solid 40 minutes before we realized it wasn't worth it But my point is that it's impossible to be uncomfortable with a change in skin color without coming off racist, especially since this is the SECOND black Disney princess.",low_disagreement,3,-0.0,0.0,0.0,0.0,0.0,"[1084, 2478, 10694]","[0.0, 0.0, 0.0]"
176,"I feel this so hard. Cis folks seem to have this weird idea that being trans is all suffering and hating ourselves, but things tend to get better for us when we come out, not worse. The isolation and misery is usually related to trying to live the way they expect us to.  My happiness, relationship health, and overall well-being improved drastically when I came out and keeps getting better every day.",low_disagreement,4,-0.0,0.0,0.0,0.0,0.0,"[5512, 7148, 10664, 2174]","[0.0, 0.0, 0.0, 0.0]"
25763,"Good news for gay rights in Hong Kong, with caveats (e.g. the court didn't rule on whether same-sex couples have the right to marry under HK law) URL",low_disagreement,3,-0.0,0.0,0.0,0.0,0.0,"[3834, 6608, 9222]","[0.0, 0.0, 0.0]"
3545,"i agree,solidarity between people of color is important! the AAPI group and the BSU group at my college work together some and it's been super important since we're on a majority white campus in a majority white state",low_disagreement,4,-0.0,0.0,0.0,0.0,0.0,"[10063, 715, 8993, 10011]","[0.0, 0.0, 0.0, 0.0]"
3216,"She'd cum so hard from being used. Imagine her eyes rolling back in her head as two long, fat cocks drill balls-deep into her cunt and asshole while her mouth gets used as a fleshlight for the other cocks waiting their turn for her holes.",low_disagreement,3,-0.0,0.0,0.0,0.0,0.0,"[8738, 7624, 4706]","[0.0, 0.0, 0.0]"
22208,Everything about America comes from other countries' cultures b/c a bunch of immigrants came when America had a tiny ass population. Stopping that when brown & black people come is inherently racist when immigrants were ok with slavery as the only way for brown people to enter URL,low_disagreement,3,-0.0,0.0,0.0,0.0,0.0,"[9216, 3001, 3653]","[0.0, 0.0, 0.0]"
40734,She is refugee too from Kosovo,low_disagreement,4,-0.0,0.0,0.0,0.0,0.0,"[10241, 1697, 7369, 7176]","[0.0, 0.0, 0.0, 0.0]"
38309,I want to destroy your pussy,low_disagreement,3,-0.0,0.0,0.0,0.0,0.0,"[1175, 8478, 10734]","[0.0, 0.0, 0.0]"
28497,"Is it valid to not want to be a girl for social reasons? To reject it for the sake of empowerment, despite the fact that I should be expected to find empowerment without abandoning my expected gender?",low_disagreement,4,-0.0,0.0,0.0,0.0,0.0,"[624, 8738, 3130, 7624]","[0.0, 0.0, 0.0, 0.0]"
37683,@oldhandhyd Lets not forget that we have more such people in India.  URL,low_disagreement,3,-0.0,0.0,0.0,0.0,0.0,"[3104, 5541, 4648]","[0.0, 0.0, 0.0]"
42471,"""Don't open your door"" ice isn't the police they'll get you one way or another",low_disagreement,3,-0.0,0.0,0.0,0.0,0.0,"[6435, 8503, 5324]","[0.0, 0.0, 0.0]"
37656,@IfraJan_ You guys backstabbed us Kashmiris by siding with the occupational forces. Enough with your pity party.,low_disagreement,3,-0.0,0.0,0.0,0.0,0.0,"[1252, 7136, 4624]","[0.0, 0.0, 0.0]"
12264,"> Where do we disagree on the term logos? The Torah / Word defines God's logos. it's less a sense of ""torah"" instruction, and more a platonic form of rationality. > How do you interpret John 1:1? that john thinks jesus was the incarnation of philo's coming messiah, who would be the logos. > Many twist Paul.  i don't think i am. paul clearly thinks jews are still held to the law, but that christians do not have to convert judaism. christians are outside the law by merit of ancestry.",low_disagreement,3,-0.0,0.0,0.0,0.0,0.0,"[3618, 3357, 6433]","[0.0, 0.0, 0.0]"
3296,no you fucker we don't want reparations. what are you? a non-european?,low_disagreement,4,-0.0,0.0,0.0,0.0,0.0,"[9261, 522, 2384, 7864]","[0.0, 0.0, 0.0, 0.0]"
46330,Bi-racial lesbian...? Why did I feel like she shouldn't have to say that?,low_disagreement,3,-0.0,0.0,0.0,0.0,0.0,"[6884, 7614, 7314]","[0.0, 0.0, 0.0]"
23235,@Mooglet1 @c3convertase @MasterMorgan317 @Crystal_belle lol im not sure in the current transgender climate that you guys qualify as female.. ;P,low_disagreement,3,-0.0,0.0,0.0,0.0,0.0,"[9522, 4257, 615]","[0.0, 0.0, 0.0]"
24351,"I really got no remorse when it come to this behavior , I hope they find n KILL THESE NIGGAS waste of humans URL",low_disagreement,3,-0.0,0.0,2.0,2.0,0.0,"[2006, 3747, 6290]","[2.0, 2.0, 2.0]"
28781,We can never forget that the fight for trans lives is global. #RestInPower #SantiagoCarvajal URL,low_disagreement,3,-0.0,0.0,0.0,0.0,0.0,"[9461, 555, 2302]","[0.0, 0.0, 0.0]"
30394,Jump who nigga u støøpid I really wish so everyone in the wood can stomp you out like the cockroach face u are,low_disagreement,4,-0.0,0.0,2.0,2.0,0.0,"[10277, 8815, 10168, 6928]","[2.0, 2.0, 2.0, 2.0]"
10109,"This is the type of guy that blames women for not sleeping with him, while having no idea it's really because he has a shitty personality",low_disagreement,3,-0.0,0.0,0.0,0.0,0.0,"[7017, 1873, 5809]","[0.0, 0.0, 0.0]"
14849,"You know been like other girls isn't actually as great as it could look like, cause society don't expect you to be like that and you lice and that society. I have been in both sides and I prefer to be a normie by far",low_disagreement,3,-0.0,0.0,0.0,0.0,0.0,"[1878, 5719, 265]","[0.0, 0.0, 0.0]"
20499,I don't think men understand that women will burn this country to the ground if they keep going on this path,low_disagreement,4,-0.0,0.0,0.0,0.0,0.0,"[8601, 5058, 10602, 1745]","[0.0, 0.0, 0.0, 0.0]"
48533,I recently met a woman from El Salvador and this woman is amazing!!! I will never date another western woman again!,low_disagreement,3,-0.0,0.0,0.0,0.0,0.0,"[10028, 373, 5118]","[0.0, 0.0, 0.0]"
19545,It's okay as girls are not too good at chess coz they are busy playing with barbie dolls,low_disagreement,4,-0.0,0.0,0.0,0.0,0.0,"[8569, 2959, 1473, 5862]","[0.0, 0.0, 0.0, 0.0]"
14054,I would love to fill your pregnant womb with more seed and watch it drip from your pussy down to your quivering little asshole.,low_disagreement,4,-0.0,0.0,0.0,0.0,0.0,"[639, 10299, 8353, 7131]","[0.0, 0.0, 0.0, 0.0]"
30512,"I've heard many horror stories about female best friends, but alhamdulillah I've never experienced anything bad. Some of my fiancé's best friends are girls and I love them. They've known each other longer and they were there through his roughest times. I'm glad they're around. URL",low_disagreement,4,-0.0,0.0,0.0,0.0,0.0,"[8978, 638, 6735, 1657]","[0.0, 0.0, 0.0, 0.0]"
5798,"""Go and attack the Amalekites! Destroy them and all their possessions. Don't have any pity. Kill their men, women, children, and even their babies. Slaughter their cattle, sheep, camels, and donkeys"" Then there is Jephthah, who burned his only daughter alive for God at his command. I wonder how many of these people have read the bible.",low_disagreement,4,-0.0,0.0,0.0,0.0,0.0,"[1911, 2995, 3274, 9452]","[0.0, 0.0, 0.0, 0.0]"
5307,I feel zero attraction towards woman taller than me. This is my taste.,low_disagreement,3,-0.0,0.0,0.0,0.0,0.0,"[7590, 1831, 5722]","[0.0, 0.0, 0.0]"
44411,is this woman right in her head,low_disagreement,4,-0.0,0.0,0.0,0.0,0.0,"[9231, 694, 10558, 7954]","[0.0, 0.0, 0.0, 0.0]"
7359,You are going to be okay. I had to struggle with accepting my sexuality: I asked God to take it from me when I was younger. Understand that this is part of what makes you awesome. Maybe connect with others who are going through something similar that you may know. Other gay people? I support you!,low_disagreement,4,-0.0,0.0,0.0,0.0,0.0,"[10998, 3089, 10716, 4759]","[0.0, 0.0, 0.0, 0.0]"
23402,"@BettyWBC So fuck ya, and the fags nobody cares . Its just people you never took time with. Got a neighborhood of fag haters. And a fag house looking at ya",low_disagreement,3,-0.0,0.0,2.0,2.0,0.0,"[8404, 10487, 5065]","[2.0, 2.0, 2.0]"
37777,"When you go to the grocery store, shop around the edges because that's where you can find fresh produce, dairy, proteins and exits for when a white supremacist enters with an assault rifle to kill you in cold blood.",low_disagreement,4,-0.0,0.0,0.0,0.0,0.0,"[5782, 6434, 4049, 2322]","[0.0, 0.0, 0.0, 0.0]"
11347,Why would women make this? They dont know that when men are not man spreading their bollocks are getting squished by their legs. A woman cannot understand what this is like due to them not having any bollocks. Men man spread because it helps them relax after a stressful day only to be told by a woman (who has probably done nothing all day) that they can't do it.,low_disagreement,4,-0.0,0.0,0.0,0.0,0.0,"[2378, 4425, 1045, 8849]","[0.0, 0.0, 0.0, 0.0]"
10562,Typical American trash,low_disagreement,3,-0.0,0.0,0.0,0.0,0.0,"[7865, 653, 2039]","[0.0, 0.0, 0.0]"
48250,These four women should be kicked out of this country. They're are all spreading hate for no reason.,low_disagreement,4,-0.0,0.0,0.0,0.0,0.0,"[5319, 10665, 10698, 787]","[0.0, 0.0, 0.0, 0.0]"
25665,He should have rebuked his entire church not apologize. Ol soft Christianity URL,low_disagreement,3,-0.0,0.0,0.0,0.0,0.0,"[284, 3295, 896]","[0.0, 0.0, 0.0]"
38365,if my boy is hetero i will be disappointed but im still gonna accept him bc hes my baby,low_disagreement,3,-0.0,0.0,0.0,0.0,0.0,"[4806, 7123, 6682]","[0.0, 0.0, 0.0]"
48114,Illegal immigrants should be called illegal immigrants and not migrants. They entered the country illegally and that makes them guilty of a crime. Stop it with the silly liberal Democrat double-speak.,low_disagreement,3,-0.0,0.0,0.0,0.0,0.0,"[10825, 10383, 4373]","[0.0, 0.0, 0.0]"
16468,"Looking for a ""family"" to support him, because he is great in bed and well hung.  What. The. Fuck?",low_disagreement,3,-0.0,0.0,0.0,0.0,0.0,"[10680, 7789, 1413]","[0.0, 0.0, 0.0]"
23972,Love being told how I should feel by men on twitter.. Guys: I wish women would tell us how they feel Women: literally tell you how we feel Guys: mainsplain why they wouldn't feel that way if they were in that position Women: ............,low_disagreement,4,-0.0,0.0,0.0,0.0,0.0,"[4162, 8941, 10298, 7150]","[0.0, 0.0, 0.0, 0.0]"
5441,"I think it takes time to get to that point when LGBT was beaten down collectively for so long, now it's swung clear in the opposite direction, when it would be awesome to just get to a point where sexual orientation is as normal as any other trait. But hey, for the time being, the rainbow aesthetic is pretty lit.",low_disagreement,4,-0.0,0.0,0.0,0.0,0.0,"[6865, 9440, 9417, 6271]","[0.0, 0.0, 0.0, 0.0]"
11773,"I've literally never come out as bi but if anyone asks I'll tell them, it's not a big deal so I never made a declaration about it lol",low_disagreement,3,-0.0,0.0,0.0,0.0,0.0,"[6124, 2506, 1765]","[0.0, 0.0, 0.0]"
23922,From 2017: #Muslims Who Saved #Jewish People During the #Holocaust URL,low_disagreement,3,-0.0,0.0,0.0,0.0,0.0,"[7595, 3498, 7539]","[0.0, 0.0, 0.0]"
3150,Are you implying that a __true__ mgtow would pass a chance to insult women as a __species__?,low_disagreement,4,-0.0,0.0,0.0,0.0,0.0,"[1471, 2606, 3752, 4791]","[0.0, 0.0, 0.0, 0.0]"
17918,"Suck my dick, faggot. Chapo banned me for calling them niggers.",low_disagreement,3,-0.0,0.0,2.0,2.0,0.0,"[10683, 3475, 7266]","[2.0, 2.0, 2.0]"
41279,Ugh boy I feel your pain... it's so hard. It's really hard. But I am beyond happy the world slowly becomes a more and more better place for LGBTQ+ people.,low_disagreement,4,-0.0,0.0,0.0,0.0,0.0,"[5731, 9908, 677, 563]","[0.0, 0.0, 0.0, 0.0]"
31678,Is awkwafina the only female east asian in hollywood..... can we get rid of her please,low_disagreement,4,-0.0,0.0,0.0,0.0,0.0,"[9408, 1132, 669, 6273]","[0.0, 0.0, 0.0, 0.0]"
1701,"My husband and I are an inter-ethnic couple but he cemented my Asian pride overall as well and being with him has made me more resilient. We've had many obstacles in our relationship; from maintaining a LDR after graduating college, completing mandatory service, and now jumping through hurdles for his immigration. As a result, I had no patience for my so-called friends who cried about their ""unique"" WMAF relationship merely being judged.",low_disagreement,3,-0.0,0.0,0.0,0.0,0.0,"[4415, 8140, 4867]","[0.0, 0.0, 0.0]"
20666,Cutting these niggas off,low_disagreement,4,-0.0,0.0,2.0,2.0,0.0,"[10332, 6528, 8701, 8783]","[2.0, 2.0, 2.0, 2.0]"
30713,Hot muscular tattooed dude jerks off and blows a nice load. URL,low_disagreement,3,-0.0,0.0,0.0,0.0,0.0,"[6410, 6316, 2346]","[0.0, 0.0, 0.0]"
47352,"I'm Mormon I don't think our church is that strict I just think it's harder to live as the world becomes increasingly wicked. I've seen things, I've read things, and I felt too much to know that God dosent exist.  The lds church is actually very particular to each person and their intimate relationship with God.",low_disagreement,3,-0.0,0.0,0.0,0.0,0.0,"[7924, 2285, 6655]","[0.0, 0.0, 0.0]"
5349,"Statistically, even with school shootings I have a higher probability of a long life than your typical Nig. You know, because Nigs gonna Nig.",low_disagreement,3,-0.0,0.0,2.0,2.0,0.0,"[10254, 7090, 10475]","[2.0, 2.0, 2.0]"
31699,Idk how the important females I dealt with put up with my ass,low_disagreement,3,-0.0,0.0,0.0,0.0,0.0,"[9851, 4175, 2516]","[0.0, 0.0, 0.0]"
11977,"Although it's primarily an American concept and ""white"" is an American cultural group, so really Europeans, even Swedes as Norwegians, are not white.",low_disagreement,4,-0.0,0.0,0.0,0.0,0.0,"[1472, 6166, 9483, 1867]","[0.0, 0.0, 0.0, 0.0]"
28619,I always felt there was a conflict in what India does at the UN and says in Palestine. At least now the #Palestinians know the true fascist face of #India  URL,low_disagreement,3,-0.0,0.0,0.0,0.0,0.0,"[3307, 4402, 3886]","[0.0, 0.0, 0.0]"
5870,Your pussy fucked first while my fingers be on that ass hole,low_disagreement,3,-0.0,0.0,0.0,0.0,0.0,"[6948, 903, 4269]","[0.0, 0.0, 0.0]"
15137,Where i can get this kind of girl to fuck,low_disagreement,3,-0.0,0.0,0.0,0.0,0.0,"[7283, 4092, 2855]","[0.0, 0.0, 0.0]"
20838,"@omobobola247 @TomiwaSage This is one of, if not the best posts I've ever read on twitter. May Allah accept his and our prayers. We can sin all we want but our hearts always yearn for our Creator.",low_disagreement,3,-0.0,0.0,0.0,0.0,0.0,"[73, 5820, 10512]","[0.0, 0.0, 0.0]"
30232,People pointing out privileges you benefit from because of your light skin ≠ people diminishing the fact that you've experienced racism.  But there's a difference between the way dark skinned people are viewed/treated in comparison to our lighter counterparts & it's systemic.,low_disagreement,4,-0.0,0.0,0.0,0.0,0.0,"[10698, 787, 2561, 7948]","[0.0, 0.0, 0.0, 0.0]"
24100,"Bishop Robert Barron: SB 360, a piece of proposed legislation currently making its way through the California state senate, should alarm not only every Catholic in the country, but indeed the adepts of any religion. #dioceseoforange #occatholic URL URL",low_disagreement,4,-0.0,0.0,0.0,0.0,0.0,"[792, 10605, 3540, 11036]","[0.0, 0.0, 0.0, 0.0]"
1866,"Over 90% of the Indian population makes less than $5,000 per year. So $600 per month would put you in a position of privilege.",low_disagreement,3,-0.0,0.0,0.0,0.0,0.0,"[259, 4466, 951]","[0.0, 0.0, 0.0]"
6410,"Good luck! I find that i general, girls are far more open to try more masculine things, they see it 'empowering' but boys aren't at all tolerant of feminine things. Of course, there are some feminine boys, but the exception, not the norm.",low_disagreement,4,-0.0,0.0,0.0,0.0,0.0,"[10511, 10415, 4446, 130]","[0.0, 0.0, 0.0, 0.0]"
48454,"Not racist at all, this looks awesomely fair to me. White billionaire pays the class of 2019 of a mostly white college would be labeled. So what about 2020 and on? This is craziness.",low_disagreement,4,-0.0,0.0,0.0,0.0,0.0,"[7119, 8024, 5491, 5879]","[0.0, 0.0, 0.0, 0.0]"
35317,"Don't vote for that Jew is you don't want to be a Jew supporter. Signed, Nazi Germany",low_disagreement,3,-0.0,0.0,2.0,2.0,0.0,"[8716, 7933, 3386]","[2.0, 2.0, 2.0]"
47292,Good luck on that one China should drop you all on your fat heads .,low_disagreement,3,-0.0,0.0,0.0,0.0,0.0,"[5464, 403, 2281]","[0.0, 0.0, 0.0]"
3942,"> If a gay person said that they were uncomfortable with watching heterosexual sex scenes, most of us would consider that okay.  You don't even need discomfort. I am not *uncomfortable* watching heterosexual sex scenes, but straight sex does nothing for me, and each year you can count with your fingers the number of movies where the sex scene is plot relevant in any way.  So I would be perfectly happy with watching over 95% of the movies that have them with the sex scenes removed.",low_disagreement,3,-0.0,0.0,0.0,0.0,0.0,"[1516, 2063, 10446]","[0.0, 0.0, 0.0]"
32704,"@shoe0nhead Fun fact: Disney wouldn't be ""making"" Valkyrie gay/bi, they'd be keeping true to the comics. URL",low_disagreement,3,-0.0,0.0,0.0,0.0,0.0,"[1966, 9491, 6419]","[0.0, 0.0, 0.0]"
49766,"18 % latinos here ,imagine in 2050 ,I have 27 sibbling ,boom you the minority ,sorry",low_disagreement,3,-0.0,0.0,0.0,0.0,0.0,"[8625, 6523, 6513]","[0.0, 0.0, 0.0]"
20384,i don't take that shit serious at all only insecure weird ass niggas complain about that URL,low_disagreement,3,-0.0,0.0,2.0,2.0,0.0,"[4220, 5891, 3788]","[2.0, 2.0, 2.0]"
31268,"@judgejules75 @ForwomenScot @VictoriaPeckham @Miss_Leeze @gordon_struth @MumofC @RedQueenRising @maitlis @scotgov In the UK a male doctor is required to have a female chaperone when carrying out intimate examinations. This too is been disregarded by some males who id as transwomen. It disregards female patients protections, consent issues, safeguards & best practice. URL",low_disagreement,3,-0.0,0.0,0.0,0.0,0.0,"[7074, 8194, 1379]","[0.0, 0.0, 0.0]"
27530,"@interesteLILA YES, WE'RE BOTH GAY",low_disagreement,3,-0.0,0.0,0.0,0.0,0.0,"[3046, 11139, 10377]","[0.0, 0.0, 0.0]"
11001,Sounds like the kinda wholsesome life I'd die for ❤️ never met any black Lesbians before so i guess you're my first ever.,low_disagreement,3,-0.0,0.0,0.0,0.0,0.0,"[527, 7003, 8433]","[0.0, 0.0, 0.0]"
43325,"Simple try to relocate the Immigrants to another state.provide accomodation,a make shift school, where they can do agriculture ,provide them with the necessary tools and leadership with guidance , and security to prevent burglary/theft,crime within themselves thus in the meantime processing their documents",low_disagreement,3,-0.0,0.0,0.0,0.0,0.0,"[958, 6459, 4861]","[0.0, 0.0, 0.0]"
13391,"I say make sure you're safe coming out, and then come out when you feel comfortable about coming out. Don't let anyone force you to come out or make you feel bad for not being out. We're all on our own journey.",low_disagreement,3,-0.0,0.0,0.0,0.0,0.0,"[1665, 8639, 552]","[0.0, 0.0, 0.0]"
15894,"The reason why you find it okay is because you and your friend have a mutual understanding with each other. Now try doing the same in front of an Indian stranger. The fact of the matter is different people have different level of tolerance towards stereotyping and this affects their understanding of what constitutes casual racism. So when dealing with the public, it's best to prepare for the worst. Sometimes, you can get away with it but things like this can happen too.",low_disagreement,3,-0.0,0.0,0.0,0.0,0.0,"[5654, 11026, 7283]","[0.0, 0.0, 0.0]"
23194,"happy pride month. i don't care if you stan skz or not, everyone who sees this is obligated to reply with ""minsung gay"". URL",low_disagreement,3,-0.0,0.0,0.0,0.0,0.0,"[8011, 11068, 1257]","[0.0, 0.0, 0.0]"
18739,"Partly true. The Catholic sacrament of marriage is part of the seven sacraments. I'm just saying that to say ""hindi pagmamay-ari ng religion ang marriage"" is not entirely correct in the context of the sacraments.",low_disagreement,3,-0.0,0.0,0.0,0.0,0.0,"[4742, 9687, 4410]","[0.0, 0.0, 0.0]"
901,It's the same as bisexual.,low_disagreement,3,-0.0,0.0,0.0,0.0,0.0,"[7961, 871, 4102]","[0.0, 0.0, 0.0]"
7241,"Majority of my best friends have been straight guys. We can gush about girls together, share similar interests and hobbies, and overall there's no worry about being attracted to them (on my end at least lol). Whereas with girl friends I'll usually end up crushing on them at first (or maybe for a while) which I think changes the way I act around them slightly? Anywho ya I like having straight guy friends. Glad you found a good one too!",low_disagreement,4,-0.0,0.0,0.0,0.0,0.0,"[4246, 8728, 6359, 6351]","[0.0, 0.0, 0.0, 0.0]"
33513,Bitch u was at my graduation and just starred at me u ugly fuck ur hella fuckin gay u faggot ass bitch go suck gang dick bitch before i gotta go nigga mode n slap u myself u dusty ass ashy ass bitch,low_disagreement,3,-0.0,0.0,2.0,2.0,0.0,"[10979, 5557, 4966]","[2.0, 2.0, 2.0]"
6594,I agree with you but supporting the LGBT+ community as a straight person in Hip-hop is big and kind of paves the way for others to come out or express their support for the community.,low_disagreement,3,-0.0,0.0,0.0,0.0,0.0,"[4813, 5711, 2112]","[0.0, 0.0, 0.0]"
14745,I'd fuck her like a wild laminal.,low_disagreement,4,-0.0,0.0,0.0,0.0,0.0,"[10106, 6946, 9779, 10925]","[0.0, 0.0, 0.0, 0.0]"
30342,"""I believe it is important for me to make clear my support for the rights of women, the LGBTQ community and freedom of expression."" In a statement to the AP, rapper @NICKIMINAJ announced that she will not perform at a July 18 concert in Saudi Arabia. URL",low_disagreement,4,-0.0,0.0,0.0,0.0,0.0,"[1839, 4395, 3370, 5352]","[0.0, 0.0, 0.0, 0.0]"
5613,Strip off the top tease every inch of her body then peel those panties off and eat that pink pussy till she begs me to fuck her,low_disagreement,3,-0.0,0.0,0.0,0.0,0.0,"[9128, 7480, 6314]","[0.0, 0.0, 0.0]"
22354,"I really wish I could save all women wishing to escape the evil that is Islamic tyranny and enslavement. All this BS in the 21st Century, wait, they are stuck in 7th Century barbarism.",low_disagreement,3,-0.0,0.0,0.0,0.0,0.0,"[2322, 4429, 7452]","[0.0, 0.0, 0.0]"
5309,"Well, the Bible is silent on abortion but does occasionally dabble in child murder. Can't dash the unborn against a stone, yannoe?",low_disagreement,4,-0.0,0.0,0.0,0.0,0.0,"[5159, 5221, 335, 4358]","[0.0, 0.0, 0.0, 0.0]"
1284,"poor: polish sea, polish mountains rich: polish sea, polish mountains we also like to occupy croatia/spain/italy for some reason",low_disagreement,3,-0.0,0.0,0.0,0.0,0.0,"[9158, 2937, 1193]","[0.0, 0.0, 0.0]"
47579,"this video makes me so uncomfortable because tbh Shawn gives me such gay vibes, to see him getting sexual with a girl while i think he's gay just doesn't look pretty",low_disagreement,3,-0.0,0.0,0.0,0.0,0.0,"[5147, 5510, 5286]","[0.0, 0.0, 0.0]"
6906,The following comment by wolfwolfz was *[openly](URL greylisted. The original comment can be found(in censored form) at this link: URL CryptoCurrency/comments/bxhan3/-/eq7bpu2?context=4 The original comment's content was as follows: --- > Stop giving this fag exposure,low_disagreement,4,-0.0,0.0,2.0,2.0,0.0,"[101, 1267, 2172, 8718]","[2.0, 2.0, 2.0, 2.0]"
27190,i really don't understand females..,low_disagreement,4,-0.0,0.0,0.0,0.0,0.0,"[9712, 8206, 2530, 5908]","[0.0, 0.0, 0.0, 0.0]"
270,"fuck yeah trans rights! be who you wanna be and not what society tries to impose upon you, no matter what anybody says, YOU ARE YOU. and you are NOT the generic cookie cutter blueprint society has for you and everyone else! i hope this message gives someone hope, or happiness, or anything. 😁",low_disagreement,3,-0.0,0.0,0.0,0.0,0.0,"[557, 2219, 3458]","[0.0, 0.0, 0.0]"
50049,@Loving Israel I'm speaking in regards to America! We don't care about what happens in other places.,low_disagreement,3,-0.0,0.0,0.0,0.0,0.0,"[10397, 10919, 2568]","[0.0, 0.0, 0.0]"
13099,"I watched a doc about AAs returning to Ghana, western Africa being the home of most people with African heritage (who were descendants of slaves) in the US. They are welcomed and looked upon as apart of the Africans diaspora.",low_disagreement,4,-0.0,0.0,0.0,0.0,0.0,"[10989, 5461, 2089, 10548]","[0.0, 0.0, 0.0, 0.0]"
42406,@jeremiah sams Exactly. You can tell most of our people don't have any money or talk to folks with a little change because if they did they'd get off that Democratic BS. The Democrats want Black folks broke with their hands out.,low_disagreement,4,-0.0,0.0,0.0,0.0,0.0,"[2237, 6458, 7615, 923]","[0.0, 0.0, 0.0, 0.0]"
46668,All white people are pedophile enablers becuase white men lead the world in pedophiliia. From the church to the classroom.,low_disagreement,3,-0.0,0.0,2.0,2.0,0.0,"[7871, 1920, 4320]","[2.0, 2.0, 2.0]"
5595,fuck that fag,low_disagreement,3,-0.0,0.0,2.0,2.0,0.0,"[174, 1078, 9296]","[2.0, 2.0, 2.0]"
20618,Saint Dr. @Gurmeetramrahim ji has always guided human being for girl rights and safety all girls are #कुल_का_क्राउन a title given by guruji to who are the only child of their parent and doesn't leave their home post marriage..  #बेटियां_लाएंगी_बारात URL,low_disagreement,3,-0.0,0.0,0.0,0.0,0.0,"[7444, 2887, 1150]","[0.0, 0.0, 0.0]"
37904,Keep killing us white boys. You have made america a war zone. Trump and #MAGATerrorism you own this. Republicans are terrorist that only want the white race to live. And those wil even kill dems to own a libtard. Kill all out babies for sport and fun. Kkk nazi fuck.We will fight. URL,low_disagreement,3,-0.0,0.0,2.0,2.0,0.0,"[1890, 2977, 817]","[2.0, 2.0, 2.0]"
23653,we are equal  we are Muslims URL,low_disagreement,3,-0.0,0.0,0.0,0.0,0.0,"[8286, 2807, 5972]","[0.0, 0.0, 0.0]"
44237,Love from pakistan your brotherhood country,low_disagreement,3,-0.0,0.0,0.0,0.0,0.0,"[1275, 2517, 7168]","[0.0, 0.0, 0.0]"
35404,"We're here, we're queer, we're gonna know that you have to be good and kinky and then maybe you could just go home",low_disagreement,3,-0.0,0.0,0.0,0.0,0.0,"[1704, 1148, 9517]","[0.0, 0.0, 0.0]"
49276,Many people are forgetting that the one who was murdered was black too.,low_disagreement,4,-0.0,0.0,0.0,0.0,0.0,"[10577, 5002, 7950, 6808]","[0.0, 0.0, 0.0, 0.0]"
29696,@alex_girl97 @PontiacMadeDDG Your pussy bouncing all on a nigga dick,low_disagreement,3,-0.0,0.0,2.0,2.0,0.0,"[1330, 10254, 7090]","[2.0, 2.0, 2.0]"
48145,"These women are absolutely shameful, how did they get elected? Illegal immigrants are impatient plain and simple, while others go through the proper channels of entering the United States legally, they impatiently try to skip ahead in line. Wait your Turn",low_disagreement,3,-0.0,0.0,0.0,0.0,0.0,"[7074, 8194, 1379]","[0.0, 0.0, 0.0]"
3918,YMMV but I didn't come out to most people until I was 6-7 months on HRT. That just happened to feel like the right time to come out for me.,low_disagreement,4,-0.0,0.0,0.0,0.0,0.0,"[836, 4129, 474, 2534]","[0.0, 0.0, 0.0, 0.0]"
32538,"@Pope_news @JonathanMerritt The Lord doesn't recognize false religion such as Catholics. There's one mediator between man and God, that's Jesus. You don't need a priest or a pope to talk to Jesus!",low_disagreement,5,-0.0,0.0,0.0,0.0,0.0,"[4797, 6129, 8913, 5214, 5224]","[0.0, 0.0, 0.0, 0.0, 0.0]"
35716,I hate when straight guys ask where the bitches at like bro I'm right here,low_disagreement,3,-0.0,0.0,0.0,0.0,0.0,"[3160, 10754, 8821]","[0.0, 0.0, 0.0]"
21467,GOD IS FAITHFUL! ❤️ May Bible reading plan. Learning to rely on God wholeheartedly! #bible #gospel #jesuschrist #biblecollege #jesusculture #rhema #pastor#theology #christian URL,low_disagreement,3,-0.0,0.0,0.0,0.0,0.0,"[8351, 5992, 334]","[0.0, 0.0, 0.0]"
33938,"Nigeria is like the absentee father who never contributed to your upbringing but comes to, shamelessly with no remorse or apologies for wrongdoing, claim you when you become successful. URL",low_disagreement,3,-0.0,0.0,0.0,0.0,0.0,"[7021, 6354, 3922]","[0.0, 0.0, 0.0]"
18223,shut the fuck up faggot,low_disagreement,3,-0.0,0.0,2.0,2.0,0.0,"[1565, 9288, 2380]","[2.0, 2.0, 2.0]"
44178,good thing he learnin how to cook since he gay now,low_disagreement,3,-0.0,0.0,0.0,0.0,0.0,"[1946, 2042, 6410]","[0.0, 0.0, 0.0]"
10275,"Awwww, for me its more about relaxing, I came from a very christian family that don't accept me as bi, I'm working hard a lot and just want to go relax and look at some other amazing woman!",low_disagreement,3,-0.0,0.0,0.0,0.0,0.0,"[1327, 6770, 6772]","[0.0, 0.0, 0.0]"
27361,"@WorkMoneyLife @hbryant42 I say Minorities don't attend games because that's not how theynwant to spend their money, not because they don't have it. Black people especially spend tremendous 💰 in retail & entertainment, many even beyond their means.They will buy the gear and shoes before tickets. Why?",low_disagreement,4,-0.0,0.0,0.0,0.0,0.0,"[7098, 1171, 10679, 2857]","[0.0, 0.0, 0.0, 0.0]"
4528,"White pride, nothing wrong that. I'm proud to be white",low_disagreement,4,-0.0,0.0,0.0,0.0,0.0,"[7108, 4017, 3691, 5767]","[0.0, 0.0, 0.0, 0.0]"
35090,No way cunts like this exist lmao kys,low_disagreement,3,-0.0,0.0,2.0,2.0,0.0,"[6227, 9851, 4175]","[2.0, 2.0, 2.0]"
253,"You can't. Being female, she already has many more options than you have. Being hot, she has infinitely more options than you have.",low_disagreement,3,-0.0,0.0,0.0,0.0,0.0,"[3507, 1540, 10470]","[0.0, 0.0, 0.0]"
16367,That people think they can choose their own sex/gender. (Or claiming that sex and gender are different),low_disagreement,3,-0.0,0.0,0.0,0.0,0.0,"[10399, 6206, 10147]","[0.0, 0.0, 0.0]"
48901,"+Liz Samaroo what's so hard to understand? I respect the fact that he wants to identify as a female, but that doesn't mean that I'm going to identify him that way. Everybody has the right to there own opinion, I gave mine, you disagree. You gave yours and I disagree. I still respect your opinion but I'm not going to change mine. And gave my condolences and prayers to the family. That's all that matters.",low_disagreement,3,-0.0,0.0,0.0,0.0,0.0,"[325, 9586, 4932]","[0.0, 0.0, 0.0]"
39862,🗣TELL THEM PUSSY CRACKAS THEY CAN BRING THE DOGS,low_disagreement,5,-0.0,0.0,2.0,2.0,0.0,"[7589, 4315, 7942, 626, 5812]","[2.0, 2.0, 2.0, 2.0, 2.0]"
23724,"@KhanDM @shariquenomani Dowry is the thing that keeps the Hindu society divided. There is no love in marriages, only division and hate in their families",low_disagreement,4,-0.0,0.0,0.0,0.0,0.0,"[7239, 4179, 10264, 9907]","[0.0, 0.0, 0.0, 0.0]"
25872,@HillaryClinton U know what...send them back to their home country,low_disagreement,4,-0.0,0.0,0.0,0.0,0.0,"[168, 8197, 1502, 9445]","[0.0, 0.0, 0.0, 0.0]"
45288,get rid of all illegals! close our border and get rid of all traitors to We The People and our country!,low_disagreement,3,-0.0,0.0,2.0,2.0,0.0,"[10377, 8441, 8533]","[2.0, 2.0, 2.0]"
48081,Americans forgot get that they are the invaders! This wasn't they're land ! You guys took it by raping and murdering innocent people !,low_disagreement,4,-0.0,0.0,0.0,0.0,0.0,"[2980, 4607, 8004, 8560]","[0.0, 0.0, 0.0, 0.0]"
12345,They are racist liars who punt the 'white genocide' conspiracy theory.,low_disagreement,4,-0.0,0.0,0.0,0.0,0.0,"[5653, 7951, 7408, 2524]","[0.0, 0.0, 0.0, 0.0]"
21793,"Central Information Secretary of PPPP and MNA Dr @ShahNafisa attend General Assembly Meeting of Women's Parliamentary Caucus, Secretary @MunazaHassan highlighted the facilitation and services for Women MPs at the Caucus & building consensus on the #childmarriage Restraint Bill. URL",low_disagreement,4,-0.0,0.0,0.0,0.0,0.0,"[1436, 23, 8665, 2803]","[0.0, 0.0, 0.0, 0.0]"
14383,"Naked gay guy spreading ass doggy looking back coy  NO MEAT OR DAIRY 24 HOURS BEFORE, HOW ABOUT FOREVER?   *Meat and dairy give you gas and really stinky shit, if you're going to butt fuck, make sure to avoid it so your dick doesn't smell like an Indian family slept there and hey, maybe just go full vej you fag.* PETA",low_disagreement,4,-0.0,0.0,2.0,2.0,0.0,"[3676, 8109, 6464, 10561]","[2.0, 2.0, 2.0, 2.0]"
1692,So...a white guy borrowed a black cock,low_disagreement,3,-0.0,0.0,0.0,0.0,0.0,"[9481, 10198, 1564]","[0.0, 0.0, 0.0]"
43514,Send the people back to where ever tf 💀😠 USA 💯,low_disagreement,3,-0.0,0.0,0.0,0.0,0.0,"[5134, 9351, 10759]","[0.0, 0.0, 0.0]"
32742,@BeyLegion This exactly why bey did this song. Such a powerful song. So empowering. Black energy definitely won here. Africa to the world!!! 👸🏽🔥❤️,low_disagreement,4,-0.0,0.0,0.0,0.0,0.0,"[7459, 8160, 3022, 9234]","[0.0, 0.0, 0.0, 0.0]"
45228,I was Born and raised in the Netherlands but I'm Iranian! Dutch people are very nice people!,low_disagreement,3,-0.0,0.0,0.0,0.0,0.0,"[582, 7943, 3526]","[0.0, 0.0, 0.0]"
47811,This is amazing!! Those women worked hard and deserve equal pay!!!! Congrats girls!,low_disagreement,4,-0.0,0.0,0.0,0.0,0.0,"[3261, 1504, 123, 9178]","[0.0, 0.0, 0.0, 0.0]"
32343,@DVATW This was bound to happen ... you guys spend more money on sending Christian missionaries to 10/40 belt ... take care of your people first,low_disagreement,3,-0.0,0.0,0.0,0.0,0.0,"[1128, 4558, 1711]","[0.0, 0.0, 0.0]"
31280,"Well, men still trash",low_disagreement,3,-0.0,0.0,0.0,0.0,0.0,"[6207, 1734, 7833]","[0.0, 0.0, 0.0]"
28276,"SHAVUOT THIS WEEKEND MARKS THE DATE GOD GAVE THE 10 COMMANDMENTS TO MOSES AND THE JEWISH PEOPLE ON MT SINAI 3,331 YRS AGO-CHANGED THE WORLD",low_disagreement,4,-0.0,0.0,0.0,0.0,0.0,"[5318, 8709, 4692, 1155]","[0.0, 0.0, 0.0, 0.0]"
45671,Who is from Iran like and sub if you are from Iran,low_disagreement,4,-0.0,0.0,0.0,0.0,0.0,"[8483, 1923, 6258, 4958]","[0.0, 0.0, 0.0, 0.0]"
4006,"Yep. I like suuuuper trashy looking girls in porn, but not at all in real life.",low_disagreement,3,-0.0,0.0,0.0,0.0,0.0,"[217, 1418, 6526]","[0.0, 0.0, 0.0]"
610,Our song must have been the worst thing we ever did to the jews...,low_disagreement,3,-0.0,0.0,0.0,0.0,0.0,"[3192, 2574, 6411]","[0.0, 0.0, 0.0]"
31297,@RyanAFournier They deserve it. Open borders equals rampant diseases.,low_disagreement,3,-0.0,0.0,0.0,0.0,0.0,"[6936, 7826, 4401]","[0.0, 0.0, 0.0]"
6296,"Reminder that Saudi Arabia is destroying Yemen with money fed to them by the US. If you live in the US, your taxes are keeping Yemen in famine.",low_disagreement,3,-0.0,0.0,0.0,0.0,0.0,"[1609, 2569, 2315]","[0.0, 0.0, 0.0]"
39890,RT please! @UN just watch how Pakistan is sending terrorists into Kashmir.👇 Hope they should reach UN or heaven soon.,low_disagreement,3,-0.0,0.0,0.0,0.0,0.0,"[130, 5835, 9432]","[0.0, 0.0, 0.0]"
25891,"@joshi_bp @t_d_h_nair No, the other way. Social scientists support intolerant Muslims and thwart liberal Muslims.",low_disagreement,3,-0.0,0.0,0.0,0.0,0.0,"[7024, 7254, 4043]","[0.0, 0.0, 0.0]"
4787,"My parents had us attend a Presbyterian and a Methodist church growing up (switched churches when we moved towns). In the grand scheme of religion in the USA, These are two very mild denominations. In fact, Presbyterians (PCUSA) now allow for openly gay/lesbian ordained Pastors. They still have a long ways to go regarding equality and LGBTQ issues, but they are moving in the right direction.",low_disagreement,4,-0.0,0.0,0.0,0.0,0.0,"[3638, 8691, 2520, 4919]","[0.0, 0.0, 0.0, 0.0]"
11692,"Made a mistake, i have. Angry with me, Allah is.",low_disagreement,3,-0.0,0.0,0.0,0.0,0.0,"[10235, 1899, 7467]","[0.0, 0.0, 0.0]"
15074,"So I'm bi but I feel this subreddit is still somewhat relevant to me, but heres my thoughts.  I myself wear band tees and other stuff that isnt the usual LGBT associated attire, sometimes I do but not often. But I've hardly ever had issues out at gay bars or with my gay friends.   Some have asked why but most people dont really care I think. But you'll always have haters no matter how you dress. Just do you and dress how you want, not for others approval",low_disagreement,4,-0.0,0.0,0.0,0.0,0.0,"[229, 4669, 7111, 9378]","[0.0, 0.0, 0.0, 0.0]"
34677,The erasure of Black people/POC from the Deep South by those who work at publications such as the New York Times like @jonathanweisman is why a diverse newsroom is necessary and vital. These harmful narratives are not only factually wrong but toxic.,low_disagreement,3,-0.0,0.0,0.0,0.0,0.0,"[8270, 6886, 3445]","[0.0, 0.0, 0.0]"
6529,"Transgender people* (know you have good intentions, just helping you fine tune them)",low_disagreement,3,-0.0,0.0,0.0,0.0,0.0,"[4881, 2248, 4980]","[0.0, 0.0, 0.0]"
45732,Get ready for riots New York. When black folks don't get their lynch mob justice. They start breaking stuff.,low_disagreement,3,-0.0,0.0,0.0,0.0,0.0,"[6268, 6615, 1410]","[0.0, 0.0, 0.0]"
8392,"My boyfriend used to work in Hollywood Studios. While waiting in line for ToT a cast member stopped us and talked to my boyfriend for a little bit... Then she told us that we didn't have to wait in line and gave us fastpasses ( the wait was ~120 minutes). I really wanted to give her a hug.  Not really an ""experience"" but there's a trans bellhop and whenever I see her it makes me smile and appreciate the fact that Disney is 100% fine with trans people, and that the world in general is more accepting of LGBT+ individuals. Apparently she's a really nice person too.",low_disagreement,3,-0.0,0.0,0.0,0.0,0.0,"[7037, 6421, 6403]","[0.0, 0.0, 0.0]"
499,This. Prepare for white / Christian genocide.,low_disagreement,3,-0.0,0.0,0.0,0.0,0.0,"[9825, 1613, 7]","[0.0, 0.0, 0.0]"
37576,Men less likely than women to cite impact of parental leave on career URL,low_disagreement,3,-0.0,0.0,0.0,0.0,0.0,"[1619, 8740, 7380]","[0.0, 0.0, 0.0]"
47503,"Wow, I... I have no words. This is so beautiful and so tragic all at once. All of you LGBT+ out there... Stay strong ♥",low_disagreement,4,-0.0,0.0,0.0,0.0,0.0,"[10892, 337, 1741, 11013]","[0.0, 0.0, 0.0, 0.0]"
15050,"coming out to your  parents and friends  and family who you  see all the time  coming out to your  cousin, who you  havent seen in ten  years and probably  wont see again for  a while  --- v0.6.0 | This message was posted by a bot. | [FAQ](URL | [Source](URL | Questions? [Message the mods!](URL",low_disagreement,3,-0.0,0.0,0.0,0.0,0.0,"[9683, 6540, 85]","[0.0, 0.0, 0.0]"
39022,Hates fags,low_disagreement,3,-0.0,0.0,2.0,2.0,0.0,"[916, 4794, 881]","[2.0, 2.0, 2.0]"
20488,@BulletsBacon @RealOmarNavarro @realDonaldTrump Eat shit white trash!,low_disagreement,4,-0.0,0.0,2.0,2.0,0.0,"[8064, 3338, 8435, 2291]","[2.0, 2.0, 2.0, 2.0]"
16893,"That's racist and stupid. 100% of white men speak out against it. NOT 100% of Muslims speak out against Muslim terrorism. There are billboards in Palestine CELEBRATING suicide bombers. > A majority of Pakistanis surveyed in a poll appeared to be aggrieved over the death of Osama bin Laden, with 51 per cent describing their emotions as 'grief'  I could go on be you get the point. That's one of the stupidest false equivalencies I've seen in a long time. You should consider reevaluating your entire belief system.",low_disagreement,3,-0.0,0.0,0.0,0.0,0.0,"[11141, 1699, 3488]","[0.0, 0.0, 0.0]"
15512,There's nothing wrong with being mixed race.,low_disagreement,4,-0.0,0.0,0.0,0.0,0.0,"[1569, 9446, 248, 3027]","[0.0, 0.0, 0.0, 0.0]"
14151,Whatever fag.,low_disagreement,4,-0.0,0.0,2.0,2.0,0.0,"[10936, 7279, 2901, 5449]","[2.0, 2.0, 2.0, 2.0]"
47687,"@Jrickman8 bro... Some of these people are brainwashed. They see a black man, they see his blond act up and they go, ""yup he's abusing her""",low_disagreement,4,-0.0,0.0,0.0,0.0,0.0,"[2674, 7556, 168, 8197]","[0.0, 0.0, 0.0, 0.0]"
25660,@senatemajldr There r millions of homeless Americans including vets with diseases & rampant crime among them. You have done nothing 4 them but support millions illegally in the US & 10's of thousands more illegally entering the US every week. Despicable. We won't forget this in November 2020.,low_disagreement,3,-0.0,0.0,0.0,0.0,0.0,"[9395, 10199, 5439]","[0.0, 0.0, 0.0]"
49840,You know what I like more than cookies? An Asian with the ability to speak English without an Asian accent. Good Job!,low_disagreement,4,-0.0,0.0,0.0,0.0,0.0,"[2107, 3358, 4038, 6645]","[0.0, 0.0, 0.0, 0.0]"
6646,"You know, believing in God isn't about religion, or a specific denomination. It's about your own personal relationship with God. But it's lovely to have people around you with the same beliefs at church. Especially people with knowledge and experience to help you discover more.",low_disagreement,3,-0.0,0.0,0.0,0.0,0.0,"[1774, 984, 4385]","[0.0, 0.0, 0.0]"
1508,"Totally understand your uncle and appreciate your post. It's something I accepted a long time ago and really there is no need for anyone to recognize it in a celebratory way. My family has known for years but at every family celebration or gathering my cousin has to bring it up like its a badge of honor or something. ""I think its so marvelous that j has been with x all these years. The world needs more gay people like them."" Oh WTF? Shut up! It actually embarrasses her more than us because she's trying too hard to be inclusive or something. ""Bless her heart."" lol",low_disagreement,4,-0.0,0.0,0.0,0.0,0.0,"[8533, 414, 1399, 4693]","[0.0, 0.0, 0.0, 0.0]"
12526,I a happily married Bi man. I hear you with this; I am almost 54 and I greatly enjoy making friends with too. I didn't come to recognize and accept being Bi until I was in my forties and married with kids. I would simply like to meet and be friends with someone else who I can relate with.,low_disagreement,3,-0.0,0.0,0.0,0.0,0.0,"[5969, 11072, 8043]","[0.0, 0.0, 0.0]"
4323,"I don't understand. You say you find women attractive, and you prefer women over men, yet you wouldn't do anything with women? Is the attraction only platonic, or are you afraid to do anything with women for some reason?",low_disagreement,4,-0.0,0.0,0.0,0.0,0.0,"[3162, 312, 4553, 2194]","[0.0, 0.0, 0.0, 0.0]"
19498,"Thanks for sharing your story, /u/get_to_the_choppahh. The plight of the Eastern European nation of 'Doesntexistitania' truly resonates with me and all of my white nationalist brothers.",low_disagreement,3,-0.0,0.0,0.0,0.0,0.0,"[1683, 10606, 1443]","[0.0, 0.0, 0.0]"
35900,@MJClawson @LadyDemosthenes I just went on a date with a Filipino woman the other day. I've dated my share of Asian women when I was younger but this date was such a drag 😒,low_disagreement,3,-0.0,0.0,0.0,0.0,0.0,"[7428, 10290, 8212]","[0.0, 0.0, 0.0]"
43945,"Women are incapable of handling anything that doesn't involve creating public humiliation. The idea that she would tell people to unsub from James' channel is unthinkable. And, she even goes so far as to accuse him of flirting with straight men. Just exactly how is that any of her business? I am gay and have had countless women flirt with me, even hit on me but I haven't gotten hysterical about it. Westbrook is one sick bitch and it's unfortunate that PeopleTV is helping her spread her vitriol as if James has had enough. Thanks to Westbrook he is receiving death threats.",low_disagreement,4,-0.0,0.0,0.0,0.0,0.0,"[1449, 3243, 5736, 128]","[0.0, 0.0, 0.0, 0.0]"
47587,"Don't send them back. Create a ""final solution"" by putting them in concentration camps. Maybe make them wear a symbol and then trump will get his arian race.",low_disagreement,3,-0.0,0.0,0.0,0.0,0.0,"[2196, 10505, 1256]","[0.0, 0.0, 0.0]"
33252,@IMightBeWyatt @AndyDoubleYoo Confession: I truly believe my High School friends were a real anomaly. We all had sex with each other (not together). It was truly bi-sexual and never discussed until years later.,low_disagreement,3,-0.0,0.0,0.0,0.0,0.0,"[8563, 2459, 5204]","[0.0, 0.0, 0.0]"
45746,"I wish they had gotten the boat. That would have been fair. REMEMBER THIS: The only thing that IRAN did that caused this was abandon the US dollar. That's the only thing they did. EVERYTHING ELSE started with US And UK as the BAD GUYS. We rolled those people in 1953.... We STOLE their democracy. WE STOLE their OIL... LEAVE IRAN ALONE. JUST PULL BACK 1000 miles... This will all stop. THEY DID NOT START THIS. Despite what the ""news"" tells you. They are all chomping at the war bit now... Our military contractors are smacking their lips.",low_disagreement,3,-0.0,0.0,0.0,0.0,0.0,"[8065, 10607, 11014]","[0.0, 0.0, 0.0]"
6937,"What does ""advocating for a society mirroring Christ's ideals"" mean to you? That sounds like pushing for a theocracy to me, but I don't think that's what you meant. To me, the giving back anecdotes *are* churches trying to change society.",low_disagreement,4,-0.0,0.0,0.0,0.0,0.0,"[1681, 8326, 2070, 8064]","[0.0, 0.0, 0.0, 0.0]"
6378,"Chabad... at least give it a try a minimum of 3 times before you decide yay or nay.  A lot of people feel self conscious about being less religious than others, but Chabad members generally don't care, or if they do it's because they're happy to have you as you are: as a Jew.",low_disagreement,3,-0.0,0.0,0.0,0.0,0.0,"[9028, 8418, 6521]","[0.0, 0.0, 0.0]"
42155,The human race has a history of treating women badly.,low_disagreement,3,-0.0,0.0,0.0,0.0,0.0,"[1894, 3801, 4474]","[0.0, 0.0, 0.0]"
13483,"Never understood why someone feels the need to proud of their race at all. You did nothing to earn it, you can't change it, it doesn't (shouldn't) matter to anyone and if it does that's their problem not yours. If a person wants to look back through history and take pride in their ancestors accomplishments well, OK, but that's not a personal achievement. You could as well claim to be proud of your gender, or your height, and that would all seem pretty meaningless. If we define ourselves by our colour, then others will too. Not a good thing in general, if history is any lesson.",low_disagreement,4,-0.0,0.0,0.0,0.0,0.0,"[8201, 2165, 7713, 10917]","[0.0, 0.0, 0.0, 0.0]"
26979,"If you hit gay women on a bus, you're hitting every single gay person that has to get a bus. You're hitting every single gay person who worries about being isolated because they don't fit a heteronormative lifestyle. Try keeping your opinions (and your fists) to yourselves.",low_disagreement,3,-0.0,0.0,0.0,0.0,0.0,"[8467, 5458, 10514]","[0.0, 0.0, 0.0]"
2242,You literally just generalized all immigration attorneys as hacks who hate America. Smoke some weed and chill out bro. Brown people aren't out there to kill you.,low_disagreement,4,-0.0,0.0,0.0,0.0,0.0,"[8327, 6439, 10345, 5513]","[0.0, 0.0, 0.0, 0.0]"
15322,This has always annoyed me. Stop the subtle hints and just make it obvious already. Pfft women.,low_disagreement,3,-0.0,0.0,0.0,0.0,0.0,"[6067, 2032, 5511]","[0.0, 0.0, 0.0]"
34311,"@RFupdates ...it appears the self-delusion and self-righteousness is on display once again! Mind you, about 70% of the world's population thinks exactly the same about your Christian religion! What do you have to tell them, Mr. Hubris? Shove your man-made religion where it hurts!🤣",low_disagreement,3,-0.0,0.0,0.0,0.0,0.0,"[10639, 308, 1464]","[0.0, 0.0, 0.0]"
4058,Rowley is trans and lesbian and we love and accept her.,low_disagreement,3,-0.0,0.0,0.0,0.0,0.0,"[3497, 8608, 1607]","[0.0, 0.0, 0.0]"
27588,Pakistan: Offended Muslims riot after Trump cut the $200 Million aid - Now they hate America for free URL,low_disagreement,3,-0.0,0.0,0.0,0.0,0.0,"[8574, 7967, 8807]","[0.0, 0.0, 0.0]"
37545,girls literally only want one thing and it's fucking disgusting URL,low_disagreement,3,-0.0,0.0,0.0,0.0,0.0,"[11136, 9317, 9925]","[0.0, 0.0, 0.0]"
22328,@thehill The first pro-gay president.,low_disagreement,3,-0.0,0.0,0.0,0.0,0.0,"[8127, 10492, 4912]","[0.0, 0.0, 0.0]"
40640,"I think Mulan should be played by a white blonde woman, the role fits perfectly for a white woman, don't u all think?",low_disagreement,3,-0.0,0.0,0.0,0.0,0.0,"[10115, 7747, 8644]","[0.0, 0.0, 0.0]"
1952,this stupid bitch im gonna clock her over the head with a masonry hammer until she passes out and lock her inside a grandfather clock and rape her with a pendulum and keep her there until she starves to die,low_disagreement,3,-0.0,0.0,2.0,2.0,0.0,"[2989, 8382, 10525]","[2.0, 2.0, 2.0]"
25588,The bitch I used to call my sis I filled the lil hoe up with dick now she call niggas her brothers but I know I'm used to it,low_disagreement,3,-0.0,0.0,2.0,2.0,0.0,"[1473, 5862, 8918]","[2.0, 2.0, 2.0]"
15895,I just don't feel like it tho cuz I'm not black,low_disagreement,3,-0.0,0.0,0.0,0.0,0.0,"[8686, 8279, 2790]","[0.0, 0.0, 0.0]"
25457,if a lesbian can control herself in a room full of changing women a man can control himself around a woman wearing fucking clothes URL,low_disagreement,3,-0.0,0.0,0.0,0.0,0.0,"[843, 741, 11077]","[0.0, 0.0, 0.0]"
32873,"I don't know where I'd be in my life without @autostraddle and the amazing community, friends, and family I've found in the space they built. They are currently fundraising and I urge you to donate. Support queer owned, queer staffed, queer media. URL",low_disagreement,4,-0.0,0.0,0.0,0.0,0.0,"[10346, 5361, 3284, 8187]","[0.0, 0.0, 0.0, 0.0]"
33171,@luvrages_ @miragehxtchy Cause ur a fat nigger with no goals just a cod ego,low_disagreement,4,-0.0,0.0,2.0,2.0,0.0,"[7182, 4462, 10033, 9134]","[2.0, 2.0, 2.0, 2.0]"
9491,Oh yeah I forgot that Germans have no personality and just go with the flow like a pack of sheep.,low_disagreement,4,-0.0,0.0,0.0,0.0,0.0,"[7898, 7098, 1171, 10679]","[0.0, 0.0, 0.0, 0.0]"
46179,"Yet in chruches here in the european countries,Gay people are getting married.",low_disagreement,3,-0.0,0.0,0.0,0.0,0.0,"[3038, 10284, 1116]","[0.0, 0.0, 0.0]"
3178,"Gotcha. Also to make another thing crystal. By definition, religious means I am part of religion, which I am not. I just believe in God. But that doesn't make me religious in any way.",low_disagreement,3,-0.0,0.0,0.0,0.0,0.0,"[4738, 8803, 9267]","[0.0, 0.0, 0.0]"
27368,Surgery at 19/20/21 ? A lot of you women are actually cowards,low_disagreement,3,-0.0,0.0,0.0,0.0,0.0,"[8220, 204, 5800]","[0.0, 0.0, 0.0]"
17086,Gendered and has face. Toss her into the abyss.,low_disagreement,3,-0.0,0.0,2.0,2.0,0.0,"[6183, 6700, 5893]","[2.0, 2.0, 2.0]"
19620,Imagine if they had girls that looked good,low_disagreement,4,-0.0,0.0,0.0,0.0,0.0,"[6173, 7678, 10287, 5869]","[0.0, 0.0, 0.0, 0.0]"
19899,If you were an Arab u wouldn't get that cuz the write from the right to the left...,low_disagreement,3,-0.0,0.0,0.0,0.0,0.0,"[366, 9965, 1444]","[0.0, 0.0, 0.0]"
30091,"In a new Gallup survey, two in three Americans (66%) said they support statehood for Puerto Rico.  URL URL",low_disagreement,3,-0.0,0.0,0.0,0.0,0.0,"[761, 7790, 6077]","[0.0, 0.0, 0.0]"
49255,"I always regret to be a yoruba man very useless tribe that cares not about the future they have changed the story, is she killed by armed robbers, unknown men or fulani herdsman.",low_disagreement,3,-0.0,0.0,0.0,0.0,0.0,"[10301, 11140, 1002]","[0.0, 0.0, 0.0]"
7225,"So by this logic, mens' biggest asset is also sex, right? Long-term stable relationships go both ways.",low_disagreement,3,-0.0,0.0,0.0,0.0,0.0,"[1257, 759, 8289]","[0.0, 0.0, 0.0]"
22628,Take your dicking like a good girl! After I'm done with this hole I'll move onto that tight ass of yours! URL,low_disagreement,4,-0.0,0.0,0.0,0.0,0.0,"[4746, 6227, 9851, 4175]","[0.0, 0.0, 0.0, 0.0]"
34945,Someone should cage these niggas URL,low_disagreement,3,-0.0,0.0,2.0,2.0,0.0,"[2438, 5740, 7406]","[2.0, 2.0, 2.0]"
17035,>Oh come on. It's mostly white people using that hashtag.  why would would anti white sentiment be espoused mostly by white people?,low_disagreement,3,-0.0,0.0,0.0,0.0,0.0,"[10164, 10361, 3524]","[0.0, 0.0, 0.0]"
17421,Would love to pull your hair while I beat up that pussy,low_disagreement,4,-0.0,0.0,0.0,0.0,0.0,"[6479, 10860, 6517, 148]","[0.0, 0.0, 0.0, 0.0]"
31145,Indian people Help PM Shri @narendramodi Ji congratulations 💐💐🙏👏 people ealme Congress #PriyankaFightsForPeople #PriyankaGandhi #PriyankaForPeople URL,low_disagreement,4,-0.0,0.0,0.0,0.0,0.0,"[6391, 2387, 1806, 9307]","[0.0, 0.0, 0.0, 0.0]"
427,"The first (and only) time I experienced racism in real life was in kindergarten, when one of my friends (who was from the middle east) was getting bullied because of his race by the other kids",low_disagreement,4,-0.0,0.0,0.0,0.0,0.0,"[4904, 3609, 6391, 2387]","[0.0, 0.0, 0.0, 0.0]"
48800,Would have been more shocked if he came out as straight XD But seriously great video and you rock Eugene,low_disagreement,3,-0.0,0.0,0.0,0.0,0.0,"[5303, 2536, 9555]","[0.0, 0.0, 0.0]"
411,Just check my feed I have the true N-Word pass,low_disagreement,3,-0.0,0.0,1.0,1.0,0.0,"[5002, 7950, 10192]","[1.0, 1.0, 1.0]"
5115,"They don't fall for her at all, they just wanna f*ck",low_disagreement,3,-0.0,0.0,0.0,0.0,0.0,"[4531, 7952, 3995]","[0.0, 0.0, 0.0]"
44821,"I knew Jacob Batalon is a Filipino, Like if you're Filipino Too. Pinoy here",low_disagreement,3,-0.0,0.0,0.0,0.0,0.0,"[10487, 5065, 2450]","[0.0, 0.0, 0.0]"
21654,"People in the US always watch and comment their shows on social media while we, non Americans, have to avoid going on twitter, etc if we don't wanna see any spoilers BUT the moment Europe airs a show before them, we aren't allowed to tweet about it because they might see spoilers URL",low_disagreement,3,-0.0,0.0,0.0,0.0,0.0,"[2158, 792, 10605]","[0.0, 0.0, 0.0]"
49516,"+Mariah Whitney Did I question how much of a good person she was??? STOP overreacting and making up shit. Being transgender DOES not make anyone a bad person. And STOP acting like the MAJORITY Hollywood actors and actresses ain't trans. I actually loved her as an actress, but I also like to stay 'WOKE' and REAL about what's going on in this effed up world.",low_disagreement,4,-0.0,0.0,0.0,0.0,0.0,"[2587, 10944, 251, 9346]","[0.0, 0.0, 0.0, 0.0]"
25128,"@_elibaum Ah just romance, as in ""a romance as ans other romance"", yes THAT would be the ultimate goal! Cause Love. Is. Love! On another level one could always define the term BL or Queer literature on different levels. One could see it as a historically cultural social term...",low_disagreement,3,-0.0,0.0,0.0,0.0,0.0,"[4445, 5778, 4849]","[0.0, 0.0, 0.0]"
7451,being trans is a great thing and i'm glad people are finally getting the courage to embrace their true selves. but i think you shouldn't let it become your personality and you definitely shouldn't look down on other people using gender identity. it sparks and creates the very type of people you don't want to deal with,low_disagreement,4,-0.0,0.0,0.0,0.0,0.0,"[2489, 8049, 8443, 10999]","[0.0, 0.0, 0.0, 0.0]"
23520,you're trash luv. homophobic trash. get off this app,low_disagreement,3,-0.0,0.0,2.0,2.0,0.0,"[4732, 7353, 3400]","[2.0, 2.0, 2.0]"
37801,"@LakotaMan1 Also, you want Indians? Refer to India. And no, they're not Hindi. Hindi is the language. Have some respect for other cultures as well.",low_disagreement,3,-0.0,0.0,0.0,0.0,0.0,"[4031, 8564, 10402]","[0.0, 0.0, 0.0]"
22047,WOMEN ARE WORSE THAN HITLER,low_disagreement,4,-0.0,0.0,0.0,0.0,0.0,"[1297, 4132, 2848, 8700]","[0.0, 0.0, 0.0, 0.0]"
39363,"Whoever is hittin it, ain't hittin right cause he actin like he need some pussy in his life",low_disagreement,3,-0.0,0.0,0.0,0.0,0.0,"[3461, 3671, 2251]","[0.0, 0.0, 0.0]"
47921,black people are so ignorant smh,low_disagreement,3,-0.0,0.0,0.0,0.0,0.0,"[1525, 8362, 4685]","[0.0, 0.0, 0.0]"
22154,"🇰🇼 Attention faggot - its time for your daily hole opening. Kuwaiti Mohamed might bring his friends over or he might just rape your pussy for a few hours by himself. He'll decide, you'll obey. URL",low_disagreement,4,-0.0,0.0,2.0,2.0,0.0,"[8696, 4157, 369, 3420]","[2.0, 2.0, 2.0, 2.0]"
3977,The man absolutely molests the smelly retards.,low_disagreement,3,-0.0,0.0,2.0,2.0,0.0,"[5848, 7853, 7633]","[2.0, 2.0, 2.0]"
43418,"If you criticize a person of color you're racist.  If you criticize islam you're islamaphobic.  If you criticize the LGBT you're a homophobe. If you criticize Christians, there's no word for that.  If you criticize whites, there's no word for that.  If you criticize males, no word for that either. Hmmmmm 🤔",low_disagreement,3,-0.0,0.0,0.0,0.0,0.0,"[433, 6282, 9580]","[0.0, 0.0, 0.0]"
22576,happy pride month to my fellow gays i love you all,low_disagreement,3,-0.0,0.0,0.0,0.0,0.0,"[6883, 10097, 6630]","[0.0, 0.0, 0.0]"
43014,What kind of South Asian cry eating spice? We disown him.,low_disagreement,3,-0.0,0.0,0.0,0.0,0.0,"[9208, 904, 4314]","[0.0, 0.0, 0.0]"
39811,Bitches are disgusting .,low_disagreement,3,-0.0,0.0,0.0,0.0,0.0,"[7282, 1071, 8633]","[0.0, 0.0, 0.0]"
30396,@dbongino @SebGorka She should be deported for immigration fraud,low_disagreement,4,-0.0,0.0,0.0,0.0,0.0,"[3590, 9651, 5054, 1859]","[0.0, 0.0, 0.0, 0.0]"
12851,"Its all humanities fault. Our creator gave us the free will, some people choose to do evil things and cause others to suffer. Stop blaming the Almighty God for the mess we have created/caused. Eventually the criminals will be punished and Allah will have mercy on all the innocent people who suffered. Btw, if you believe it or not, worshiping God is our purpose in this temporary life.",low_disagreement,3,-0.0,0.0,0.0,0.0,0.0,"[270, 791, 6524]","[0.0, 0.0, 0.0]"
10459,"It's how they operate. There are places in the world where women are stoned to death for adultery if they're raped, yet our homegrown womyn are more interested in whining about how they are horribly oppressed by a man sitting with his knees apart minding his own business.",low_disagreement,3,-0.0,0.0,0.0,0.0,0.0,"[10522, 1958, 7187]","[0.0, 0.0, 0.0]"
14415,Why should we be proud of being men? Why is that something that necessitates pride?,low_disagreement,3,-0.0,0.0,0.0,0.0,0.0,"[936, 11031, 10922]","[0.0, 0.0, 0.0]"
40742,JESUS CHRIST THE MOST HIGH GOD Huh?,low_disagreement,3,-0.0,0.0,0.0,0.0,0.0,"[4779, 10150, 5990]","[0.0, 0.0, 0.0]"
36064,yall bitches b trynna sound so thurl when niggas off percs the nut taste like pure fuckin metal and ear wax and im spitting that shit out periodt! URL,low_disagreement,3,-0.0,0.0,0.0,0.0,0.0,"[8614, 1450, 3832]","[0.0, 0.0, 0.0]"
30657,You goofy ass niggas be hanging wit niggas who don't take care of their kids,low_disagreement,3,-0.0,0.0,2.0,2.0,0.0,"[2467, 5916, 880]","[2.0, 2.0, 2.0]"
49897,The gay neega has too many tats,low_disagreement,4,-0.0,0.0,2.0,2.0,0.0,"[9521, 2601, 3795, 10900]","[2.0, 2.0, 2.0, 2.0]"
45108,"You proved his point, though. Citizenship depends on parents' nationality in Sweden, whereas in America citizenship is given to whoever is born on American territory.",low_disagreement,3,-0.0,0.0,0.0,0.0,0.0,"[3189, 5882, 7711]","[0.0, 0.0, 0.0]"
12334,Maybe they are only good enough to get hood niggas so they try meme them like they're desirable long term. Yeah an educated thirsty nigga might dick u down but will he stay with some hood ass Thot? I think not. It's all they can get so they make it seem like it's all that they want.,low_disagreement,3,-0.0,0.0,2.0,2.0,0.0,"[5640, 6916, 327]","[2.0, 2.0, 2.0]"
23027,Israeli forces aggressively arrest this Palestinian lady and call her a bitch. #Palestine #Gaza URL,low_disagreement,3,-0.0,0.0,0.0,0.0,0.0,"[4345, 2205, 10862]","[0.0, 0.0, 0.0]"
40827,owesome and sexy voice from India,low_disagreement,4,-0.0,0.0,0.0,0.0,0.0,"[5951, 8621, 8047, 1195]","[0.0, 0.0, 0.0, 0.0]"
39725,"So you want to have a conversation about ""domestic terrorism,"" & ""white nationalism.""  OK, I'll start: What's life like for your average 12 to 20-something white male? 1/ URL",low_disagreement,3,-0.0,0.0,0.0,0.0,0.0,"[1920, 4320, 11132]","[0.0, 0.0, 0.0]"
32353,"Finally, a baseball team that represents my gay experience. Visibility matters y'all #cubs #sportyspice @ Wrigley Field URL",low_disagreement,4,-0.0,0.0,0.0,0.0,0.0,"[701, 11018, 7637, 7904]","[0.0, 0.0, 0.0, 0.0]"
8636,"Not me, but a coworker once had a woman screaming at her for 'not speaking her mother tongue'. She tried to speak in Turkish with her but she wouldn't respond accordingly. Fun fact: she was actually of Iranian heritage, didn't speak a word of Turkish and very little Arabic as she wasn't actually born in Iran. So this woman is just super angry at her for not knowing her supposed heritage... yeah sure.",low_disagreement,3,-0.0,0.0,0.0,0.0,0.0,"[4394, 6096, 6968]","[0.0, 0.0, 0.0]"
18319,"ah, this old chestnut. It's the ""females"" fault that they get sent dick pics.",low_disagreement,3,-0.0,0.0,0.0,0.0,0.0,"[1446, 581, 8830]","[0.0, 0.0, 0.0]"
30491,@tedlieu @POTUS @FoxNews You have the right as an immigrant? As of you have some right others do not because you are an immigrant? Consider yourself lucky you live in the DC bubble. Real life is quite different,low_disagreement,4,-0.0,0.0,0.0,0.0,0.0,"[5860, 9309, 7144, 3457]","[0.0, 0.0, 0.0, 0.0]"
29885,The way these black men just killing each other out here.... this not how it's supposed to be man. I swear it's not.,low_disagreement,3,-0.0,0.0,0.0,0.0,0.0,"[8458, 1993, 11052]","[0.0, 0.0, 0.0]"
43997,shouldn't Mulan be played by a Caucasian man to be equal and fair to everyone?,low_disagreement,4,-0.0,0.0,0.0,0.0,0.0,"[4934, 9985, 5143, 7059]","[0.0, 0.0, 0.0, 0.0]"
520,"My grandparents are from Italy.  So, yes, I do talk about it a lot. And honestly, the Italian Americans all do. We are proud.  It comes up a lot, for me personally, because I have pretty dark skin, but light hair and eyes.",low_disagreement,3,-0.0,0.0,0.0,0.0,0.0,"[3420, 6283, 7473]","[0.0, 0.0, 0.0]"
48745,You people also crucify yourselves during Easter. Morons!,low_disagreement,3,-0.0,0.0,0.0,0.0,0.0,"[8406, 6614, 4483]","[0.0, 0.0, 0.0]"
13840,"The options aren't ""follow laws or get out of this country"" because that's not how the world works. If you don't follow the laws the result isn't and shouldn't be deportation unless it's some violent crime.",low_disagreement,3,-0.0,0.0,0.0,0.0,0.0,"[3884, 547, 4476]","[0.0, 0.0, 0.0]"
44118,@Lore Lange well I am part Hispanic and I am against it,low_disagreement,3,-0.0,0.0,0.0,0.0,0.0,"[6560, 9773, 2785]","[0.0, 0.0, 0.0]"
3765,Countries like this should be eradicated,low_disagreement,3,-0.0,0.0,0.0,0.0,0.0,"[7482, 1003, 6821]","[0.0, 0.0, 0.0]"
37085,"If you are White & kill 20 people in #America.  You are just a  Lonely, mentally disturbed, bad childhood experienced gunman with issues. If you are a Muslim & kill 1 person You are an #ISIS trained #WMD carrying, evil terrorists out to destroy humanity. #walmartShooting",low_disagreement,3,-0.0,0.0,0.0,0.0,0.0,"[5301, 4795, 7384]","[0.0, 0.0, 0.0]"
18066,It's a pretty safe assumption that an aversion to something for no reason other than its femininity is an indicator of insecurity in one's masculinity,low_disagreement,3,-0.0,0.0,0.0,0.0,0.0,"[1005, 699, 3082]","[0.0, 0.0, 0.0]"
8299,It's really nice that it's a lot more acceptable for people to come out these days.,low_disagreement,4,-0.0,0.0,0.0,0.0,0.0,"[5562, 2024, 1432, 6543]","[0.0, 0.0, 0.0, 0.0]"
47024,"Always blaming the 1% BAD people with the 99% great hard working mexicans, stupid Matt Albance , how people still believe this idiots, mexicans can cooperate in catching criminals but how if you put good people in cages, this guy is nonsense",low_disagreement,3,-0.0,0.0,0.0,0.0,0.0,"[7944, 3834, 6608]","[0.0, 0.0, 0.0]"
27299,a messy bitch is a hurting bitch & a lot of these hoes hurting,low_disagreement,3,-0.0,0.0,0.0,0.0,0.0,"[111, 4997, 8024]","[0.0, 0.0, 0.0]"
2784,"I thought it was a relevant story because out of so many brothers and sisters of ours who were martyred, there were a few who were from India.  May Allah ease the pain their families are going through and also guide and reward this young man.",low_disagreement,3,-0.0,0.0,0.0,0.0,0.0,"[9063, 553, 7333]","[0.0, 0.0, 0.0]"
15024,Mother fucking niggers. Guess I should've went on a preemptive killing spree after all...,low_disagreement,4,-0.0,0.0,2.0,2.0,0.0,"[2901, 5449, 6207, 1734]","[2.0, 2.0, 2.0, 2.0]"
4826,"""People from Phoenix are Phoenicians"" ""Quit being a faggot and suck that dick""",low_disagreement,3,-0.0,0.0,2.0,2.0,0.0,"[8818, 686, 4272]","[2.0, 2.0, 2.0]"
45503,"Be careful England you will be loosing your monarchs to those blood thirsty islam. The muslim has a big plan,and that is to bring the west to it's knees,and you are helping them doing it,you blind fools.From Australia..",low_disagreement,3,-0.0,0.0,0.0,0.0,0.0,"[8670, 10179, 9112]","[0.0, 0.0, 0.0]"
46972,Great! More black athletes need to do this.,low_disagreement,3,-0.0,0.0,0.0,0.0,0.0,"[4955, 4396, 9379]","[0.0, 0.0, 0.0]"
21470,"WATCH: A group of Israelis are coming together to try and force the government to stop arms deals to some of the world's most brutal regimes, and to come clean about its ties to murderous dictatorships. URL",low_disagreement,3,-0.0,0.0,0.0,0.0,0.0,"[3314, 8522, 6576]","[0.0, 0.0, 0.0]"
27561,when colonizers get mad cause we call them colonizers 😭,low_disagreement,3,-0.0,0.0,0.0,0.0,0.0,"[4253, 3595, 5440]","[0.0, 0.0, 0.0]"
9643,This is why I love asians,low_disagreement,3,-0.0,0.0,0.0,0.0,0.0,"[8739, 2169, 8822]","[0.0, 0.0, 0.0]"
46691,"All-black cast. Latinos don't get these opportunities. But its okay, we are not so sensetive.",low_disagreement,4,-0.0,0.0,0.0,0.0,0.0,"[1251, 4042, 1408, 10181]","[0.0, 0.0, 0.0, 0.0]"
4996,"Oh fuck me? Well id bet youd like to, faggot. Im not calling you muslim. Are you saying only muslims fuck kids, sand nigger? Or do you not know how to read or string a sentence in english together properly, ya uneducated kiddie fucker.",low_disagreement,3,-0.0,0.0,2.0,2.0,0.0,"[2821, 101, 2172]","[2.0, 2.0, 2.0]"
45040,@Dave S Wow you really believe all this old superstitious garbage. So tell me this. If your neighbours house was on fire and you knew he was gay would you rescue him or let him burn.,low_disagreement,3,-0.0,0.0,0.0,0.0,0.0,"[9867, 3450, 456]","[0.0, 0.0, 0.0]"
26345,"I love how people would rather stand up than sit next to me on the bus, hijabi life is great 🤪",low_disagreement,4,-0.0,0.0,0.0,0.0,0.0,"[1397, 6240, 10244, 3220]","[0.0, 0.0, 0.0, 0.0]"
10716,Some people think being a woman is like an invincibility cloak,low_disagreement,3,-0.0,0.0,0.0,0.0,0.0,"[4146, 10005, 6566]","[0.0, 0.0, 0.0]"
19537,"I get you when it comes to sexuality weird things happen.I knew this bi guy from grindr who told me he knew about grindr from hearing his straight friends talking about gay dating app & making fun of it, for me that is the definition of irony .",low_disagreement,4,-0.0,0.0,0.0,0.0,0.0,"[8270, 6886, 3445, 5585]","[0.0, 0.0, 0.0, 0.0]"
28739,"slut patrick simons humiliation KIK slave ""send me pics fag"" and he must send 10 nudes every time he receives that message for reposting and sluts humiliation @simons_pat #expose #humiliation URL",low_disagreement,3,-0.0,0.0,2.0,2.0,0.0,"[56, 183, 9169]","[2.0, 2.0, 2.0]"
44375,Any day now all the blacks will start going back to Africa to escape police brutality...,low_disagreement,4,-0.0,0.0,0.0,0.0,0.0,"[5548, 5289, 8926, 114]","[0.0, 0.0, 0.0, 0.0]"
3361,"NTA. I'm being raised currently in a Hindu family and honestly it's really interwoven with our culture, just like many other religions. You can be atheist and still like and participate in certain aspects of your ex-religion because it's still part of your culture and a part of you. And who is she, a Christian, to speak on whether or not you can get a Hindu tattoo when it's your culture and name.",low_disagreement,4,-0.0,0.0,0.0,0.0,0.0,"[7129, 775, 8669, 5079]","[0.0, 0.0, 0.0, 0.0]"
24845,With the grace of Allah the sacred month of Ramadan has ended and tomorrow we will celebrate #EidUlFitr  We extend our felicitations on the blessed occasion #EidMubarak URL,low_disagreement,3,-0.0,0.0,0.0,0.0,0.0,"[8857, 600, 496]","[0.0, 0.0, 0.0]"
46514,@Genevieve CS if an asian person named johnny williams doesnt mean they are white now does it or if i had an african name it doesnt make me black,low_disagreement,4,-0.0,0.0,0.0,0.0,0.0,"[3865, 8944, 1582, 10661]","[0.0, 0.0, 0.0, 0.0]"
45170,Ok this a kid show y'all don't need to introduce lesbians! To kids. I'm not against but younger kids watch this,low_disagreement,3,-0.0,0.0,0.0,0.0,0.0,"[1698, 3336, 7447]","[0.0, 0.0, 0.0]"
20333,y'all: omg you support a guy kicking a woman just for speaking her own opinion? it's disrespectful and very immature!  also y'all: go kill your self you fat ugly beaner i hope you get raped and get deported back to your country!!!!,low_disagreement,3,-0.0,0.0,2.0,2.0,0.0,"[6558, 2709, 7173]","[2.0, 2.0, 2.0]"
16135,"Trump's hired Kanye as his black people czar, i see",low_disagreement,4,-0.0,0.0,0.0,0.0,0.0,"[993, 328, 4797, 6129]","[0.0, 0.0, 0.0, 0.0]"
40999,Viva la Raza fagget hicks how bout you go back to Europe,low_disagreement,3,-0.0,0.0,2.0,2.0,0.0,"[3141, 5020, 9995]","[2.0, 2.0, 2.0]"
14523,I also want to deep throat u and swallow ur load. Want to feel ur hot jizz shoot onto the back of my throat as u force my head balls deep down on ur cock. I want to feel ur shaft pumping a full load into me. 🤤🤪,low_disagreement,3,-0.0,0.0,0.0,0.0,0.0,"[6240, 3220, 757]","[0.0, 0.0, 0.0]"
13548,I think you may be autistic.,low_disagreement,4,-0.0,0.0,0.0,0.0,0.0,"[11138, 1112, 691, 5940]","[0.0, 0.0, 0.0, 0.0]"
46464,"@Tutu Mosi indeed, but they identify as and are identified as Black women... and so called ""bi-racial"" people are still viewed as women of color...",low_disagreement,4,-0.0,0.0,0.0,0.0,0.0,"[937, 11093, 11124, 5334]","[0.0, 0.0, 0.0, 0.0]"
6732,All bc some twink has thin skin. SMH,low_disagreement,3,-0.0,0.0,2.0,2.0,0.0,"[5228, 7951, 2524]","[2.0, 2.0, 2.0]"
22691,98% of NY niggas are pussy. Trying to live up to an extinct era. Im a living fossil.,low_disagreement,3,-0.0,0.0,2.0,2.0,0.0,"[9302, 6307, 3581]","[2.0, 2.0, 2.0]"
1446,"> The problem isn't that acting feminine is weak for guys, it's that guys Aren't feminine, and that is constantly being told that that it's bad to act masculine. Interesting perspective but I am going to have to strongly disagree. What does it mean to ""act masculine"" in a way that men are being told it is bad to act?",low_disagreement,4,-0.0,0.0,0.0,0.0,0.0,"[4107, 2470, 1966, 9491]","[0.0, 0.0, 0.0, 0.0]"
30758,Berkeley voted to ban gendered language from pretty much all of its business around the city URL URL,low_disagreement,3,-0.0,0.0,0.0,0.0,0.0,"[2646, 4595, 5346]","[0.0, 0.0, 0.0]"
3822,Thanks for detailing your story. Its always fascinating to learn about other people's culture (good or bad). It really does seem extremely tough to succeed as a female if your life is so dependent on who is interested in you for marriage based on your looks....which are ultimately genetically determined.,low_disagreement,3,-0.0,0.0,0.0,0.0,0.0,"[2838, 7182, 4462]","[0.0, 0.0, 0.0]"
34621,Nah you just a stupid coon lol niggas should throw bleach at you URL,low_disagreement,4,-0.0,0.0,2.0,2.0,0.0,"[20, 3119, 7224, 7970]","[2.0, 2.0, 2.0, 2.0]"
41762,Seems like it but Iran thinks the Illuminati great satan is on USA dollar bill? USA put Shiites in power Iraq and Syria? The politics look like a fake Hollywood act on tv news? Same as with North Korea?,low_disagreement,3,-0.0,0.0,0.0,0.0,0.0,"[1676, 2276, 218]","[0.0, 0.0, 0.0]"
21568,"Followers of Jesus, which I am, know that our Lord would have given water to those who thirst. Taking it away from people so they will die is satanic - evil to the core. May God Bless greatly those who give food and water to those who hunger and thirst. Amen.",low_disagreement,3,-0.0,0.0,0.0,0.0,0.0,"[4389, 1638, 1268]","[0.0, 0.0, 0.0]"
38406,@iambeebeeiam Even before my transition I wouldn't use the B-word to insult another human being. It's gross. It's in the same spectrum as the C-word. Nope.,low_disagreement,3,-0.0,0.0,0.0,0.0,0.0,"[2940, 1070, 2669]","[0.0, 0.0, 0.0]"
9555,Now i hate the fucking niggers even more,low_disagreement,4,-0.0,0.0,2.0,2.0,0.0,"[369, 3420, 6283, 7473]","[2.0, 2.0, 2.0, 2.0]"
9458,i've been saying for some time now that only men really need to fear the robot apocalypse. women will probably see a net benefit once the dust settles.,low_disagreement,3,-0.0,0.0,0.0,0.0,0.0,"[2478, 10694, 9639]","[0.0, 0.0, 0.0]"
14559,"IMO, Face>Body>/=Skin color. Filipino mixed western or eastern asian features have advantages too. At least this is how the media portrays beauty.",low_disagreement,4,-0.0,0.0,0.0,0.0,0.0,"[9712, 8206, 2530, 5908]","[0.0, 0.0, 0.0, 0.0]"
37763,"@ArielElyseGold ""It ending with"". Nice English lol. No wonder you don't like Israel, zero chance you'd be able to speak hebrew with that level of grammatical skill.",low_disagreement,3,-0.0,0.0,0.0,0.0,0.0,"[3146, 10042, 10874]","[0.0, 0.0, 0.0]"
33703,This man was trying to read his bible on a train and a nice tolerant lady tried to stop him. Lol the people respond... URL,low_disagreement,4,-0.0,0.0,0.0,0.0,0.0,"[9848, 4868, 7815, 10815]","[0.0, 0.0, 0.0, 0.0]"
49194,"so now they're called migrants, lol what an insult to people who actually migrate, LEGALLY.",low_disagreement,3,-0.0,0.0,0.0,0.0,0.0,"[4690, 380, 76]","[0.0, 0.0, 0.0]"
39284,Girl you pussy needs to be washed out causing another hole in the o zone layer 🤢 URL,low_disagreement,3,-0.0,0.0,0.0,0.0,0.0,"[4746, 6227, 9851]","[0.0, 0.0, 0.0]"
22529,"Imagine the relief some of these Venezuelans feel after registering. Just to have a peace of mind, not even bout work, but not having to fear deportation. Things we take for granted yes",low_disagreement,4,-0.0,0.0,0.0,0.0,0.0,"[5729, 683, 3853, 1248]","[0.0, 0.0, 0.0, 0.0]"
44292,That stupid dyke should be hung from a tree ASAP!,low_disagreement,4,-0.0,0.0,2.0,2.0,0.0,"[791, 10675, 6524, 9013]","[2.0, 2.0, 2.0, 2.0]"
2625,"they were taken, literally taken from their home. irrespective of where they are living now they were taken. against their will. forced, dragged, raped, beaten.  there is nothing great about america. it was founded on murder.",low_disagreement,3,-0.0,0.0,0.0,0.0,0.0,"[6447, 1095, 5038]","[0.0, 0.0, 0.0]"
29610,"Black women more likely to experience sexual harassment in the workplace, study finds URL",low_disagreement,4,-0.0,0.0,0.0,0.0,0.0,"[6180, 9991, 5971, 7570]","[0.0, 0.0, 0.0, 0.0]"
8325,Old faggot hates young faggot. Way she goes.,low_disagreement,3,-0.0,0.0,2.0,2.0,0.0,"[3354, 8882, 3375]","[2.0, 2.0, 2.0]"
3839,I think it just killed a jew,low_disagreement,3,-0.0,0.0,0.0,0.0,0.0,"[2266, 315, 8444]","[0.0, 0.0, 0.0]"
5093,"I've always enjoyed it when people wished me a happy pride, and that goes for most lgbt+ people I've met.",low_disagreement,3,-0.0,0.0,0.0,0.0,0.0,"[7509, 5803, 3509]","[0.0, 0.0, 0.0]"
36766,"This is a hate crime against my people Is not enough to seperate brown families at the border Is not enough to cage brown kids Is not enough to dehumanize, abuse, assault, neglect, starve, brown folks Racists go on a shooting spree to exterminate us like we're nothing Enough URL",low_disagreement,3,-0.0,0.0,0.0,0.0,0.0,"[10646, 9120, 8005]","[0.0, 0.0, 0.0]"
28449,@realDonaldTrump I don't feel safe for my children in America anymore with a wide open border flooding us with criminals...,low_disagreement,3,-0.0,0.0,0.0,0.0,0.0,"[496, 3929, 7353]","[0.0, 0.0, 0.0]"
24301,"#जीवन_आशा_मुहिम Even today a young widow has to face social stigma. Wearing white clothes, facing boycott, etc. are common problems. To fight this social evil, initiative to promote widow marriages has been launched by Saint Dr. Gurmeet Ram Rahim Singh Ji Insan @Gurmeetramrahim",low_disagreement,3,-0.0,0.0,0.0,0.0,0.0,"[2593, 8584, 3675]","[0.0, 0.0, 0.0]"
42644,"Congrats, FAGGOT! gtfo",low_disagreement,3,-0.0,0.0,2.0,2.0,0.0,"[5963, 4544, 4200]","[2.0, 2.0, 2.0]"
27441,1 of my fave hobbies includes meeting and being able to pronounce Dominican names without a problem & fascinating them cause my skin is white 🤣,low_disagreement,3,-0.0,0.0,0.0,0.0,0.0,"[5878, 5396, 7444]","[0.0, 0.0, 0.0]"
571,Ngl /r/egg_irl has been a huge help to me because all the trans people I know IRL are at the stage where they're very confident about it and sure of themselves and my floundering questioning ass was struggling to justify calling myself trans without being like that.,low_disagreement,4,-0.0,0.0,0.0,0.0,0.0,"[7294, 9692, 6893, 7577]","[0.0, 0.0, 0.0, 0.0]"
38642,We can't stop thinking about this amazing LGBTQ+ representation in #DnD! URL URL,low_disagreement,3,-0.0,0.0,0.0,0.0,0.0,"[8848, 3799, 4900]","[0.0, 0.0, 0.0]"
17345,"As well as the scientific community, the World Health Organization, and anyone who's done even the slightest amount of research into what gender identity is. Knowing that gender identity exists on spectrum is really not that complicated, or new.",low_disagreement,3,-0.0,0.0,0.0,0.0,0.0,"[8589, 4584, 6904]","[0.0, 0.0, 0.0]"
22997,Camila with the lgbt flag 😍 #NeverBeTheSameTour #realfriends URL,low_disagreement,3,-0.0,0.0,0.0,0.0,0.0,"[5134, 9351, 10759]","[0.0, 0.0, 0.0]"
17105,"How did Africans (now ""African Americans"") get here in the first place, though? They didn't sail merrily over to these shores of their own volition, Sir.  Again, I ask: What did they (read: old white men) THINK was going to happen?! A: They didn't. Right and wrong isn't tough for me. It's ALL wrong. Wrong+wrong=fvcking wrong.",low_disagreement,4,-0.0,0.0,0.0,0.0,0.0,"[4345, 2205, 1427, 10862]","[0.0, 0.0, 0.0, 0.0]"
37658,"@Ayash910 @SarthakaSingh @WelfareMind @Rajeev1Das @sajjadkargili @icashmir as if muslim don't lynch Hindus and stop stealing their cattle, they are village economy.",low_disagreement,4,-0.0,0.0,0.0,0.0,0.0,"[6171, 6196, 9488, 8511]","[0.0, 0.0, 0.0, 0.0]"
25308,"Eid Mubarak to everyone celebrating the end of #Ramadan. As many of you probably know, the Austro-Hungarian Army fielded a number of Muslim soldiers, primarily recruited from Bosnia-and-Herzegovina #WW1 #WWI #FWW #GreatWar #History #MilitaryHistory #Ramadan2019 #Islam #Bosniaken URL",low_disagreement,3,-0.0,0.0,0.0,0.0,0.0,"[1086, 205, 11105]","[0.0, 0.0, 0.0]"
23028,@ramizarra12 @CavalierBrit @Dockrill2 @AStratelates Funny how it's only militant atheists who believe this myth that Hitler was a Christian.,low_disagreement,4,-0.0,0.0,0.0,0.0,0.0,"[5658, 6480, 9962, 1980]","[0.0, 0.0, 0.0, 0.0]"
45886,Iranians are cool imo. Persians? Awesome people.,low_disagreement,5,-0.0,0.0,0.0,0.0,0.0,"[6878, 4546, 10658, 1299, 8402]","[0.0, 0.0, 0.0, 0.0, 0.0]"
6955,"I'd say it has a large impact for myself, I'm black and I'm most often attracted to black women, am sometimes attracted to white women and rarely attracted to asian women. While I am sometimes attracted to non-black women, if I were thinking of settling down then I'd very much prefer it be with a black woman.",low_disagreement,4,-0.0,0.0,0.0,0.0,0.0,"[9418, 7220, 6341, 3757]","[0.0, 0.0, 0.0, 0.0]"
9412,"The so called Republican christians are so lucky their 'old testament' god does not exist, otherwise the 10 plagues would be unleashed upon them!",low_disagreement,3,-0.0,0.0,0.0,0.0,0.0,"[6219, 1033, 6640]","[0.0, 0.0, 0.0]"
43586,"@Auston M Iran needs to work with the rest of us and stop making trouble, yes the Shaw was bad and they got rid of him. supporting terrorism is hostile and an act of war..call for Israel to be wiped out is very hostile..",low_disagreement,3,-0.0,0.0,0.0,0.0,0.0,"[2309, 3268, 5554]","[0.0, 0.0, 0.0]"
9525,">If a woman wants to ruin a man, all she has to do is say he raped her. As soon as she does the man might as well quit his job, leave his family, abandon all his property, and go straight to jail. Usually, since it comes down to a case of his word against mine, the man is sentenced to jail time, even if the woman can't prove that there was an actual rape lol wtf are you talking about? Typical alt-right incel bullshit.",low_disagreement,3,-0.0,0.0,0.0,0.0,0.0,"[2782, 19, 1659]","[0.0, 0.0, 0.0]"
34221,"it was a edgy Hanukkah, Charlie Brown",low_disagreement,3,-0.0,0.0,0.0,0.0,0.0,"[4151, 7922, 3160]","[0.0, 0.0, 0.0]"
5419,I guarantee the cognitive dissonance in that woman is eating her soul alive. Probably explains why she escalated to so much criminality over time.,low_disagreement,4,-0.0,0.0,0.0,0.0,0.0,"[266, 2737, 6841, 3580]","[0.0, 0.0, 0.0, 0.0]"
3158,"Don't bring them out in public, then. Others shouldn't have to be burdened because some woman decided to breed.",low_disagreement,3,-0.0,0.0,0.0,0.0,0.0,"[7669, 10704, 5634]","[0.0, 0.0, 0.0]"
7817,Well technically discrimination IS illegal. It's racism and sexism that's the problem. But discrimination still occurs like that gay wedding cake thing,low_disagreement,3,-0.0,0.0,0.0,0.0,0.0,"[7886, 1788, 7589]","[0.0, 0.0, 0.0]"
43103,"Women shouldn't be in leadership anyway. What's going to happen if the country gets invaded? WHY ARE THEY SO MEAN TO US, WHAT DID WE DO? WAAAAAAA",low_disagreement,3,-0.0,0.0,0.0,0.0,0.0,"[1295, 3634, 2555]","[0.0, 0.0, 0.0]"
9659,Yeah but those rich uppity assholes who don't like red necks and farmers are also all Jews /s,medium_disagreement,3,0.9182958340544896,0.33333333333333337,0.6666666666666666,0.0,1.1547005383792517,"[4006, 2076, 6606]","[0.0, 2.0, 0.0]"
21372,can't trust niggas who abandon they kids,medium_disagreement,3,0.9182958340544896,0.33333333333333337,1.3333333333333333,2.0,1.1547005383792517,"[10805, 5312, 4081]","[2.0, 2.0, 0.0]"
40798,"@Botanist 95 yea looks like we have Muslim rape gangs grooming our women over here dont it ,,,,@Botanist 95 👈confirmed cuck",medium_disagreement,3,0.9182958340544896,0.33333333333333337,1.6666666666666667,2.0,0.5773502691896258,"[10838, 10980, 7783]","[2.0, 2.0, 1.0]"
13413,"Same argument can be made about lefties and immigration/borders. Muslims are currently taking over Europe, it will eventually be predominantly Muslim and at that point will no longer be Europe.  You progressives though, I genuinely hope your children grow up to be mentalli ill LGBTQ people, essentially cutting of your gene pool. You would have to be a fucking bigot to be offended by that statement too.",medium_disagreement,3,0.9182958340544896,0.33333333333333337,0.3333333333333333,0.0,0.5773502691896258,"[3221, 2700, 2736]","[0.0, 0.0, 1.0]"
24121,They dedicate months to groups of people after they have been oppressed because they deserve to be celebrated! When have straight people ever been oppressed??? Go suck trumps dick.,medium_disagreement,3,0.9182958340544896,0.33333333333333337,0.6666666666666666,0.0,1.1547005383792517,"[9965, 1444, 4744]","[0.0, 2.0, 0.0]"
44999,subscribe to get skinny your actually retarted. Men are physically superior in general and people want to watch sports at the highest level of competition. That's why the men's World Cup get 14x more viewership than the women's does. Equal pay for equal work.,medium_disagreement,4,0.8112781244591328,0.25,0.5,0.0,1.0,"[10107, 9251, 3663, 4369]","[0.0, 0.0, 2.0, 0.0]"
43063,3 time for the hoe in the internet shiting one nigga when the should really get out more,medium_disagreement,3,0.9182958340544896,0.33333333333333337,1.3333333333333333,2.0,1.1547005383792517,"[8508, 2356, 7070]","[2.0, 0.0, 2.0]"
49489,If only your queen had the testicular fortitude Trump has Islam wouldn't be destroying your once great kingdom.,medium_disagreement,3,0.9182958340544896,0.33333333333333337,0.3333333333333333,0.0,0.5773502691896258,"[2753, 8914, 2420]","[0.0, 1.0, 0.0]"
44584,"THE JEWS RULE SOUTH-AFRICA BEHIND THE SCENES JUST LIKE ALL OTHER COUNTRIES THEY OWN ALL THE MONEY THROUGH THE RESERVE BANK SCAM AND THEY CONTROL AND OWN ALL THE MEDIA, MOVIES,TV SO THEY OWN THE RIGHTS TO PROGRAM YOU DAY AND NIGHT. THE JEWS WORSHIP SATAN AND GOD DOES NOT HAVE A COVENANT WITH THEM ANYMORE AND THEY HAVE NO RIGHT TO THE LAND OF ISRAEL THE JEWS ARE THE ENEMY OF ALL HUMANITY WAKE THE F**K UP BRAINWASHED CHRISTIANS!",medium_disagreement,3,0.9182958340544896,0.33333333333333337,1.3333333333333333,2.0,1.1547005383792517,"[10314, 10375, 1527]","[2.0, 2.0, 0.0]"
45234,"Oh look! The ONLY thing the entire panel of First Take EVER agrees on is when they discriminate against a white QB and take sides with a lying, manipulative, selfish, and self-serving black man. Shocking. So fkn pathetic and lame.",medium_disagreement,4,0.8112781244591328,0.25,0.5,0.0,1.0,"[4417, 4998, 1031, 3537]","[0.0, 2.0, 0.0, 0.0]"
32432,Me and my man fuck bitches together,medium_disagreement,3,0.9182958340544896,0.33333333333333337,1.3333333333333333,2.0,1.1547005383792517,"[791, 10675, 6524]","[0.0, 2.0, 2.0]"
6780,I know how to beat a bitch until they shit themselves and leave no marks. I'll cut your shit up too and throw you in the closet.,medium_disagreement,3,0.9182958340544896,0.33333333333333337,1.3333333333333333,2.0,1.1547005383792517,"[9462, 2956, 8032]","[2.0, 2.0, 0.0]"
20422,Stupid whore,medium_disagreement,3,0.9182958340544896,0.33333333333333337,1.6666666666666667,2.0,0.5773502691896257,"[2103, 10266, 9876]","[1.0, 2.0, 2.0]"
13698,This has nothing to do with black people. If a white guy walked in with dreads for a job interview he's gonna get looks and most likely not get the job.,medium_disagreement,3,0.9182958340544896,0.33333333333333337,0.3333333333333333,0.0,0.5773502691896258,"[4828, 7988, 693]","[1.0, 0.0, 0.0]"
45793,IF you greasy lying swamp pig's finally break America who is going to take over the Muslims ?,medium_disagreement,4,0.8112781244591328,0.25,0.5,0.0,1.0,"[5494, 5320, 1086, 205]","[0.0, 0.0, 2.0, 0.0]"
33128,@LilNasX bring u down bitch!,medium_disagreement,4,0.8112781244591328,0.25,1.5,2.0,1.0,"[2773, 2946, 2153, 6497]","[2.0, 2.0, 2.0, 0.0]"
34796,First fat niggas and now white men? Throw your phone away,medium_disagreement,3,0.9182958340544896,0.33333333333333337,1.6666666666666667,2.0,0.5773502691896258,"[8740, 7380, 6118]","[2.0, 2.0, 1.0]"
23363,"Islam a true religion of peace, oh yeah URL",medium_disagreement,3,0.9182958340544896,0.33333333333333337,0.3333333333333333,0.0,0.5773502691896258,"[4675, 10296, 10888]","[0.0, 1.0, 0.0]"
42500,Do I have to be Indian or Pakistani to enjoy a good cup of tea? 🤔,medium_disagreement,3,0.9182958340544896,0.33333333333333337,0.6666666666666666,1.0,0.5773502691896258,"[7462, 5715, 855]","[1.0, 1.0, 0.0]"
40133,Show your cock faggot.. the most depressing upload schedule ever.,medium_disagreement,4,0.8112781244591328,0.25,1.5,2.0,1.0,"[10337, 464, 3264, 11134]","[0.0, 2.0, 2.0, 2.0]"
34430,"tbh fuck every single straight girl who's ever tensed up or felt ""unsafe"" after a gay girl built up the courage to come out to them. youre fucking ugly and i hope youre having a horrible day",medium_disagreement,3,0.9182958340544896,0.33333333333333337,0.3333333333333333,0.0,0.5773502691896258,"[5607, 1047, 1950]","[1.0, 0.0, 0.0]"
10189,"Right. Start off in a crime ridden poor neighbourhood with violence and shitty schools. Have to start working in high school because your parent is unwell and has no healthcare, because they had no education and grew up in a shitty violent poor community. And even though at one point they had some money saved, they couldn't get a loan to buy a home because they're black. Now you can only get a shit job or a criminal one. You go for the shit job. You cannot make ends meet. Prescripted plan stalls out early.",medium_disagreement,3,0.9182958340544896,0.33333333333333337,0.3333333333333333,0.0,0.5773502691896258,"[5594, 10274, 10350]","[1.0, 0.0, 0.0]"
8665,"This scares me. I have an old friend who came out as a trans girl who lives in El Salvador. I hope the situation is better there. I hope the situation improves everywhere. I don't think she is publicly out anywhere except the United States though, thankfully.",medium_disagreement,4,0.8112781244591328,0.25,0.25,0.0,0.5,"[9403, 1081, 5689, 8772]","[0.0, 0.0, 0.0, 1.0]"
7007,No we should treat these people as the terrorists they are and apply the laws we have on the books for terrorists to them. The Evangaliban and Y'all Queda go away pretty much over night once we start doing things like anally force feeding them and waterboarding them. Once the pendulum swings the other way you'd better believe that violence backed by the force of the state will solve this inbred moron problem we're dealing with right now.,medium_disagreement,3,0.9182958340544896,0.33333333333333337,1.3333333333333333,2.0,1.1547005383792517,"[1767, 5480, 5106]","[2.0, 0.0, 2.0]"
2280,"I would think so. I think two guys kissing is hotter than two girls kissing. I've never seen gay porn, but it HAS to be better than the crap that guys watched back in college.",medium_disagreement,3,0.9182958340544896,0.33333333333333337,0.3333333333333333,0.0,0.5773502691896258,"[5046, 8570, 371]","[1.0, 0.0, 0.0]"
47143,Ya right ivanjerkenoff fuckoffisy bored at fsb da grab putin pussy or UR white TRASH bitch fuck U,medium_disagreement,3,0.9182958340544896,0.33333333333333337,1.6666666666666667,2.0,0.5773502691896257,"[2103, 10266, 9876]","[1.0, 2.0, 2.0]"
47840,These kids are retards,medium_disagreement,4,0.8112781244591328,0.25,1.5,2.0,1.0,"[291, 9434, 9312, 6889]","[2.0, 0.0, 2.0, 2.0]"
22461,Idk y one of y'all hard ass black niggas ain't find this man n kill him yet. He been disrespecting that boy since he killed him smdh URL,medium_disagreement,3,0.9182958340544896,0.33333333333333337,1.6666666666666667,2.0,0.5773502691896257,"[2559, 5046, 8570]","[1.0, 2.0, 2.0]"
23289,fuck that nigga,medium_disagreement,3,0.9182958340544896,0.33333333333333337,1.6666666666666667,2.0,0.5773502691896257,"[6978, 901, 9301]","[1.0, 2.0, 2.0]"
37967,@TarasKuzio @lara_lazar We too have a rise of White Supremacists here in Canada as well; especially in Alberta. We call then Rednecks. Uneducated idiots who have never seen the world & opened their minds to other cultures. This ignorance is dangerous & the state must be vigilant with these haters.,medium_disagreement,3,0.9182958340544896,0.33333333333333337,1.3333333333333333,2.0,1.1547005383792517,"[8143, 4652, 9998]","[0.0, 2.0, 2.0]"
24151,School girl gets a quick fuck 🥰✨ URL,medium_disagreement,3,0.9182958340544896,0.33333333333333337,0.6666666666666666,0.0,1.1547005383792517,"[456, 6658, 4488]","[0.0, 0.0, 2.0]"
9206,Get your asshole blown out at the gloryhole,medium_disagreement,3,0.9182958340544896,0.33333333333333337,0.6666666666666666,1.0,0.5773502691896258,"[11074, 8651, 2078]","[0.0, 1.0, 1.0]"
7145,"THAT'S CULTURE APROPRIATION, I'M LITERALLY SHAKING, WHITE MEN ARE THE SCUM OF THE EARTH",medium_disagreement,3,0.9182958340544896,0.33333333333333337,1.3333333333333333,2.0,1.1547005383792517,"[8159, 8565, 5577]","[2.0, 0.0, 2.0]"
47794,It is time the Free World taking staunch action against muslim Iran's nuclear capabilities which is threatening both Israel and Europe. Hope this drone was not Merkel Germany-made ?,medium_disagreement,3,0.9182958340544896,0.33333333333333337,0.6666666666666666,0.0,1.1547005383792517,"[7333, 2402, 9241]","[2.0, 0.0, 0.0]"
26593,"we are, it seems, a nation of pissy church ladies, cops, and scolds URL",medium_disagreement,3,0.9182958340544896,0.33333333333333337,0.3333333333333333,0.0,0.5773502691896258,"[1482, 2838, 7182]","[0.0, 0.0, 1.0]"
43001,This is what actually happens when u let women drive,medium_disagreement,3,0.9182958340544896,0.33333333333333337,0.6666666666666666,0.0,1.1547005383792517,"[9546, 8880, 4105]","[0.0, 2.0, 0.0]"
22157,she talkin to a nigga rude,medium_disagreement,3,0.9182958340544896,0.33333333333333337,1.3333333333333333,2.0,1.1547005383792517,"[5269, 8016, 10709]","[2.0, 2.0, 0.0]"
8908,"I don't condone theft like this, but I'm 100% in support of e-girls who just scam donations from stupid men. It's a fair trade-off as far as I'm concerned. They see us as sex bots, we should see them as ATMs.",medium_disagreement,3,0.9182958340544896,0.33333333333333337,0.3333333333333333,0.0,0.5773502691896258,"[9407, 5173, 5872]","[1.0, 0.0, 0.0]"
9276,oooh so he put his peepee stick in the guys poopoo hole? thats are a gay!,medium_disagreement,3,0.9182958340544896,0.33333333333333337,0.6666666666666666,0.0,1.1547005383792517,"[8940, 6693, 10871]","[0.0, 0.0, 2.0]"
37671,Sit that ass on this dick. Lemme see what that hole can do! #EnterTheCity and Breed the #Twinks at URL. #XXXperienceTheTwink URL,medium_disagreement,3,0.9182958340544896,0.33333333333333337,0.6666666666666666,0.0,1.1547005383792517,"[2445, 10677, 2028]","[2.0, 0.0, 0.0]"
10045,"Basically paki chavs, guys who wear tight track suits n drive golfs and are hard men",medium_disagreement,3,0.9182958340544896,0.33333333333333337,0.6666666666666666,0.0,1.1547005383792517,"[9214, 3835, 5438]","[0.0, 2.0, 0.0]"
24828,STOP GASSING THESE HOES UP FOR PUSSY LOL THESE BITCHES ACTUALLY THINK THEY BAD 😂😂,medium_disagreement,3,0.9182958340544896,0.33333333333333337,1.3333333333333333,2.0,1.1547005383792517,"[8786, 7124, 624]","[0.0, 2.0, 2.0]"
38881,@YourMusicWhore Shut up nigger,medium_disagreement,4,0.8112781244591328,0.25,1.5,2.0,1.0,"[5193, 7790, 6077, 724]","[2.0, 2.0, 2.0, 0.0]"
41564,Start a revolution not a migration if you have to come to America and get a gun go back to your home country and take over,medium_disagreement,3,0.9182958340544896,0.33333333333333337,0.6666666666666666,0.0,1.1547005383792517,"[2199, 9684, 6757]","[0.0, 2.0, 0.0]"
22019,men are so ugly and gross i wish u would all drop dead,medium_disagreement,4,0.8112781244591328,0.25,0.25,0.0,0.5,"[1697, 7369, 7176, 10985]","[0.0, 1.0, 0.0, 0.0]"
18685,Yeah I agree that being a fuckboi is gross and what he did is wrong but she's also over exaggerating her story and playing the victim.,medium_disagreement,3,0.9182958340544896,0.33333333333333337,0.6666666666666666,0.0,1.1547005383792517,"[770, 7695, 5687]","[2.0, 0.0, 0.0]"
23772,"my fave Dom/sub video...love the stark size contrast between this massive roided bull of an Alpha God and this tiny fag sub slut. Watch this Alpha God choke the life out of this fag bitch, fuck its brains out, and claim ownership of the hole by breeding it with his superior cum! URL",medium_disagreement,3,0.9182958340544896,0.33333333333333337,1.3333333333333333,2.0,1.1547005383792517,"[7562, 10633, 7812]","[0.0, 2.0, 2.0]"
9205,Everyone fucking hates us Jews,medium_disagreement,3,0.9182958340544896,0.33333333333333337,1.3333333333333333,2.0,1.1547005383792517,"[2538, 8123, 7432]","[2.0, 2.0, 0.0]"
24774,Fuck Israel!,medium_disagreement,3,0.9182958340544896,0.33333333333333337,0.6666666666666666,1.0,0.5773502691896258,"[1627, 7016, 574]","[1.0, 1.0, 0.0]"
49854,"Where are the pictures of the illegal bolshiveks, Israelis, and other war profiteering immigrants. Oh, theyre building new houses in Socal freshly burned for them by their luciferian zionist ""elders."" Seek the creator, cherish sacred women, and, dipshit swarzenegger nerds, get off the barbitols.",medium_disagreement,3,0.9182958340544896,0.33333333333333337,1.6666666666666667,2.0,0.5773502691896258,"[6833, 6724, 9816]","[2.0, 2.0, 1.0]"
47810,Those minority women should be deported there not wanted here there trash,medium_disagreement,3,0.9182958340544896,0.33333333333333337,1.3333333333333333,2.0,1.1547005383792517,"[8946, 5206, 3906]","[2.0, 2.0, 0.0]"
44576,Fuck her and her hijab to!,medium_disagreement,4,0.8112781244591328,0.25,0.25,0.0,0.5,"[1885, 7126, 4188, 3938]","[1.0, 0.0, 0.0, 0.0]"
14837,Fuck Mongolians.,medium_disagreement,3,0.9182958340544896,0.33333333333333337,0.3333333333333333,0.0,0.5773502691896258,"[1336, 5251, 989]","[0.0, 1.0, 0.0]"
27852,If ur homophobic get the fuck off my twitter for the next 10 minutes. Its entertainment for bbhls & bitches URL,medium_disagreement,3,0.9182958340544896,0.33333333333333337,0.6666666666666666,0.0,1.1547005383792517,"[5624, 4738, 9267]","[2.0, 0.0, 0.0]"
16383,Probably the native American genocide.,medium_disagreement,3,0.9182958340544896,0.33333333333333337,0.3333333333333333,0.0,0.5773502691896258,"[6448, 3441, 2481]","[1.0, 0.0, 0.0]"
30071,Bitches be sleepin' on me but be claimin' they woke,medium_disagreement,4,0.8112781244591328,0.25,1.5,2.0,1.0,"[4007, 9735, 6639, 282]","[2.0, 0.0, 2.0, 2.0]"
46095,These woman are nonsense! Shame!,medium_disagreement,3,0.9182958340544896,0.33333333333333337,0.6666666666666666,0.0,1.1547005383792517,"[2189, 925, 5025]","[0.0, 2.0, 0.0]"
2811,"Fucking saudis are the scum of the earth, embarrassments to muslims all around the world.",medium_disagreement,4,0.8112781244591328,0.25,0.5,0.0,1.0,"[6032, 7007, 9219, 5347]","[0.0, 2.0, 0.0, 0.0]"
37452,womyn are trash!,medium_disagreement,4,0.8112781244591328,0.25,0.25,0.0,0.5,"[7693, 8791, 1943, 238]","[0.0, 1.0, 0.0, 0.0]"
49288,"Look what you have become America... You have an immature, ignorant, hate-filled human as a president... and I use the term 'human' loosely. While these ignorant animals chant and squeel the rest of the world looks on, dropped-jawed and speechless. I don't think America will ever fully recover from this ... to us outsiders it simply looks like the US is filled with hateful people, and the fact that he is still in power after 2 years confirms that... FFS America, DO SOMETHING, and stop just talking about 'doing something'!",medium_disagreement,4,0.8112781244591328,0.25,1.75,2.0,0.5,"[9208, 904, 4314, 2979]","[1.0, 2.0, 2.0, 2.0]"
29587,"This is for Rachel, you big fat white nasty smellin fat bitch",medium_disagreement,3,0.9182958340544896,0.33333333333333337,1.3333333333333333,2.0,1.1547005383792517,"[7505, 857, 7167]","[2.0, 2.0, 0.0]"
32884,niggas be so sweet in private but soon as they get round they friends they rude asl🙄,medium_disagreement,4,0.8112781244591328,0.25,1.5,2.0,1.0,"[5141, 7105, 3013, 8288]","[2.0, 2.0, 0.0, 2.0]"
22507,Niggas is fake. Niggas do you wrong and act like they ain't do shit 👌🏾,medium_disagreement,4,0.8112781244591328,0.25,1.5,2.0,1.0,"[997, 7576, 6440, 6501]","[2.0, 2.0, 0.0, 2.0]"
6116,Freak bitches and a ho,medium_disagreement,3,0.9182958340544896,0.33333333333333337,1.3333333333333333,1.0,0.5773502691896258,"[6285, 10215, 519]","[1.0, 1.0, 2.0]"
43416,Get out of USA go-to Iran with your gaahy head wrap and play jihad with Iran you are a traitor to USA smelly stink fishy smelly traitor,medium_disagreement,4,0.8112781244591328,0.25,1.5,2.0,1.0,"[8879, 9982, 7524, 11079]","[2.0, 0.0, 2.0, 2.0]"
9899,Dirty homebreaker thots.,medium_disagreement,3,0.9182958340544896,0.33333333333333337,1.3333333333333333,2.0,1.1547005383792517,"[11016, 10962, 773]","[0.0, 2.0, 2.0]"
25663,You really a HOE ASS NIGGA if you come back and save these dudes @KDTrey5,medium_disagreement,3,0.9182958340544896,0.33333333333333337,1.3333333333333333,2.0,1.1547005383792517,"[5120, 10668, 9970]","[2.0, 2.0, 0.0]"
25630,"honestly men are gross, entitled and dangerous. and if you say ""you're afraid of men"" I'd say ""HELL YES"", men have given me every reason to fear for my fucking life around them, they've give me ZERO reason to trust them.",medium_disagreement,3,0.9182958340544896,0.33333333333333337,0.6666666666666666,0.0,1.1547005383792517,"[259, 4466, 951]","[0.0, 2.0, 0.0]"
22111,Fuck nigga I might spit in yo face,medium_disagreement,3,0.9182958340544896,0.33333333333333337,1.3333333333333333,2.0,1.1547005383792517,"[4726, 4542, 518]","[0.0, 2.0, 2.0]"
21961,@Cooper4SAE #whitesupremacist #whitenationalist #whitenativist #racist #bigot #xenophobe #islamophobe #antisemite #fuckconservatives #fuckcons #unCanadian #garbage,medium_disagreement,3,0.9182958340544896,0.33333333333333337,0.6666666666666666,0.0,1.1547005383792517,"[5840, 3265, 3770]","[0.0, 0.0, 2.0]"
47538,"They should all be deported to a Somali war zone where they belong, along with every Guardian employee.",medium_disagreement,3,0.9182958340544896,0.33333333333333337,1.6666666666666667,2.0,0.5773502691896257,"[5145, 4377, 4967]","[1.0, 2.0, 2.0]"
28668,"you lot can support tom holland and noah centineo and ross lynch as the white boys of the month as much as u want BUT remember where u came from. remember ur roots. show respect to ur elders and never forget the original white boy of the month, freddie fox URL",medium_disagreement,4,0.8112781244591328,0.25,0.25,0.0,0.5,"[179, 2359, 7873, 10396]","[0.0, 0.0, 0.0, 1.0]"
21888,@whorezoned Ahh I see you are a woman of culture as well,medium_disagreement,3,0.9182958340544896,0.33333333333333337,0.6666666666666666,0.0,1.1547005383792517,"[3627, 3643, 8555]","[0.0, 2.0, 0.0]"
22742,"@editor_pmrt Meanwhile 100K illegals coming here a month ha ha ha San Fran HUMAN feces all over the streets, addicts shooting up in the streets, needles everywhere A cop just caught Typhus now police demanding LA be cleaned up YOUR DEM UTOPIA",medium_disagreement,4,0.8112781244591328,0.25,0.25,0.0,0.5,"[4712, 6392, 2708, 3125]","[0.0, 0.0, 1.0, 0.0]"
17256,So I made a post about my ex being beaten I made racist remarks about white people that were really insulting. Apparently americans call it child abuse.,medium_disagreement,3,0.9182958340544896,0.33333333333333337,0.6666666666666666,0.0,1.1547005383792517,"[4180, 9449, 7983]","[2.0, 0.0, 0.0]"
15834,You're right we should definitely gather all the mentally ill transgenders and put them on an island them nuke the island and boom less mentally ill people on the planet,medium_disagreement,3,0.9182958340544896,0.33333333333333337,0.6666666666666666,1.0,0.5773502691896258,"[6130, 8543, 3047]","[0.0, 1.0, 1.0]"
25832,"@Joy_Villa @realDonaldTrump Trump Train, Can we all get behind the straight pride parade? Time to celebrate our straightness. Even if U are not straight I am sure you know and love some straights so you can celebrate their straightness. Lets not give in to hate, celebrate straight. URL",medium_disagreement,3,0.9182958340544896,0.33333333333333337,0.3333333333333333,0.0,0.5773502691896258,"[6511, 7316, 360]","[0.0, 1.0, 0.0]"
9353,"the currently accepted by most definition of incel is one of those guy that likes to wallow in self pitty, hate woman and all that, is that what you want? to stop being one of those guys? ​ Or do you want to get a girlfriend?",medium_disagreement,3,0.9182958340544896,0.33333333333333337,0.6666666666666666,0.0,1.1547005383792517,"[8508, 2356, 7070]","[0.0, 0.0, 2.0]"
48918,They receive death threats because they are anti American. Has nothing to do with Trump. Play the shir were the clearly state they hate America and its values. They are Muslim and want sharia law to rule the land!,medium_disagreement,3,0.9182958340544896,0.33333333333333337,0.6666666666666666,0.0,1.1547005383792517,"[1078, 9296, 10419]","[2.0, 0.0, 0.0]"
33135,Pat Lynch should sit his ass down. He had nothing to say when cops were caught on camera killing unarmed black males. Fucking hypocrite.  URL,medium_disagreement,4,0.8112781244591328,0.25,0.5,0.0,1.0,"[2194, 3134, 5056, 5839]","[0.0, 0.0, 0.0, 2.0]"
43524,This silly turd looks as if she's looking for help from God. If there was a God May would have been dead long ago living for all eternity by the side of the Devil.,medium_disagreement,3,0.9182958340544896,0.33333333333333337,0.6666666666666666,0.0,1.1547005383792517,"[10696, 11010, 6121]","[0.0, 2.0, 0.0]"
45683,fuck Islam lol,medium_disagreement,3,0.9182958340544896,0.33333333333333337,1.3333333333333333,2.0,1.1547005383792517,"[6953, 8835, 8710]","[0.0, 2.0, 2.0]"
10005,Fuck the fat Jewish,medium_disagreement,4,0.8112781244591328,0.25,1.5,2.0,1.0,"[5791, 3451, 9937, 8890]","[2.0, 2.0, 0.0, 2.0]"
38105,@BreitbartNews Yeah obama. You would just love to get your grimy Muslim hands on our guns so you can get your relatives to take the USA over and turn it into a sharia shithole!,medium_disagreement,4,0.8112781244591328,0.25,1.5,2.0,1.0,"[9301, 9475, 4994, 6701]","[2.0, 0.0, 2.0, 2.0]"
45473,The existence of Israel is blasphemy,medium_disagreement,4,0.8112781244591328,0.25,0.25,0.0,0.5,"[2713, 5786, 9711, 987]","[0.0, 0.0, 1.0, 0.0]"
12426,The Marxist Kurds are bad orange man?,medium_disagreement,3,0.9182958340544896,0.33333333333333337,0.3333333333333333,0.0,0.5773502691896258,"[2805, 1327, 6770]","[0.0, 1.0, 0.0]"
15781,"As a trans guy with a girlfriend, fuck yes",medium_disagreement,3,0.9182958340544896,0.33333333333333337,0.3333333333333333,0.0,0.5773502691896258,"[3825, 7082, 5068]","[1.0, 0.0, 0.0]"
3038,get a fuckign GREEN card or passport or visa...its not that fucking hard,medium_disagreement,3,0.9182958340544896,0.33333333333333337,0.6666666666666666,0.0,1.1547005383792517,"[1589, 8635, 3823]","[2.0, 0.0, 0.0]"
21836,Retweet if you want me sitting on your face while I deepthroat your cock #horny #boobs #tits #pussy #porn #amateurporn #cumslut #blowjob #sex #slut #ass #dick #cock #jailbait #bbc #gangbang #cuckold #fuck #fuckme #whore #cumtribute URL,medium_disagreement,3,0.9182958340544896,0.33333333333333337,0.6666666666666666,0.0,1.1547005383792517,"[1535, 1037, 1984]","[0.0, 0.0, 2.0]"
13650,How else is a short balding fat guy going to get a pussy wet?,medium_disagreement,3,0.9182958340544896,0.33333333333333337,0.6666666666666666,0.0,1.1547005383792517,"[8853, 7274, 7169]","[0.0, 2.0, 0.0]"
14669,Mmm what beautiful clit. Keep stuffing your cunt with anything you can find,medium_disagreement,3,0.9182958340544896,0.33333333333333337,0.6666666666666666,0.0,1.1547005383792517,"[3789, 7931, 9427]","[0.0, 0.0, 2.0]"
13296,"Yeah, who would have thought that posting your picture would not end well. It's not like Iran is an extremely oppressive country, and competing with the Saudis for most executions every year. It's not America where you can put on a pussy hat and match against the President. This has consequences.",medium_disagreement,3,0.9182958340544896,0.33333333333333337,0.6666666666666666,0.0,1.1547005383792517,"[2613, 5961, 2548]","[0.0, 0.0, 2.0]"
20920,"but to reiterate: we don't all have the same ethnic make up, we don't all live the same realities, coloured people are not a homogeneous group.",medium_disagreement,3,0.9182958340544896,0.33333333333333337,0.6666666666666666,0.0,1.1547005383792517,"[3867, 3229, 6313]","[0.0, 2.0, 0.0]"
10410,">The Gulf Between two people who don't like one another. It is long but neutral and true Honestly akhi, who do you think likes you more. Iranians majority of whom practice an Arab religion, give their children Arab names and teach them Arabic in school (as a second language) or the ""go back to your country"" crowd who would beat up a Sikh, because they can't be bothered to differentiate between various types of sand niggers?",medium_disagreement,4,0.8112781244591328,0.25,1.75,2.0,0.5,"[2099, 6695, 9108, 1677]","[1.0, 2.0, 2.0, 2.0]"
11778,Niggas will make fun of you for anything 😂😂,medium_disagreement,4,0.8112781244591328,0.25,1.75,2.0,0.5,"[6014, 270, 791, 10675]","[2.0, 2.0, 1.0, 2.0]"
14968,"Hmm, walks like he's gay, peroxide blonde dyed hair, runs away. What a fucking clown.",medium_disagreement,3,0.9182958340544896,0.33333333333333337,1.3333333333333333,2.0,1.1547005383792517,"[3499, 7043, 278]","[0.0, 2.0, 2.0]"
5254,"Look at this nasty lil thot, mmmmm so thicc and juicy, nasty ass, freaky ass ho",medium_disagreement,3,0.9182958340544896,0.33333333333333337,1.3333333333333333,2.0,1.1547005383792517,"[2356, 7070, 3321]","[0.0, 2.0, 2.0]"
30570,Stupid Bitch Gets Punished! Check it out #manyvids 🌸URL URL,medium_disagreement,3,0.9182958340544896,0.33333333333333337,1.3333333333333333,2.0,1.1547005383792517,"[3088, 7519, 4850]","[2.0, 2.0, 0.0]"
738,So are the far left who want all the jews to redistribute their wealth.,medium_disagreement,3,0.9182958340544896,0.33333333333333337,0.6666666666666666,0.0,1.1547005383792517,"[1297, 4132, 8700]","[2.0, 0.0, 0.0]"
23823,ugly bitches talk the most shit like stfu,medium_disagreement,3,0.9182958340544896,0.33333333333333337,0.6666666666666666,0.0,1.1547005383792517,"[1975, 9953, 7514]","[2.0, 0.0, 0.0]"
7038,"The same reason a gay black guy would lie about conservatives lynching him, or a woman would lie about a SCOTUS nominee raping her - attention whoring or flat mental illness",medium_disagreement,3,0.9182958340544896,0.33333333333333337,0.6666666666666666,0.0,1.1547005383792517,"[2510, 8789, 5095]","[2.0, 0.0, 0.0]"
41256,Buzzfeed has to make sure this video is sufficiently gay to meet publication standards. Buzzfeed cannot disappoint their base of idiots and freaks.,medium_disagreement,3,0.9182958340544896,0.33333333333333337,1.3333333333333333,2.0,1.1547005383792517,"[9842, 621, 10390]","[0.0, 2.0, 2.0]"
35181,@bbctms I wish I could be Inglish so I could be better than everyone else #xenophobic #Nationalism,medium_disagreement,3,0.9182958340544896,0.33333333333333337,0.3333333333333333,0.0,0.5773502691896258,"[9322, 10623, 7765]","[0.0, 0.0, 1.0]"
26235,"It's here already! Sharia, blasphemy laws used against conservatives! Someone better stand up and claim the law that supersedes that! The constitution! @TuckerCarlson @seanhannity @JudgeJeanine @AlanDersh URL",medium_disagreement,3,0.9182958340544896,0.33333333333333337,0.6666666666666666,0.0,1.1547005383792517,"[2223, 203, 14]","[0.0, 2.0, 0.0]"
3519,Give me your tears gypsies,medium_disagreement,3,0.9182958340544896,0.33333333333333337,1.3333333333333333,2.0,1.1547005383792517,"[6992, 2847, 9892]","[2.0, 2.0, 0.0]"
737,She's disgusting. I'd let her suck my cock.,medium_disagreement,4,0.8112781244591328,0.25,0.5,0.0,1.0,"[10690, 3444, 9885, 2743]","[0.0, 0.0, 2.0, 0.0]"
5064,"ESH. Call me sexist, but fuck you, you don't threaten a woman with violence, ever.",medium_disagreement,3,0.9182958340544896,0.33333333333333337,0.3333333333333333,0.0,0.5773502691896258,"[9484, 5015, 5126]","[0.0, 0.0, 1.0]"
39271,24 news pakistan & paki news channels have been continuously quoting arundhati roy. Where she said rape has been used as a weapon against kashmiri.. Does govt need any other proof that she is paki agent .. She need to be arrested asap. @HMOIndia,medium_disagreement,3,0.9182958340544896,0.33333333333333337,0.6666666666666666,0.0,1.1547005383792517,"[796, 8407, 4944]","[2.0, 0.0, 0.0]"
6827,Nothing. Religion is an evil and all religious people should be killed for the greater good.,medium_disagreement,3,0.9182958340544896,0.33333333333333337,0.6666666666666666,0.0,1.1547005383792517,"[7236, 7676, 7911]","[0.0, 2.0, 0.0]"
40056,i want to tie a pathetic slut up so she is all vulnerable and exposed URL,medium_disagreement,3,0.9182958340544896,0.33333333333333337,0.6666666666666666,0.0,1.1547005383792517,"[808, 5952, 5200]","[0.0, 0.0, 2.0]"
14094,You're Canadian too what an embarrassment. Listen if you've ever been to England you'll know that people drink on the trains all the time (English people especially). This guy was just using the rules as thinly veiled racism.,medium_disagreement,3,0.9182958340544896,0.33333333333333337,0.6666666666666666,0.0,1.1547005383792517,"[8750, 3439, 5494]","[0.0, 2.0, 0.0]"
221,All these crazy religious fuckheads trying to shut down abortion are like apes trying to destroy fire because it burns to the touch,medium_disagreement,3,0.9182958340544896,0.33333333333333337,1.3333333333333333,2.0,1.1547005383792517,"[2645, 2077, 2362]","[0.0, 2.0, 2.0]"
39990,@666jame Mannn I hope someone spits on this bitch. Abusive ass hoe,medium_disagreement,3,0.9182958340544896,0.33333333333333337,0.6666666666666666,0.0,1.1547005383792517,"[724, 6319, 6911]","[0.0, 2.0, 0.0]"
42917,gg for those indian idols. this is me not being racist but koreans dont like dark skin,medium_disagreement,4,0.8112781244591328,0.25,0.25,0.0,0.5,"[7951, 7408, 2524, 5290]","[0.0, 0.0, 1.0, 0.0]"
40876,"OMG.. Just realized. This is Purim in bible. Read book of Esther , to those interested. Love all.💝💝💝",medium_disagreement,3,0.9182958340544896,0.33333333333333337,0.3333333333333333,0.0,0.5773502691896258,"[8122, 5146, 721]","[0.0, 1.0, 0.0]"
47822,Survey says women are emotional lunatics.,medium_disagreement,3,0.9182958340544896,0.33333333333333337,0.3333333333333333,0.0,0.5773502691896258,"[5438, 3021, 2513]","[0.0, 0.0, 1.0]"
14346,And if she was black she would be dead.,medium_disagreement,4,0.8112781244591328,0.25,0.25,0.0,0.5,"[10201, 10834, 7263, 9770]","[1.0, 0.0, 0.0, 0.0]"
4135,Death to catholicism. Should be legal to shoot them.,medium_disagreement,4,0.8112781244591328,0.25,1.5,2.0,1.0,"[8352, 1339, 9258, 1218]","[2.0, 2.0, 0.0, 2.0]"
2343,and fuck gay people,medium_disagreement,3,0.9182958340544896,0.33333333333333337,0.6666666666666666,0.0,1.1547005383792517,"[8870, 10739, 10331]","[0.0, 2.0, 0.0]"
33864,Lil bitch you tweakin you a messy hoe 🤕,medium_disagreement,3,0.9182958340544896,0.33333333333333337,0.3333333333333333,0.0,0.5773502691896258,"[6440, 6501, 379]","[0.0, 1.0, 0.0]"
12712,"Jews are people, furries are fucking retards who want to fuck dogs. False equivalencies, dog fucker.",medium_disagreement,3,0.9182958340544896,0.33333333333333337,1.3333333333333333,2.0,1.1547005383792517,"[8473, 11089, 10923]","[2.0, 2.0, 0.0]"
48881,Hahahaha All these nasty fake Christians defending Israel like Israel needs a defender. Bunch of Fake fucks trying to play God on earth. 🤢🤢🤮🤮,medium_disagreement,3,0.9182958340544896,0.33333333333333337,0.6666666666666666,0.0,1.1547005383792517,"[644, 1936, 8532]","[0.0, 2.0, 0.0]"
36519,@yoonjo_on wow all them white tik tok boys just lost their jobs,medium_disagreement,3,0.9182958340544896,0.33333333333333337,1.6666666666666667,2.0,0.5773502691896258,"[7202, 10819, 5033]","[2.0, 2.0, 1.0]"
8837,"I bet its Germans, its always fucking Germans...",medium_disagreement,3,0.9182958340544896,0.33333333333333337,1.3333333333333333,2.0,1.1547005383792517,"[2388, 4873, 8254]","[2.0, 2.0, 0.0]"
27040,@BeatManBam @makelco That nigga back built like the Berlin Wall,medium_disagreement,3,0.9182958340544896,0.33333333333333337,1.3333333333333333,2.0,1.1547005383792517,"[5722, 10724, 7725]","[2.0, 2.0, 0.0]"
23757,You WHORES nut in dumb bitches who only want you for your mixed babies,medium_disagreement,4,0.8112781244591328,0.25,1.5,2.0,1.0,"[1109, 5408, 108, 2953]","[0.0, 2.0, 2.0, 2.0]"
27222,Just breathed.. wow men are trash,medium_disagreement,3,0.9182958340544896,0.33333333333333337,0.6666666666666666,0.0,1.1547005383792517,"[10070, 6557, 6819]","[0.0, 0.0, 2.0]"
40712,Yeah when the shaking started the Illegals got out of there fast.. er.. I mean they got Deported.. Mybad.,medium_disagreement,4,0.8112781244591328,0.25,0.25,0.0,0.5,"[6785, 11141, 1699, 3488]","[0.0, 0.0, 0.0, 1.0]"
26594,@inmyprfct fucking hate men,medium_disagreement,4,0.8112781244591328,0.25,0.25,0.0,0.5,"[4562, 8351, 5992, 409]","[0.0, 0.0, 0.0, 1.0]"
38191,I need a new Twitter all I see is pussy on here & im married to a male 🥶🥶🤣 can't keep looking @ that shitt 😅🙄,medium_disagreement,3,0.9182958340544896,0.33333333333333337,1.3333333333333333,2.0,1.1547005383792517,"[4702, 7344, 2526]","[2.0, 0.0, 2.0]"
28872,"White men who think it's some sort of ""Gotcha"" when a Black person has some slave-owning ancestor are the worst scrapings of pig tripe that ever were.  URL",medium_disagreement,5,0.7219280948873623,0.19999999999999996,0.4,0.0,0.8944271909999159,"[7915, 3291, 5655, 7251, 3738]","[0.0, 0.0, 0.0, 0.0, 2.0]"
18870,Vandetta went on a rampage to rid the world of women.,medium_disagreement,3,0.9182958340544896,0.33333333333333337,0.6666666666666666,1.0,0.5773502691896258,"[10989, 2089, 10548]","[1.0, 0.0, 1.0]"
44958,Ya boy so gay wtf is that stupid outfit god your a beta wearing your gfs onesie,medium_disagreement,3,0.9182958340544896,0.33333333333333337,1.3333333333333333,2.0,1.1547005383792517,"[2470, 1966, 6702]","[2.0, 0.0, 2.0]"
46996,They look gay in a f__k up gay world. cover your booty cheeks next time,medium_disagreement,3,0.9182958340544896,0.33333333333333337,0.6666666666666666,0.0,1.1547005383792517,"[4067, 11063, 5074]","[0.0, 0.0, 2.0]"
35358,"You're the fuck toy for the holiday party, slave. I told the men and women to use all of your tight fuck holes. Men will fuck your mouth, pussy, and ass, until they pump you full of cum. You'll suck and swallow. Then we'll watch you kneel to eat women's pussy until they cum. URL",medium_disagreement,4,0.8112781244591328,0.25,0.25,0.0,0.5,"[6061, 10098, 736, 9800]","[0.0, 0.0, 0.0, 1.0]"
1485,"Yeah mate, genociding the native americans and hundreds of years of slavery dont count. Cant expect much from balts tho.",medium_disagreement,3,0.9182958340544896,0.33333333333333337,0.3333333333333333,0.0,0.5773502691896258,"[1771, 2729, 8148]","[1.0, 0.0, 0.0]"
8792,"NTA, but I must admit that I just went along with it for both of my kids. I'm not religious, nor is my wife, but she was raised Catholic and her whole family is still quite religious. So we go through all this bs to make her parents happy. I say some ritualistic stuff and then get along with my life. I was not struck by lightning. I don't really consider christening to be a big deal and have no desire to do all that communion and confirmation crap. ​ Once my kids get a little older I'll let them figure it out on their own. Maybe they will become religious to spite me, but we shall see.",medium_disagreement,4,0.8112781244591328,0.25,0.5,0.0,1.0,"[1531, 9868, 2681, 1011]","[2.0, 0.0, 0.0, 0.0]"
355,"Nor I you, you're putrid. You're another white knob thinking you're virtuous while you shame people from different cultures. You're in luck, Reddit loves that, builds up the 'ol ego - if there's one thing Reddit's taught me, it's the intolerance of the supposed tolerant. You're not new, you're commonplace. Dealt with racist shits like you since birth. I'm all gd.",medium_disagreement,3,0.9182958340544896,0.33333333333333337,1.3333333333333333,2.0,1.1547005383792517,"[2693, 6767, 981]","[2.0, 2.0, 0.0]"
41950,Put them and the muslims all back in the middle east.,medium_disagreement,3,0.9182958340544896,0.33333333333333337,0.3333333333333333,0.0,0.5773502691896258,"[2166, 7037, 6421]","[1.0, 0.0, 0.0]"
7181,It can go from women being able to be readers to an openly gay couple living an un-bothered Orthodox life within the parish. Too vague to tell.,medium_disagreement,3,0.9182958340544896,0.33333333333333337,0.3333333333333333,0.0,0.5773502691896258,"[2303, 9306, 541]","[1.0, 0.0, 0.0]"
2626,Fuck allah too and Mohhamd the 9 year old predator,medium_disagreement,4,0.8112781244591328,0.25,0.5,0.0,1.0,"[10408, 2518, 590, 8997]","[2.0, 0.0, 0.0, 0.0]"
4030,Congrats on the trans girl,medium_disagreement,3,0.9182958340544896,0.33333333333333337,0.3333333333333333,0.0,0.5773502691896258,"[6896, 7705, 10764]","[0.0, 1.0, 0.0]"
19571,I'm built to fuck Her URL,medium_disagreement,3,0.9182958340544896,0.33333333333333337,0.3333333333333333,0.0,0.5773502691896258,"[9354, 2510, 8789]","[1.0, 0.0, 0.0]"
45176,The guy had fake passports and a address in Saudi Arabia. SAUDI ARABIA should burn,medium_disagreement,3,0.9182958340544896,0.33333333333333337,0.6666666666666666,0.0,1.1547005383792517,"[2074, 4344, 5453]","[0.0, 0.0, 2.0]"
11351,Fuck cheating Asian dog cunts,medium_disagreement,4,0.8112781244591328,0.25,1.5,2.0,1.0,"[9178, 2940, 1070, 9849]","[0.0, 2.0, 2.0, 2.0]"
40979,"Deport them all immediately together, problem solved",medium_disagreement,3,0.9182958340544896,0.33333333333333337,0.3333333333333333,0.0,0.5773502691896258,"[7018, 7332, 8497]","[0.0, 0.0, 1.0]"
32326,This the type of love a bitch DIED for. Y'all women be safe out here these lame niggas will kill you and beat you,medium_disagreement,3,0.9182958340544896,0.33333333333333337,1.3333333333333333,2.0,1.1547005383792517,"[5517, 10686, 10480]","[0.0, 2.0, 2.0]"
34333,"Obviously the nigga, women aren't sexual objects they can say no even if they've fucked you before",medium_disagreement,4,0.8112781244591328,0.25,1.5,2.0,1.0,"[5660, 6180, 9991, 5971]","[2.0, 0.0, 2.0, 2.0]"
6077,"Think she looks like a free use slut, I'd happily destroy her in what little clothes she has on",medium_disagreement,3,0.9182958340544896,0.33333333333333337,1.3333333333333333,2.0,1.1547005383792517,"[2964, 2338, 3371]","[2.0, 0.0, 2.0]"
3013,Haha you're a fucking fag,medium_disagreement,3,0.9182958340544896,0.33333333333333337,1.3333333333333333,2.0,1.1547005383792517,"[7778, 5951, 8047]","[2.0, 0.0, 2.0]"
30187,This wh*te Boy is staring at me and ngl he's lowkey kinda cute. Don't know if he feels the same or he's calling me a nigger in his head URL,medium_disagreement,3,0.9182958340544896,0.33333333333333337,0.6666666666666666,0.0,1.1547005383792517,"[1753, 937, 11093]","[0.0, 0.0, 2.0]"
42348,"Everything this worm of a women does is a set up or trap , she should go home to the rat hole she came from !",medium_disagreement,4,0.8112781244591328,0.25,0.5,0.0,1.0,"[8178, 4637, 9896, 10173]","[0.0, 0.0, 2.0, 0.0]"
10027,"Good , less gipsy muslim retards , these people should be their own not following middle east like a bitch , fuck every stupid muslim.",medium_disagreement,4,0.8112781244591328,0.25,1.5,2.0,1.0,"[56, 183, 9169, 8114]","[2.0, 0.0, 2.0, 2.0]"
31484,@CombsTwins SHE IS FROM ISALND LESBOS - WHERE SHE WAHT- oh sh and many others girls are from greece island lesbos ?,medium_disagreement,4,0.8112781244591328,0.25,0.25,0.0,0.5,"[1285, 7349, 5797, 2131]","[0.0, 1.0, 0.0, 0.0]"
41718,I'm proud of this! Nothing more than a little gay boy wanting attention anyway he could get it!,medium_disagreement,4,0.8112781244591328,0.25,1.5,2.0,1.0,"[10819, 5033, 1694, 4614]","[2.0, 2.0, 0.0, 2.0]"
31816,women: men are all trash  also women: URL,medium_disagreement,4,0.8112781244591328,0.25,0.25,0.0,0.5,"[8978, 638, 6735, 1657]","[0.0, 0.0, 1.0, 0.0]"
39930,"isis girls be like ""I'm gonna blow their whole army""",medium_disagreement,3,0.9182958340544896,0.33333333333333337,0.6666666666666666,0.0,1.1547005383792517,"[730, 3992, 3773]","[0.0, 0.0, 2.0]"
39169,A bunch of horny porn stars in a gay sex club? 🔥🔥🔥 This can end only one way — a big orgy of bareback fucking. Pump those asses full of cum! 🍆💦💦💦 @ViktorRomXXX @andystaroficial @kensummersxxx @frankyetxxx URL,medium_disagreement,3,0.9182958340544896,0.33333333333333337,1.3333333333333333,2.0,1.1547005383792517,"[9246, 6541, 1173]","[2.0, 0.0, 2.0]"
19863,fucking retard. thank god reddit encourages these retarded white fucks to stop reproducing,medium_disagreement,4,0.8112781244591328,0.25,1.5,2.0,1.0,"[1773, 4756, 9111, 8340]","[2.0, 2.0, 2.0, 0.0]"
20051,"It takes belief in false morality to commit atrocities. Those who believe in the false morality of anti-abortion, anti-gay religions are primed for authoritarianism. They use their beliefs to prop themselves up as superior to others. They excuse all transgressions made by hose who share their beliefs. That is how they excuse the obvious and undeniable immorality of Trump. It is only a small step from there to dehumanizing others and committing genocidal acts like separating migrant children from their parents or ignoring the threat of climate change.",medium_disagreement,377,0.7336114422409663,0.14323607427055707,0.22546419098143236,0.0,0.5830850266602357,"[2790, 248, 1532, 10060, 4901, 6355, 5266, 9054, 634, 5025, 10807, 8238, 2660, 7036, 9418, 4267, 2682, 1685, 9537, 38, 3643, 1273, 1604, 10729, 10236, 10409, 9240, 5737, 969, 8232, 5206, 2388, 5875, 1301, 10909, 2183, 7208, 1179, 5068, 8786, 2798, 10231, 9015, 1357, 1946, 5158, 2530, 7750, 10762, 9358, 8522, 11116, 2529, 10156, 7909, 5265, 9351, 4918, 1427, 9511, 3283, 6278, 6748, 5319, 3462, 6897, 4935, 5575, 9711, 4425, 467, 1966, 5109, 9785, 8341, 7355, 874, 8044, 9995, 1372, 9102, 10895, 6267, 10890, 1790, 6391, 7712, 5731, 173, 6316, 8472, 4949, 503, 10188, 2569, 8830, 2487, 4822, 10150, 3021, 10732, 7908, 2728, 5108, 7494, 1086, 10507, 2613, 5614, 3459, 4753, 771, 4522, 7692, 4845, 2078, 4023, 2103, 10548, 7373, 10925, 5237, 9496, 8621, 3461, 5987, 10004, 8148, 9036, 10648, 4052, 10337, 8594, 4313, 3539, 328, 4663, 9030, 4877, 10371, 4089, 1243, 10069, 5803, 4909, 8725, 5141, 742, 1332, 11135, 3810, 8858, 6770, 6692, 5483, 9225, 606, 2591, 8348, 2240, 7827, 10145, 9228, 1047, 3934, 5433, 6743, 9136, 446, 2048, 4850, 4477, 5559, 4433, 2921, 5858, 4897, 2813, 3106, 3110, 4272, 7666, 4017, 9287, 10293, 1512, 238, 4581, 5425, 3953, 7854, 10322, 4333, 9172, 8939, 8140, 7040, 4639, 614, 9170, 2502, 3441, 3676, 2276, 3955, 806, 2783, 3506, 9689, 2979, 2232, 2217, 1007, 5081, 6385, 847, 10898, 9256, 10466, 3419, 3917, 10016, 4903, 981, 10738, 1830, 2676, 8613, 4075, 7800, 3220, 10629, 10708, 8853, 3406, 10007, 2518, 7459, 9907, 9874, 6950, 5857, 7999, 4936, 4624, 4757, 5838, 8316, 5589, 5281, 9031, 5119, 6172, 7106, 4040, 6072, 4968, 7112, 2494, 9818, 4148, 5248, 8442, 8006, 3129, 3179, 7470, 3964, 11064, 1982, 10186, 4378, 10495, 11127, 187, 10789, 4001, 7407, 8502, 7637, 8368, 8342, 6822, 5948, 9446, 9229, 1000, 1878, 3431, 7249, 8784, 1196, 9683, 6763, 10126, 9034, 476, 3165, 9049, 7411, 2804, 386, 3125, 9403, 378, 885, 7382, 9108, 8714, 623, 9559, 1070, 6291, 2580, 5591, 2614, 7715, 9642, 7968, 1994, 9550, 2678, 8718, 1284, 7753, 8468, 50, 6953, 7730, 4190, 6919, 5715, 7669, 4450, 7275, 10557, 5214, 226, 2956, 5224, 11098, 4510, 7439, 5962, 5051, 10728, 1058, 4090, 8760, 7639, 3382, 4006, 4656, 9607, 8142, 3083, 5649, 10417, 445, 2222, 9125, 6920, 9582, 397, 2542, 4210, 346, 4562, 6050, 168, 5972, 2243, 2787, 9957, 3480, 573, 1404]","[0.0, 0.0, 0.0, 0.0, 0.0, 0.0, 1.0, 0.0, 0.0, 0.0, 0.0, 0.0, 0.0, 0.0, 0.0, 0.0, 0.0, 0.0, 0.0, 0.0, 0.0, 1.0, 0.0, 0.0, 0.0, 0.0, 0.0, 0.0, 0.0, 0.0, 0.0, 0.0, 0.0, 1.0, 0.0, 0.0, 1.0, 0.0, 0.0, 0.0, 0.0, 0.0, 0.0, 0.0, 0.0, 0.0, 0.0, 0.0, 2.0, 0.0, 0.0, 0.0, 1.0, 0.0, 0.0, 0.0, 0.0, 0.0, 0.0, 0.0, 0.0, 0.0, 1.0, 0.0, 0.0, 0.0, 2.0, 0.0, 1.0, 0.0, 0.0, 0.0, 0.0, 0.0, 0.0, 1.0, 1.0, 0.0, 0.0, 0.0, 0.0, 0.0, 0.0, 0.0, 2.0, 0.0, 0.0, 0.0, 0.0, 0.0, 1.0, 0.0, 0.0, 0.0, 0.0, 0.0, 2.0, 0.0, 0.0, 0.0, 0.0, 0.0, 0.0, 0.0, 0.0, 0.0, 0.0, 0.0, 0.0, 0.0, 0.0, 0.0, 0.0, 0.0, 0.0, 2.0, 0.0, 0.0, 0.0, 0.0, 0.0, 0.0, 0.0, 0.0, 0.0, 0.0, 0.0, 0.0, 0.0, 0.0, 0.0, 0.0, 0.0, 0.0, 0.0, 2.0, 0.0, 0.0, 0.0, 0.0, 0.0, 0.0, 0.0, 0.0, 0.0, 0.0, 0.0, 0.0, 0.0, 0.0, 1.0, 0.0, 2.0, 0.0, 2.0, 0.0, 2.0, 0.0, 2.0, 0.0, 2.0, 0.0, 0.0, 0.0, 1.0, 0.0, 0.0, 0.0, 0.0, 0.0, 0.0, 0.0, 0.0, 0.0, 0.0, 2.0, 0.0, 0.0, 0.0, 0.0, 0.0, 0.0, 0.0, 0.0, 0.0, 0.0, 1.0, 2.0, 0.0, 0.0, 0.0, 0.0, 0.0, 2.0, 0.0, 0.0, 2.0, 0.0, 0.0, 2.0, 0.0, 0.0, 2.0, 0.0, 2.0, 1.0, 0.0, 0.0, 0.0, 1.0, 0.0, 0.0, 0.0, 0.0, 0.0, 0.0, 2.0, 2.0, 0.0, 0.0, 0.0, 0.0, 0.0, 2.0, 0.0, 0.0, 0.0, 0.0, 2.0, 0.0, 0.0, 0.0, 0.0, 0.0, 2.0, 0.0, 0.0, 0.0, 0.0, 0.0, 0.0, 0.0, 0.0, 0.0, 0.0, 0.0, 0.0, 0.0, 0.0, 0.0, 0.0, 0.0, 0.0, 0.0, 0.0, 0.0, 0.0, 0.0, 0.0, 0.0, 0.0, 0.0, 0.0, 0.0, 0.0, 0.0, 0.0, 0.0, 0.0, 0.0, 1.0, 0.0, 0.0, 0.0, 0.0, 0.0, 0.0, 2.0, 0.0, 2.0, 1.0, 0.0, 0.0, 0.0, 0.0, 0.0, 0.0, 0.0, 0.0, 0.0, 2.0, 0.0, 0.0, 0.0, 0.0, 0.0, 0.0, 0.0, 0.0, 0.0, 0.0, 0.0, 0.0, 0.0, 0.0, 0.0, 0.0, 0.0, 0.0, 0.0, 0.0, 0.0, 1.0, 0.0, 0.0, 0.0, 1.0, 1.0, 1.0, 0.0, 1.0, 0.0, 0.0, 0.0, 0.0, 0.0, 0.0, 0.0, 0.0, 0.0, 0.0, 2.0, 0.0, 0.0, 0.0, 0.0, 0.0, 0.0, 0.0, 0.0, 0.0, 0.0, 0.0, 0.0, 0.0, 0.0, 0.0, 0.0, 2.0, 0.0, 0.0, 0.0, 1.0, 0.0, 0.0, 0.0, 0.0, 0.0, 0.0, 0.0, 0.0, 2.0, 2.0, 0.0, 0.0, 0.0, 0.0, 0.0, 0.0, 0.0, 0.0, 0.0, 0.0, 0.0, 0.0, 0.0, 2.0]"
11384,"To be fair, a woman is not a slut if it is over like 20 years",medium_disagreement,3,0.9182958340544896,0.33333333333333337,1.3333333333333333,2.0,1.1547005383792517,"[6200, 9276, 2334]","[0.0, 2.0, 2.0]"
45757,Your boy already blew it cheating long before he tried to be a fake news reporter for his Jewish sponsored bank account!! what!! too anti-semetic for you? grow up!!! the boy's a thug!!!,medium_disagreement,3,0.9182958340544896,0.33333333333333337,1.3333333333333333,2.0,1.1547005383792517,"[4805, 9097, 3517]","[0.0, 2.0, 2.0]"
762,">1) Don't get pregnant if you can't/won't support the child.  Rape happens. In Alabama, the penalty for aborting a rapist's parasitic offspring is greater than that for committing rape. >2) Go to another state to get the abortion. This is also criminalized under the Alabama law. You also forget that Alabama is one of our poorest states. Many victims lack the monetary resources to travel out-of-state at will to get an unwanted organism out of their bodies.",medium_disagreement,3,0.9182958340544896,0.33333333333333337,0.6666666666666666,0.0,1.1547005383792517,"[4293, 1489, 5663]","[2.0, 0.0, 0.0]"
47405,The reason because your dad took your money is because he's black he might steal your shoes as well,medium_disagreement,3,0.9182958340544896,0.33333333333333337,0.6666666666666666,0.0,1.1547005383792517,"[2022, 11120, 197]","[0.0, 2.0, 0.0]"
25391,@casspernyovest I know niggers that can remove with sideburns with a bullet just say word,medium_disagreement,3,0.9182958340544896,0.33333333333333337,1.6666666666666667,2.0,0.5773502691896258,"[9301, 4994, 6701]","[2.0, 2.0, 1.0]"
32634,We really need to be bombing Europe again.,medium_disagreement,3,0.9182958340544896,0.33333333333333337,0.6666666666666666,0.0,1.1547005383792517,"[3269, 6761, 5064]","[0.0, 0.0, 2.0]"
30415,"niggas hate to see women win, a mental illness",medium_disagreement,4,0.8112781244591328,0.25,1.75,2.0,0.5,"[1348, 3479, 2495, 9722]","[2.0, 2.0, 1.0, 2.0]"
30569,Chinese race seems to be a spawn of satan himself..the way they live and the cruelty they inflict on animals and other race humans alike is mind boggling and cant come from a human race with even an iota of good in him,medium_disagreement,4,0.8112781244591328,0.25,1.5,2.0,1.0,"[2471, 8302, 1545, 4367]","[2.0, 0.0, 2.0, 2.0]"
15911,And that is why she's a grade A slut,medium_disagreement,4,0.8112781244591328,0.25,0.5,0.0,1.0,"[2015, 1076, 5892, 5055]","[0.0, 0.0, 2.0, 0.0]"
49757,"Didn't 100s of Lovely Immigrants Raped, Assaulted, Molested, Groped 100s of Young Women in Germany, One New Year's Eve? True or False? Multicultural ism",medium_disagreement,3,0.9182958340544896,0.33333333333333337,0.3333333333333333,0.0,0.5773502691896258,"[6302, 3750, 5310]","[0.0, 0.0, 1.0]"
45033,"Hugo, trump doesn't care about Latinos. They are people to be turned away from our border or put in cages.",medium_disagreement,4,0.8112781244591328,0.25,0.5,0.0,1.0,"[9312, 6889, 9102, 2635]","[2.0, 0.0, 0.0, 0.0]"
11679,Is that why these Indian fucc bois named Christopher and Jeremy keep calling about credit card fraud and asking for my social security # lmao,medium_disagreement,3,0.9182958340544896,0.33333333333333337,1.6666666666666667,2.0,0.5773502691896257,"[1708, 10025, 4828]","[2.0, 1.0, 2.0]"
31684,"How about our homeless veterans, they don't get to brush their teeth. Problem solved ,send illegals back, then they can brush their teeth.",medium_disagreement,4,0.8112781244591328,0.25,0.5,0.0,1.0,"[5792, 9642, 3778, 9361]","[0.0, 0.0, 2.0, 0.0]"
10219,"Take her to a swingers club that has some Black guys or couples and she will get all the BBC she can handle. The first time I took my wife to Thad's in San Diego, a lady asked me if if would be OK for my wife to suck her Black boyfriend's cock and from there on, it was a plethora of BBC for my wife. That first BBC in my wife's pussy released her inner slut forever. Today she is a total whore.",medium_disagreement,4,0.8112781244591328,0.25,0.5,0.0,1.0,"[6611, 7372, 10885, 6953]","[0.0, 0.0, 0.0, 2.0]"
10729,"Something to keep in mind is that the ancient Jewish writers *intentionally warped* the names of their rivals gods to mock them. It's like how certain people delight in calling Muslims ""Moose Limbs"" Does Islam have anything to do with the appendages of large deer? Not at all, it's just two things sound the same and that is the height of some people's wit. These stories are not anthropological documents, these are polemics intended to demean and disparage rival deities. It's like trying to build an image of Obama based on cartoons found on right-wing blogs.",medium_disagreement,3,0.9182958340544896,0.33333333333333337,0.3333333333333333,0.0,0.5773502691896258,"[4510, 3793, 8181]","[0.0, 1.0, 0.0]"
2035,"Jesus, that's some deranged children.",medium_disagreement,3,0.9182958340544896,0.33333333333333337,0.6666666666666666,0.0,1.1547005383792517,"[5081, 2457, 3485]","[0.0, 0.0, 2.0]"
37932,AOC😂😂😂😂What a IGNORANT RACIST SCUMBAG!! Dumb Ass Bitch! Just another LOAD that SHOULD'VE been SWALLOWED!!,medium_disagreement,3,0.9182958340544896,0.33333333333333337,0.6666666666666666,0.0,1.1547005383792517,"[5611, 4214, 8082]","[0.0, 0.0, 2.0]"
27256,"Here's how to fix it ALL! PACK!! You have a problem, you see that Country you came from, get with it DIS!! YOU the terrorist you mean?? Because it IS what I mean so take your prayer rugs, liberalism ,quran, hadith, muhammed, allahs and find mecca!",medium_disagreement,3,0.9182958340544896,0.33333333333333337,1.6666666666666667,2.0,0.5773502691896258,"[11132, 9181, 2589]","[2.0, 2.0, 1.0]"
7678,You're so racist it's pathetic. Why don't you just come out and say how much you hate white people at least you would do yourself a favor,medium_disagreement,3,0.9182958340544896,0.33333333333333337,1.3333333333333333,2.0,1.1547005383792517,"[2095, 10684, 892]","[2.0, 2.0, 0.0]"
47199,"Muslims will burn in hell with fagots, lesbians, atheist. Burn all the qurans, there god allha can suck my left nut, jesus is god",medium_disagreement,3,0.9182958340544896,0.33333333333333337,1.3333333333333333,2.0,1.1547005383792517,"[7160, 4545, 2950]","[0.0, 2.0, 2.0]"
14760,What if a tranny attacks me with a aids laced meth needle? I'd actually be terrified,medium_disagreement,4,0.8112781244591328,0.25,1.5,2.0,1.0,"[10256, 3665, 10501, 8742]","[2.0, 0.0, 2.0, 2.0]"
13384,"Idk about just wanting to see white people get beat up. I'd say more specifically wanting to see an entitled white woman not get handled like a dainty flower because she's white, while she actively resists arrest. ""Treat her like you would anybody else"" because if that was a black man in the car he'd have been on that concrete much quicker.",medium_disagreement,3,0.9182958340544896,0.33333333333333337,0.6666666666666666,0.0,1.1547005383792517,"[5685, 1848, 7437]","[2.0, 0.0, 0.0]"
17405,I'd fuck her into next week and cum in all her holes,medium_disagreement,3,0.9182958340544896,0.33333333333333337,0.3333333333333333,0.0,0.5773502691896258,"[171, 252, 2129]","[0.0, 0.0, 1.0]"
27326,"No educated Muslim will ever object against barbarity of ""KILL KAFIR"", and sexual behavior (72 virgins/Jihadi) of ISIS followers out of fear of being called a MURTAD. Behind the mask @IamSaifRK is just a drug peddler, wants Government money instead of castrating rapists. URL",medium_disagreement,3,0.9182958340544896,0.33333333333333337,1.6666666666666667,2.0,0.5773502691896257,"[6208, 10762, 1562]","[1.0, 2.0, 2.0]"
41235,"@ismail no one wants Africa look at all your young males dying in the ocean trying to flee to Europe. Ww3 has already started there when the first clan war started, you guys get machetes and just start killing each other just because you're different ethnicities 😂😂",medium_disagreement,3,0.9182958340544896,0.33333333333333337,0.3333333333333333,0.0,0.5773502691896258,"[10961, 8753, 1371]","[1.0, 0.0, 0.0]"
50061,Is that Barney the purple dinosaur. Oh wait a minute thats the lesbian that's possess bye devil spirits,medium_disagreement,3,0.9182958340544896,0.33333333333333337,1.6666666666666667,2.0,0.5773502691896257,"[9731, 2328, 9720]","[2.0, 1.0, 2.0]"
48285,Well the illegal should move out and that will allow the kids to keep the section eight. Problem solved you dummies. And ask the homeless American if it helps them when they get that voucher instead of giving it to illegals. Common sense.,medium_disagreement,3,0.9182958340544896,0.33333333333333337,0.6666666666666666,0.0,1.1547005383792517,"[493, 738, 4573]","[0.0, 2.0, 0.0]"
37716,@manakgupta Today @RahulGandhi @priyankagandhi @OmarAbdullah @MehboobaMufti @PawarSpeaks @laluprasadrjd #nitishkumar @MamataOfficial @derekobrienmp will be remembered as Desh Drohi 👎 Betrayed People of INDIA 👎 Stood against Unity and integration 👎 ANTI NATIONAL 👎,medium_disagreement,4,0.8112781244591328,0.25,0.25,0.0,0.5,"[7514, 10598, 9632, 8659]","[0.0, 1.0, 0.0, 0.0]"
5499,"You must be another illiterate non-spelling ass nigga tryna defend your boyfriend. And I saw on your post history you from Baltimore like me, pull up pussy.",medium_disagreement,3,0.9182958340544896,0.33333333333333337,1.3333333333333333,2.0,1.1547005383792517,"[10647, 7841, 1269]","[2.0, 0.0, 2.0]"
28687,men ain't shit and bitches like this ain't shut either. if you cheat then you're so fucking disgusting. BUT IF YOU GO BEHIND YOUR OWN BESTFRIEND'S BACK THEN THATS A FUCK YOU TO YOU. URL,medium_disagreement,3,0.9182958340544896,0.33333333333333337,0.6666666666666666,0.0,1.1547005383792517,"[3453, 874, 193]","[2.0, 0.0, 0.0]"
31823,"During WWII, the US extracted accused Nazis from Latin America and put them in internment camps. But most were innocent, and some were actually Jews who had fled the Holocaust. They were all interned together, Jews trapped in American camps with Nazis w... URL",medium_disagreement,4,0.8112781244591328,0.25,0.5,0.0,1.0,"[2910, 4044, 6135, 10708]","[0.0, 0.0, 2.0, 0.0]"
46732,ICE should deport all Mexican or Spanish talking cockroach from usa.,medium_disagreement,3,0.9182958340544896,0.33333333333333337,0.6666666666666666,0.0,1.1547005383792517,"[4515, 3800, 4806]","[0.0, 0.0, 2.0]"
15775,"Suffer the little children and forbid them not to come unto me, bitch.",medium_disagreement,3,0.9182958340544896,0.33333333333333337,0.6666666666666666,0.0,1.1547005383792517,"[10915, 293, 10476]","[0.0, 0.0, 2.0]"
18222,Fuck her up untill she cums atleast 3 times,medium_disagreement,3,0.9182958340544896,0.33333333333333337,1.3333333333333333,2.0,1.1547005383792517,"[7691, 451, 4869]","[2.0, 2.0, 0.0]"
17796,he looks like those blackface cartoon advertisements from the 1930's,medium_disagreement,5,0.7219280948873623,0.19999999999999996,0.2,0.0,0.4472135954999579,"[1803, 5228, 5653, 7951, 7408]","[0.0, 0.0, 0.0, 1.0, 0.0]"
48484,Naruto Uzumaki Why do Mexicans hate Mexicans so much? Why do they kill each other brutally and violently in their own country? Why are so many journalists killed in Mexico? Why doesn't Mexico's government do anything about it? There are videos of cartel members sawing snitches' heads off. All because of the anarchy allowed by the Mexican non-government.,medium_disagreement,3,0.9182958340544896,0.33333333333333337,0.3333333333333333,0.0,0.5773502691896258,"[10462, 1579, 2922]","[0.0, 1.0, 0.0]"
36157,"I love how men are like ""oh periods haha looks like it's blowjob week"" Bend over and shut up.",medium_disagreement,4,0.8112781244591328,0.25,0.25,0.0,0.5,"[6003, 5990, 2249, 1708]","[1.0, 0.0, 0.0, 0.0]"
24517,@crysjoblie this b needs a c in her a pala ah 😏😏😏 HAHAHA JOKE,medium_disagreement,3,0.9182958340544896,0.33333333333333337,0.6666666666666666,0.0,1.1547005383792517,"[1385, 6882, 10737]","[0.0, 2.0, 0.0]"
809,Wow we need her throat in like all women lmao,medium_disagreement,4,0.8112781244591328,0.25,0.5,0.0,1.0,"[4220, 5891, 10012, 3788]","[0.0, 0.0, 0.0, 2.0]"
9529,"You're not a woman, you're a cow.  You absolutely need to be milked, and you can milk my cock with your filthy pussy at the same time.  I'll bite your neck to mark you as mine, and fill your cunt with cum over and over.  You'll stay chained up in my basement, ready any time I want to breed.",medium_disagreement,3,0.9182958340544896,0.33333333333333337,1.6666666666666667,2.0,0.5773502691896257,"[9024, 9009, 7745]","[2.0, 1.0, 2.0]"
21664,I'm literally convinced you bitches are retarded now,medium_disagreement,4,0.8112781244591328,0.25,1.5,2.0,1.0,"[6800, 10346, 5361, 3284]","[2.0, 0.0, 2.0, 2.0]"
33754,"Told the bitch shut up, you about to fuck my nut up",medium_disagreement,3,0.9182958340544896,0.33333333333333337,1.3333333333333333,2.0,1.1547005383792517,"[7655, 153, 1309]","[2.0, 0.0, 2.0]"
37553,Part 1. You are a liar. There has not been 251 mass shootings. You want to talk about mass shootings check out those nations in the Middle East that you support because they are Muslim / Islamic controlled. They also banned the common citizens from owning guns.(CONT.) URL,medium_disagreement,3,0.9182958340544896,0.33333333333333337,0.6666666666666666,1.0,0.5773502691896258,"[10279, 2455, 2996]","[1.0, 1.0, 0.0]"
2054,Watch out. Retards are as strong as orangutans.,medium_disagreement,4,0.8112781244591328,0.25,1.75,2.0,0.5,"[10993, 5729, 683, 3853]","[2.0, 2.0, 1.0, 2.0]"
49357,"""Earlier they all laughed, those jews. They thought it was a joke. But, now they don't laugh anymore."" - Adolf Hitler",medium_disagreement,3,0.9182958340544896,0.33333333333333337,0.6666666666666666,0.0,1.1547005383792517,"[7476, 10718, 8412]","[2.0, 0.0, 0.0]"
31216,when someone asks what's for dinner tonight: #nsfw #trap #femboy #gay URL,medium_disagreement,3,0.9182958340544896,0.33333333333333337,0.3333333333333333,0.0,0.5773502691896258,"[9964, 9943, 4524]","[1.0, 0.0, 0.0]"
30712,fuck them ugly ass kids URL,medium_disagreement,3,0.9182958340544896,0.33333333333333337,1.3333333333333333,2.0,1.1547005383792517,"[5097, 3467, 5561]","[0.0, 2.0, 2.0]"
28776,"Young black teens are being murdered in the US for wearing hoodies, playing with toys, listening to rap music, standing outside a store. This is a racial issue, not a mental health issue. These people are white supremacists and terrorists. Tired of this shit. #JusticeForElijah",medium_disagreement,3,0.9182958340544896,0.33333333333333337,0.3333333333333333,0.0,0.5773502691896258,"[2928, 11003, 1986]","[1.0, 0.0, 0.0]"
34335,@Moh_Alhouthi Mohammed Ali Al-Houthi: The UAE's message from Iran is a positive message,medium_disagreement,3,0.9182958340544896,0.33333333333333337,0.3333333333333333,0.0,0.5773502691896258,"[4269, 8804, 9174]","[1.0, 0.0, 0.0]"
22907,"If you're Christian and you don't hate Jews, you are betraying Jesus.",medium_disagreement,4,0.8112781244591328,0.25,0.5,0.0,1.0,"[6857, 6018, 4858, 10194]","[0.0, 0.0, 0.0, 2.0]"
23252,I really really hope this chick gets hit by a truck or a bus,medium_disagreement,3,0.9182958340544896,0.33333333333333337,0.6666666666666666,0.0,1.1547005383792517,"[4402, 3886, 3902]","[2.0, 0.0, 0.0]"
47192,Whites are constantly demonized and are told to feel guilty and that we are privileged by other races.  Looks like the other side don't like it when tables are turned.,medium_disagreement,4,0.8112781244591328,0.25,0.5,0.0,1.0,"[1945, 3855, 7471, 4390]","[0.0, 0.0, 2.0, 0.0]"
45239,Sounds like a white person committing crimes period.,medium_disagreement,4,0.8112781244591328,0.25,0.5,0.0,1.0,"[8152, 9435, 2825, 2592]","[0.0, 2.0, 0.0, 0.0]"
34124,Idk why we expect men to be able to recognize gender bias in the workplace when they benefit so thoroughly from it both at work and at home.  I know! Let's give gold stars and pat them on the head if they make a token statement! Or not. Men aren't corgis. Unfortunately. URL,medium_disagreement,4,0.8112781244591328,0.25,0.25,0.0,0.5,"[1169, 1275, 2517, 7168]","[0.0, 0.0, 1.0, 0.0]"
34103,Me getting fucked by #hungdaddy ! Now looking for anon tops who'd like to use me with @whtassblkass #gaylondon #gayhackney URL,medium_disagreement,3,0.9182958340544896,0.33333333333333337,0.3333333333333333,0.0,0.5773502691896258,"[1319, 640, 8929]","[1.0, 0.0, 0.0]"
27999,@realtidbe Put a fucking condom on. Or be celibate. Or fuck girls you have an interest in. It's so fucking dirty to continuously raw dog chicks you don't have an interest in enough to kiss them dude. Discussion over Im not changing my mind lmfao. That's why I hate men 😂,medium_disagreement,3,0.9182958340544896,0.33333333333333337,0.6666666666666666,0.0,1.1547005383792517,"[2276, 218, 7600]","[0.0, 2.0, 0.0]"
19285,Yeah but a lot of straight men see pegging as gay,medium_disagreement,4,0.8112781244591328,0.25,0.25,0.0,0.5,"[4540, 1838, 4622, 8806]","[0.0, 0.0, 0.0, 1.0]"
5620,I'm wanna fuck her brains off,medium_disagreement,4,0.8112781244591328,0.25,0.25,0.0,0.5,"[1801, 4033, 4355, 1847]","[0.0, 1.0, 0.0, 0.0]"
1630,Bottom bitches should get locked up in a cock cage!! You aren't gonna need it anyways!! Now let's get started!!,medium_disagreement,3,0.9182958340544896,0.33333333333333337,0.6666666666666666,0.0,1.1547005383792517,"[2065, 8979, 6095]","[0.0, 0.0, 2.0]"
41819,Where are the white leaders whenever a white guy commits a crime?,medium_disagreement,4,0.8112781244591328,0.25,0.5,0.0,1.0,"[11011, 7896, 10126, 6828]","[0.0, 0.0, 2.0, 0.0]"
39431,"So, connect the dots: the president, in the imediate wake of a white nationalist mass shooting, is moving to protect white nationalist voices on the internet. URL",medium_disagreement,3,0.9182958340544896,0.33333333333333337,0.6666666666666666,0.0,1.1547005383792517,"[3686, 8000, 6803]","[0.0, 2.0, 0.0]"
34702,@RT_com there is no question about one thing .. they imported tens of thousands of uncivilized savages into their countries who hate european ppl and culture ..,medium_disagreement,3,0.9182958340544896,0.33333333333333337,0.6666666666666666,0.0,1.1547005383792517,"[9276, 2334, 5814]","[2.0, 0.0, 0.0]"
45978,Coming from savage white race that killed Billions of people around the world? Lol your low Birthrate is karma for your wickedness,medium_disagreement,3,0.9182958340544896,0.33333333333333337,1.3333333333333333,2.0,1.1547005383792517,"[757, 5264, 9419]","[2.0, 0.0, 2.0]"
31509,Women be so busy until they start liking you Like bitch where yo job Go,medium_disagreement,3,0.9182958340544896,0.33333333333333337,1.3333333333333333,2.0,1.1547005383792517,"[7328, 4976, 5596]","[2.0, 2.0, 0.0]"
18214,"Whites have no issue killing, raping, using.j abusing non-whites...but a painting...""omg, such a tragedy!"" Very clearly a painting has more value than a non-white person's life, in particular a South East Asians', judging by how whites treat people there...",medium_disagreement,3,0.9182958340544896,0.33333333333333337,1.3333333333333333,2.0,1.1547005383792517,"[6619, 2671, 2920]","[2.0, 0.0, 2.0]"
44016,Fuck wrong wit these dusty ass bum niggaz?!,medium_disagreement,3,0.9182958340544896,0.33333333333333337,1.3333333333333333,1.0,0.5773502691896258,"[5353, 8870, 10739]","[1.0, 1.0, 2.0]"
1990,The UK likes to pretend that Islam is the only religion that dangerous and full of extremists,medium_disagreement,3,0.9182958340544896,0.33333333333333337,0.3333333333333333,0.0,0.5773502691896258,"[1337, 1388, 1239]","[1.0, 0.0, 0.0]"
19686,Australian women cricketers -- what the every loving fuck? You're letting in TIMs and they're going to have their own BATS. You did not think this through.,medium_disagreement,3,0.9182958340544896,0.33333333333333337,0.6666666666666666,1.0,0.5773502691896258,"[8786, 7124, 624]","[1.0, 1.0, 0.0]"
23947,@thegreatkhalid Muslims want to rape and destroy America. But okay.,medium_disagreement,3,0.9182958340544896,0.33333333333333337,0.3333333333333333,0.0,0.5773502691896258,"[2031, 8965, 1381]","[0.0, 1.0, 0.0]"
600,"NO U. FITE ME BIOITCH = succ my balls because I am gay and want to have sexual relations with no condom while I spread my AIDs everywere I go, in russian.",medium_disagreement,3,0.9182958340544896,0.33333333333333337,1.3333333333333333,2.0,1.1547005383792517,"[3165, 6614, 4483]","[0.0, 2.0, 2.0]"
20690,instead she'll end up wondering why her terrorist father spent her entire childhood killing brown and black people in the global south than be with her URL,medium_disagreement,3,0.9182958340544896,0.33333333333333337,1.6666666666666667,2.0,0.5773502691896257,"[916, 4794, 5707]","[1.0, 2.0, 2.0]"
4252,"The mark of Cain is a mark of protection, God marked Cain so that everyone would know that God was personally looking out for him and no one should bother him or try to punish him for killing his brother. I don't know how the fundies twisted that into something negative.",medium_disagreement,3,0.9182958340544896,0.33333333333333337,0.3333333333333333,0.0,0.5773502691896258,"[1364, 8078, 4902]","[0.0, 1.0, 0.0]"
1425,That's the gayest thing I have ever seen... and I saw what you were doing last night!! 👀,medium_disagreement,3,0.9182958340544896,0.33333333333333337,0.3333333333333333,0.0,0.5773502691896258,"[7439, 8326, 2070]","[1.0, 0.0, 0.0]"
46502,So disgusted with these socialist/communist women. Who ever took the flag down should be arrested. Or shot when they did it.,medium_disagreement,3,0.9182958340544896,0.33333333333333337,0.6666666666666666,0.0,1.1547005383792517,"[2684, 10443, 1245]","[0.0, 0.0, 2.0]"
13633,"Lol yeah.. and here I was thinking the youth in the countries of salaman should be taking an extra wank today. Maybe just maybe it would spare the life of any ""unmodest"", unprotected woman they encountered in the streets. Guess it's back to the drawing (porn) board",medium_disagreement,4,0.8112781244591328,0.25,0.25,0.0,0.5,"[5830, 8593, 7191, 3079]","[0.0, 1.0, 0.0, 0.0]"
42394,"Yeah; these 2 fucking jackasses ! they stone little girls to death in some cultures on this planet..., equal to the English Americans here in your and my culture. Why would so many of the wealthy African Americans wish to return to the culture on the continent of Africa and begin to improve there... their Home Nation ? You know: areas where y'all ( you know, members of your Fucking culture ) CHOP the arms off of ( Humans ) ? Go to Hell ! We have a great and good President in The Office Of Our Great Nation. Oh; and you are welcome, jackasses....",medium_disagreement,3,0.9182958340544896,0.33333333333333337,0.6666666666666666,0.0,1.1547005383792517,"[2836, 1760, 8387]","[0.0, 2.0, 0.0]"
12343,"You know Al, if we just sent the thugs back to Africa, we would have to pay less in taxes and you'd have less spooks coming in and out of your obese mother's bedroom at all times of the day, what do you think? *looks at the camera and smiles* ...I don't think so Tim.",medium_disagreement,3,0.9182958340544896,0.33333333333333337,1.3333333333333333,2.0,1.1547005383792517,"[8999, 3137, 9327]","[0.0, 2.0, 2.0]"
16415,"Sadly some of the slurs could be a bit difficult, such as the word 'trap', which is commonly used to insult trans women or femboys.",medium_disagreement,3,0.9182958340544896,0.33333333333333337,0.6666666666666666,0.0,1.1547005383792517,"[999, 2593, 8584]","[0.0, 0.0, 2.0]"
48143,That woman is a disgrace to the country that gave her the opportunity to be where she is today.,medium_disagreement,3,0.9182958340544896,0.33333333333333337,0.6666666666666666,0.0,1.1547005383792517,"[669, 6273, 4687]","[0.0, 0.0, 2.0]"
24253,"@h3h3productions LOL this is so true, you're definitely not a gigantic homo",medium_disagreement,4,0.8112781244591328,0.25,1.5,2.0,1.0,"[1135, 5420, 9776, 11125]","[0.0, 2.0, 2.0, 2.0]"
6220,"I had a thing for tall women back in the day. Gimme 5'10""+ and I was smitten. As a 5'7"" ginger dude, success was few & far between. I couldn't help myself. Dem legs....",medium_disagreement,3,0.9182958340544896,0.33333333333333337,0.6666666666666666,0.0,1.1547005383792517,"[4146, 10005, 6566]","[2.0, 0.0, 0.0]"
46976,@Bloodwolfz4 Sorry could not end my comment. Could it be that you are black and as a result feel racialy unjustified by other ethonic groups. I say this because not all other groups always get what they strive for. We all struggle in life without much sucess.,medium_disagreement,3,0.9182958340544896,0.33333333333333337,0.3333333333333333,0.0,0.5773502691896258,"[2439, 3460, 10461]","[1.0, 0.0, 0.0]"
46374,You sound like dumbasses from foreign countries who don't like freedom of speech ! Maybe you'd fit in better in another country 😜 ignorant fool 😂,medium_disagreement,3,0.9182958340544896,0.33333333333333337,0.6666666666666666,0.0,1.1547005383792517,"[1336, 5251, 989]","[0.0, 0.0, 2.0]"
39649,@Kween_Lillie @MattAlles2 @prageru Jump thrust your ass and hang yourself. You hate God ? U are really pathetic.,medium_disagreement,4,0.8112781244591328,0.25,0.25,0.0,0.5,"[5089, 2749, 9457, 2471]","[0.0, 1.0, 0.0, 0.0]"
24523,@NRA @R_Bar_J Well of course.. what can you expect for my Islamic Muslim.. if they can destroy the NRA.. if they can convince our government to take away all of our weapons.. American citizens will be easier to slaughter.. that's all they dream about!.. Islam is a satanic ideology!,medium_disagreement,3,0.9182958340544896,0.33333333333333337,1.3333333333333333,2.0,1.1547005383792517,"[10964, 1804, 6589]","[2.0, 2.0, 0.0]"
10956,Who cares. Would still fuck her anytime,medium_disagreement,3,0.9182958340544896,0.33333333333333337,0.6666666666666666,0.0,1.1547005383792517,"[7968, 3707, 8403]","[2.0, 0.0, 0.0]"
39581,Lightskin women lead the league in pregnancies,medium_disagreement,3,0.9182958340544896,0.33333333333333337,0.6666666666666666,0.0,1.1547005383792517,"[6983, 4394, 6096]","[0.0, 2.0, 0.0]"
37695,@LitlleLenna Wow Aao tere dudh pi k chut k ras chus k chodu tumko Wow xxx I wants to suck ur juicy bouncy boobs and lick wet pussy and clits than fuck u darling,medium_disagreement,3,0.9182958340544896,0.33333333333333337,0.6666666666666666,0.0,1.1547005383792517,"[209, 8577, 10552]","[0.0, 2.0, 0.0]"
22746,@chibaicf @tommyvaughan @ChristianPost they pray everyday and they still get killed...your god is useless,medium_disagreement,4,0.8112781244591328,0.25,0.5,0.0,1.0,"[7534, 2878, 3153, 10006]","[0.0, 2.0, 0.0, 0.0]"
15406,I'm sure your God is real proud there's a sexual predator con man liar thief cheat in office.,medium_disagreement,3,0.9182958340544896,0.33333333333333337,0.6666666666666666,0.0,1.1547005383792517,"[7098, 1171, 2857]","[0.0, 2.0, 0.0]"
1419,"I'm a man and I've dealt with other dudes man spreading my whole life bits fucking weird that someone needs their legs wide as fuck. Baseball games and sitting in packed meetings are the worst when you've got a guy spreading his legs far enough for two seats. If multiple people are complaining about it, both men and women, it's probably an issue.",medium_disagreement,3,0.9182958340544896,0.33333333333333337,0.3333333333333333,0.0,0.5773502691896258,"[8139, 5804, 10964]","[0.0, 1.0, 0.0]"
9054,Yeah we're all Nazis because you can't buttfuck and exchange needles without getting AIDS.,medium_disagreement,3,0.9182958340544896,0.33333333333333337,1.3333333333333333,2.0,1.1547005383792517,"[4177, 10002, 3876]","[2.0, 0.0, 2.0]"
11460,"Imagine the freak out they are going to when they get left behind after the second coming. They spent their entire existence using religion to justify their unjustifiable intolerance and bigotry in order to granted redemption on this judgement day, only to be rejected by Jesus himself for exactly that reason.",medium_disagreement,3,0.9182958340544896,0.33333333333333337,0.3333333333333333,0.0,0.5773502691896258,"[2355, 10583, 3294]","[1.0, 0.0, 0.0]"
35847,Illegal Alien Buys Baby in Guatemala to Get Quick Release in the U.S. URL,medium_disagreement,4,0.8112781244591328,0.25,0.25,0.0,0.5,"[5878, 5396, 2437, 7444]","[1.0, 0.0, 0.0, 0.0]"
31156,Fuck that stupid bitch.,medium_disagreement,4,0.8112781244591328,0.25,0.5,0.0,1.0,"[1385, 6882, 10737, 405]","[0.0, 0.0, 0.0, 2.0]"
30310,Come and lick it up faggots #manscent #pits #muskypits #myripecock #3daystink URL,medium_disagreement,4,0.8112781244591328,0.25,1.5,2.0,1.0,"[10392, 770, 7695, 5687]","[2.0, 2.0, 0.0, 2.0]"
309,Racist: white ppl are racist Sexist: feminists are sexist Homophobic: just dont touch me pls,medium_disagreement,3,0.9182958340544896,0.33333333333333337,0.6666666666666666,0.0,1.1547005383792517,"[10321, 911, 816]","[0.0, 0.0, 2.0]"
4936,The jews were given their own homeland and their oppressors had nukes dropped on their head. The name hitler became synonymous with evil. When slavery ended it was replaced immediately by jim crow. Essentially if you think black people dont have a valid its because you are either wilfully or unwillfully retarded.,medium_disagreement,3,0.9182958340544896,0.33333333333333337,0.6666666666666666,1.0,0.5773502691896258,"[7639, 100, 7499]","[0.0, 1.0, 1.0]"
39908,babies ain't shit. grow up already. lil bitch.,medium_disagreement,3,0.9182958340544896,0.33333333333333337,0.6666666666666666,0.0,1.1547005383792517,"[5761, 2559, 5046]","[2.0, 0.0, 0.0]"
8059,I'd call her the N-word 👀 after a passionate night of sex,medium_disagreement,4,0.8112781244591328,0.25,1.75,2.0,0.5,"[2094, 3794, 5647, 8494]","[1.0, 2.0, 2.0, 2.0]"
27666,@KingLeo25 We don't need all this nigger hate man. Come on lol why won't you let me and #6Braids be friends,medium_disagreement,4,0.8112781244591328,0.25,1.75,2.0,0.5,"[5459, 4564, 7427, 10214]","[2.0, 2.0, 2.0, 1.0]"
38638,"@RabiaAnumm Yeah, true. All should learn from your dear jihadis how to die and get 72 virgins",medium_disagreement,4,0.8112781244591328,0.25,0.5,0.0,1.0,"[3993, 7875, 9460, 9402]","[2.0, 0.0, 0.0, 0.0]"
1572,I guess a Pussy Hat isn't the stupidest thing I've ever seen on a woman's head.,medium_disagreement,3,0.9182958340544896,0.33333333333333337,0.6666666666666666,0.0,1.1547005383792517,"[2560, 3066, 1254]","[0.0, 2.0, 0.0]"
30121,BREED THAT BITCH!! URL,medium_disagreement,3,0.9182958340544896,0.33333333333333337,0.6666666666666666,0.0,1.1547005383792517,"[10170, 4311, 9689]","[0.0, 2.0, 0.0]"
30499,Commentary: The Congresswoman Representing Somalia  😂🤣😂 I am an immigrant. I want Representative Ilhan Omar (D-Mogadishu) to go back to the shithole country she came from. And I want her to stay there. URL,medium_disagreement,4,0.8112781244591328,0.25,0.5,0.0,1.0,"[6882, 10737, 405, 4745]","[0.0, 0.0, 0.0, 2.0]"
48960,Fuck off gay boy is raptors year,medium_disagreement,3,0.9182958340544896,0.33333333333333337,1.6666666666666667,2.0,0.5773502691896257,"[9903, 10556, 961]","[2.0, 1.0, 2.0]"
30050,@MODIfiedVikas @nsitharaman There is not buffalo meat in the entire India to make it a world largest exporter of beef plus the meat for domestic consumption. Who r u fooling? For Hindu businessmen foreign exchange (Laxmi) is above everything. They would put their own mother in a brothel if she can earn.,medium_disagreement,4,0.8112781244591328,0.25,0.25,0.0,0.5,"[3611, 6503, 5714, 2491]","[0.0, 1.0, 0.0, 0.0]"
22490,Look at this small dick loser help rinse by #rt & #liking  I need to make him beg and cry for me to stop lol this shrimp dick needs attention with his pathetic ass  #findom #findomdrain #findomgoddes #cashslave #beta #bitchboy @find0m @RTFETFD @RTSlutt @help_to_rinse @RTfucker URL,medium_disagreement,3,0.9182958340544896,0.33333333333333337,1.6666666666666667,2.0,0.5773502691896257,"[10637, 5888, 493]","[2.0, 1.0, 2.0]"
23754,These are the type of women who think they're attractive just because they're light skinned lmao she looks like a bull dog,medium_disagreement,3,0.9182958340544896,0.33333333333333337,0.6666666666666666,0.0,1.1547005383792517,"[4394, 6096, 6968]","[2.0, 0.0, 0.0]"
45534,"Clean money, unlike these Anc South African thieves",medium_disagreement,3,0.9182958340544896,0.33333333333333337,0.6666666666666666,0.0,1.1547005383792517,"[9161, 8454, 2782]","[0.0, 0.0, 2.0]"
20997,"@AntonioSlamsci @eponawest Wait, Eliot roger *leftists?* we have incels and mgotw infesting the community?",medium_disagreement,3,0.9182958340544896,0.33333333333333337,1.3333333333333333,2.0,1.1547005383792517,"[10265, 276, 7259]","[2.0, 2.0, 0.0]"
42770,Couldn't have happened to nastier batch of broads!,medium_disagreement,4,0.8112781244591328,0.25,0.25,0.0,0.5,"[1999, 9272, 614, 8059]","[0.0, 0.0, 1.0, 0.0]"
48053,"Fuck all of these immigrants, lets just stat gassing them",medium_disagreement,3,0.9182958340544896,0.33333333333333337,0.6666666666666666,0.0,1.1547005383792517,"[4879, 7623, 7925]","[0.0, 2.0, 0.0]"
20053,"No, the chances of a muslim shooting you in America is almost nil. There are over 50K gun deaths every year christian USA. We should be focusing our attention on Christians and less on peace loving Muslims.",medium_disagreement,749,0.37392480525155597,0.057409879839786404,0.08277703604806408,0.0,0.3561300905527158,"[7365, 9781, 3275, 10363, 7331, 4309, 2576, 9411, 2689, 8201, 2593, 4616, 8630, 1782, 2980, 3624, 10272, 4632, 1773, 10716, 9722, 9752, 10381, 126, 8321, 6207, 6719, 3133, 2220, 10899, 3056, 655, 6344, 9866, 2657, 1075, 9377, 8948, 2086, 9252, 1492, 8598, 4851, 7035, 962, 4513, 4832, 5074, 816, 8339, 7741, 7768, 1936, 199, 3208, 124, 774, 9400, 5117, 4241, 3709, 10637, 380, 7944, 635, 6923, 5594, 6308, 212, 8094, 9398, 9000, 7790, 8054, 10836, 10846, 1707, 1588, 3517, 2174, 1208, 4930, 5034, 5940, 8081, 2414, 7567, 5415, 3822, 7903, 7192, 699, 4594, 9797, 5549, 3611, 5410, 7294, 4406, 8136, 9631, 10127, 5143, 6067, 10086, 9655, 293, 7791, 8226, 115, 9704, 2338, 10428, 8196, 10273, 6682, 9407, 9514, 1741, 2336, 3294, 10340, 5531, 10094, 10279, 3460, 10229, 5969, 5868, 10389, 1125, 2096, 1891, 660, 6952, 9483, 118, 10670, 10306, 11031, 2692, 10645, 5463, 6722, 5660, 2204, 1172, 8108, 8504, 2285, 8345, 4434, 10198, 252, 5951, 4960, 3341, 5504, 10753, 4611, 4583, 6226, 4188, 1708, 6184, 5654, 5221, 7098, 2865, 9773, 9726, 5270, 810, 6432, 167, 4303, 1774, 6566, 3974, 7296, 2645, 1274, 2322, 6225, 3580, 6495, 11141, 10774, 9262, 4847, 1160, 3667, 1610, 7129, 6670, 6262, 1523, 4160, 1104, 6634, 7646, 304, 8930, 845, 7586, 6502, 2724, 6578, 1320, 10605, 787, 10323, 3079, 3801, 7937, 5042, 6556, 6054, 5381, 3956, 3844, 1918, 1190, 3715, 8225, 4771, 1889, 6735, 3979, 274, 1999, 6455, 4268, 3181, 8119, 555, 10386, 9224, 9885, 1838, 9723, 8025, 3368, 5334, 6091, 46, 9776, 11128, 10617, 3458, 8323, 4574, 5184, 10809, 6800, 9670, 7081, 7363, 10411, 4095, 4685, 7056, 2508, 6654, 1755, 2616, 2148, 3634, 3975, 9182, 609, 9955, 1142, 3972, 6526, 2940, 9059, 1103, 1021, 671, 2482, 4187, 2766, 9290, 8976, 607, 9669, 10263, 10812, 2485, 5577, 3293, 3860, 7873, 2606, 498, 679, 148, 1309, 10842, 10845, 796, 8154, 8795, 4369, 8570, 4914, 1771, 7020, 6749, 9220, 2140, 7952, 4054, 9614, 6861, 7775, 3120, 8803, 2346, 5471, 7396, 443, 5043, 717, 10101, 530, 6844, 10228, 11042, 5974, 8288, 4591, 7179, 5299, 8589, 1391, 2937, 9962, 2697, 8524, 7897, 7503, 3901, 137, 7933, 7043, 270, 10950, 6891, 7759, 10199, 10047, 9014, 700, 6240, 9588, 646, 4351, 2181, 2036, 9468, 5288, 3888, 3478, 5508, 3565, 1363, 772, 421, 7688, 6402, 4307, 3407, 1700, 7161, 1730, 10827, 7242, 2952, 4654, 7489, 4595, 5892, 10788, 10260, 7168, 6170, 2650, 1251, 9938, 8179, 594, 5205, 7723, 4977, 1874, 520, 5181, 2644, 10176, 3985, 9463, 595, 5518, 4234, 9399, 8651, 1010, 10702, 5517, 7929, 8559, 752, 7685, 2116, 3951, 10663, 6499, 10446, 8713, 4219, 2095, 3005, 9237, 2899, 7194, 7440, 5200, 8810, 4959, 4736, 10100, 1933, 2268, 3485, 4169, 10943, 4179, 6829, 6338, 2713, 6792, 10158, 8459, 7835, 10737, 5089, 8413, 8750, 4497, 4883, 602, 8518, 3138, 315, 10783, 10558, 5064, 4081, 1710, 6645, 7997, 3409, 2806, 7798, 91, 4500, 2550, 7866, 10335, 10944, 9990, 8901, 3451, 1248, 831, 8066, 5842, 4255, 9802, 11111, 780, 3026, 2223, 9349, 8828, 1825, 4779, 8919, 8878, 11049, 10733, 10366, 1903, 8295, 788, 7591, 3690, 964, 5491, 4174, 6863, 2672, 3059, 1996, 1436, 1187, 5826, 1566, 4712, 5763, 2118, 5360, 4973, 6611, 1127, 1259, 10703, 11077, 3886, 7930, 1764, 3651, 10412, 9596, 11001, 4980, 8387, 7230, 11133, 7391, 10535, 9268, 10324, 3627, 9294, 3174, 4564, 3188, 2516, 2329, 5037, 1695, 3342, 3825, 5057, 3837, 7623, 5377, 8772, 6437, 7386, 4814, 9528, 5556, 6411, 7325, 10353, 858, 5400, 4744, 216, 2002, 5480, 9013, 8139, 6903, 1920, 5456, 2136, 6978, 575, 6990, 9324, 5153, 306, 1661, 8263, 6465, 7648, 9487, 3535, 9586, 10326, 6838, 10282, 2254, 9807, 10810, 1603, 9653, 3324, 9261, 2418, 6439, 3105, 3806, 8792, 819, 9982, 3442, 8871, 2390, 121, 8896, 518, 7792, 5188, 7534, 3534, 1499, 10175, 56, 10882, 10618, 4575, 8071, 281, 4026, 2196, 2177, 11120, 8241, 2658, 125, 6931, 9429, 7422, 2664, 492, 6037, 10987, 6520, 11094, 3091, 11100, 6085, 8469, 2927, 3567, 3132, 3738, 9409, 5475, 1757, 5792, 7770, 9043, 9437, 14, 5368, 3020, 7409, 770, 878, 4129, 3469, 4270, 5448, 4517, 10494, 9851, 2364, 2726, 2700, 4213, 563, 4652, 8774, 3661, 10553, 174, 3722, 4747, 865, 5041, 5498, 6062, 5882, 10932, 364, 8276, 10730, 4676, 1858, 1469, 2610, 5872, 1270, 7758, 9952, 8778, 3969, 2433, 7173, 2515, 361, 10838, 8686, 11142, 7074, 7562, 10270, 2846, 1264, 1548, 2216, 5801, 4069, 2443, 291, 8048, 9731, 5137, 9933, 8634, 5602, 714, 5608, 8464, 10662, 2109, 5293, 6537, 7705, 1395, 7071, 4357, 7301, 976, 9062, 1061, 5645, 2706, 5396, 3510, 7017, 10750, 9445, 10694, 10886, 7426, 4554, 7122, 10602, 2428, 10864, 2037]","[0.0, 0.0, 0.0, 0.0, 0.0, 0.0, 0.0, 0.0, 0.0, 0.0, 0.0, 0.0, 0.0, 0.0, 0.0, 0.0, 0.0, 0.0, 0.0, 0.0, 0.0, 0.0, 0.0, 0.0, 0.0, 0.0, 0.0, 0.0, 0.0, 0.0, 0.0, 0.0, 0.0, 0.0, 0.0, 0.0, 0.0, 0.0, 0.0, 0.0, 0.0, 0.0, 0.0, 0.0, 0.0, 0.0, 0.0, 0.0, 0.0, 0.0, 0.0, 0.0, 0.0, 0.0, 0.0, 0.0, 0.0, 0.0, 0.0, 0.0, 0.0, 0.0, 0.0, 0.0, 0.0, 0.0, 0.0, 1.0, 0.0, 0.0, 0.0, 0.0, 0.0, 0.0, 0.0, 0.0, 0.0, 0.0, 0.0, 0.0, 2.0, 0.0, 2.0, 0.0, 0.0, 0.0, 0.0, 0.0, 0.0, 0.0, 2.0, 0.0, 0.0, 0.0, 0.0, 0.0, 0.0, 0.0, 0.0, 0.0, 0.0, 0.0, 0.0, 0.0, 0.0, 0.0, 0.0, 0.0, 0.0, 0.0, 0.0, 0.0, 0.0, 0.0, 0.0, 0.0, 0.0, 0.0, 0.0, 0.0, 0.0, 0.0, 0.0, 0.0, 0.0, 0.0, 0.0, 0.0, 0.0, 0.0, 0.0, 0.0, 0.0, 0.0, 0.0, 0.0, 0.0, 0.0, 0.0, 0.0, 0.0, 0.0, 0.0, 0.0, 0.0, 1.0, 0.0, 0.0, 0.0, 0.0, 0.0, 0.0, 0.0, 0.0, 0.0, 0.0, 0.0, 0.0, 0.0, 0.0, 1.0, 0.0, 0.0, 0.0, 0.0, 0.0, 0.0, 0.0, 0.0, 2.0, 0.0, 0.0, 0.0, 0.0, 0.0, 0.0, 0.0, 0.0, 0.0, 0.0, 0.0, 0.0, 0.0, 0.0, 2.0, 0.0, 0.0, 0.0, 0.0, 0.0, 0.0, 2.0, 0.0, 0.0, 0.0, 0.0, 0.0, 0.0, 0.0, 0.0, 0.0, 0.0, 0.0, 0.0, 0.0, 0.0, 0.0, 0.0, 0.0, 0.0, 0.0, 0.0, 0.0, 1.0, 0.0, 0.0, 2.0, 0.0, 0.0, 0.0, 0.0, 0.0, 0.0, 0.0, 0.0, 0.0, 0.0, 0.0, 0.0, 0.0, 0.0, 0.0, 0.0, 0.0, 2.0, 0.0, 0.0, 0.0, 0.0, 0.0, 0.0, 0.0, 0.0, 0.0, 0.0, 0.0, 0.0, 0.0, 0.0, 0.0, 0.0, 0.0, 0.0, 0.0, 0.0, 0.0, 0.0, 0.0, 0.0, 0.0, 0.0, 0.0, 1.0, 0.0, 0.0, 0.0, 0.0, 0.0, 0.0, 0.0, 0.0, 0.0, 0.0, 0.0, 0.0, 0.0, 1.0, 0.0, 0.0, 0.0, 1.0, 0.0, 0.0, 0.0, 0.0, 0.0, 0.0, 0.0, 0.0, 0.0, 0.0, 0.0, 0.0, 0.0, 0.0, 0.0, 0.0, 0.0, 0.0, 0.0, 0.0, 0.0, 0.0, 1.0, 0.0, 0.0, 0.0, 0.0, 0.0, 1.0, 0.0, 0.0, 0.0, 0.0, 2.0, 0.0, 0.0, 0.0, 0.0, 1.0, 0.0, 0.0, 0.0, 0.0, 0.0, 0.0, 0.0, 0.0, 0.0, 0.0, 0.0, 0.0, 0.0, 0.0, 0.0, 1.0, 0.0, 0.0, 0.0, 0.0, 0.0, 0.0, 0.0, 0.0, 0.0, 0.0, 0.0, 2.0, 0.0, 0.0, 0.0, 0.0, 0.0, 0.0, 0.0, 0.0, 0.0, 0.0, 0.0, 0.0, 0.0, 0.0, 0.0, 0.0, 0.0, 0.0, 0.0, 0.0, 0.0, 0.0, 0.0, 0.0, 0.0, 0.0, 0.0, 0.0, 0.0, 0.0, 0.0, 0.0, 0.0, 1.0, 0.0, 0.0, 0.0, 0.0, 0.0, 0.0, 0.0, 0.0, 0.0, 1.0, 0.0, 0.0, 0.0, 0.0, 0.0, 0.0, 0.0, 0.0, 0.0, 0.0, 0.0, 2.0, 0.0, 0.0, 0.0, 0.0, 0.0, 0.0, 1.0, 0.0, 0.0, 0.0, 0.0, 2.0, 0.0, 0.0, 0.0, 2.0, 0.0, 0.0, 0.0, 0.0, 0.0, 2.0, 0.0, 0.0, 0.0, 0.0, 0.0, 0.0, 0.0, 0.0, 0.0, 0.0, 0.0, 1.0, 0.0, 0.0, 0.0, 0.0, 0.0, 0.0, 0.0, 0.0, 0.0, 0.0, 0.0, 0.0, 0.0, 0.0, 0.0, 0.0, 0.0, 0.0, 0.0, 0.0, 0.0, 0.0, 0.0, 0.0, 0.0, 0.0, 0.0, 0.0, 0.0, 0.0, 0.0, 0.0, 0.0, 0.0, 0.0, 0.0, 0.0, 0.0, 0.0, 0.0, 0.0, 0.0, 0.0, 0.0, 0.0, 1.0, 0.0, 0.0, 0.0, 0.0, 0.0, 0.0, 0.0, 0.0, 1.0, 0.0, 0.0, 0.0, 0.0, 0.0, 0.0, 0.0, 0.0, 0.0, 0.0, 0.0, 1.0, 0.0, 0.0, 0.0, 0.0, 0.0, 0.0, 0.0, 0.0, 0.0, 0.0, 0.0, 0.0, 0.0, 2.0, 0.0, 0.0, 0.0, 0.0, 0.0, 0.0, 0.0, 0.0, 0.0, 0.0, 0.0, 0.0, 0.0, 0.0, 0.0, 0.0, 0.0, 0.0, 0.0, 1.0, 0.0, 0.0, 0.0, 1.0, 0.0, 0.0, 2.0, 0.0, 0.0, 0.0, 1.0, 0.0, 0.0, 0.0, 0.0, 0.0, 0.0, 0.0, 0.0, 0.0, 0.0, 0.0, 0.0, 0.0, 0.0, 0.0, 0.0, 0.0, 0.0, 0.0, 0.0, 0.0, 0.0, 0.0, 0.0, 0.0, 0.0, 0.0, 0.0, 0.0, 0.0, 0.0, 0.0, 0.0, 0.0, 0.0, 0.0, 0.0, 0.0, 0.0, 0.0, 0.0, 0.0, 0.0, 0.0, 0.0, 0.0, 0.0, 0.0, 0.0, 0.0, 0.0, 0.0, 0.0, 0.0, 0.0, 0.0, 0.0, 0.0, 0.0, 0.0, 0.0, 0.0, 0.0, 0.0, 0.0, 0.0, 0.0, 0.0, 0.0, 0.0, 0.0, 0.0, 0.0, 0.0, 0.0, 0.0, 0.0, 0.0, 0.0, 0.0, 0.0, 0.0, 0.0, 0.0, 0.0, 0.0, 0.0, 0.0, 0.0, 0.0, 2.0, 0.0, 0.0, 0.0, 0.0, 1.0, 0.0, 0.0, 0.0, 0.0, 0.0, 0.0, 0.0, 0.0, 0.0, 0.0, 0.0, 0.0, 0.0, 0.0, 0.0, 0.0, 0.0, 0.0, 0.0, 0.0, 0.0, 0.0, 0.0, 0.0, 0.0, 0.0, 0.0, 0.0, 0.0, 0.0, 0.0, 0.0, 0.0, 0.0, 0.0, 0.0, 0.0, 0.0, 0.0, 2.0, 0.0, 0.0, 0.0, 0.0, 0.0, 0.0, 0.0, 0.0, 1.0, 0.0, 0.0, 0.0, 0.0, 0.0, 0.0, 0.0, 0.0, 0.0, 0.0, 0.0, 0.0, 0.0, 0.0, 0.0, 0.0, 0.0, 0.0, 1.0, 0.0, 0.0, 0.0, 0.0, 0.0, 0.0, 0.0, 0.0, 0.0, 0.0, 0.0, 0.0, 0.0, 0.0, 0.0, 0.0, 0.0, 0.0, 0.0, 0.0, 0.0, 0.0, 2.0, 0.0, 0.0, 0.0, 0.0, 0.0, 0.0, 0.0, 0.0, 0.0, 0.0, 0.0, 0.0]"
35475,"Please join the #IStandWithZakzaky twitter storm today by 4pm (Nigerian time). This is a trend against the recent ""proscription"" of the Islamic Movement in Nigeria. Share widely  Thank you @adeyanjudeji @Tutsy22 @KneWKeeD @AbdulMahmud01 @Austynzogs @segalink URL",medium_disagreement,3,0.9182958340544896,0.33333333333333337,0.3333333333333333,0.0,0.5773502691896258,"[853, 3923, 6005]","[1.0, 0.0, 0.0]"
20011,"JEW Get the fuck out of here you jewish son of a bitch, I'll rape your fucking family if you don't leave you semite bastard. I will shoot you if you return, because you're a dirty semite, I hope you choke on a fucking bagel, prick. Shalom. We Came In?",medium_disagreement,815,0.1806333174707029,0.0233128834355828,1.969325153374233,2.0,0.21097972245087773,"[2171, 2878, 3936, 2689, 8856, 9715, 4339, 4800, 1773, 9752, 6765, 2741, 3521, 7548, 10377, 5640, 11021, 10899, 3231, 1379, 3281, 704, 6128, 10533, 4479, 5021, 1067, 4604, 2756, 1492, 2619, 6369, 4442, 5569, 7359, 6641, 7035, 1685, 1767, 7741, 7768, 1273, 7864, 8640, 926, 6346, 7652, 1826, 6330, 3139, 2945, 3649, 1677, 10869, 5753, 9213, 5990, 10000, 544, 1298, 8030, 3659, 9311, 9421, 2951, 8534, 2388, 4460, 2301, 10948, 1139, 673, 4630, 1859, 1319, 1922, 3333, 9457, 10547, 8815, 8173, 5066, 6217, 2403, 8517, 5513, 2932, 9564, 6834, 2258, 4743, 10762, 5363, 5155, 10086, 6780, 8710, 8842, 5178, 6547, 10638, 6277, 3599, 5173, 10273, 6682, 9514, 9371, 9120, 9903, 9532, 9184, 6477, 3858, 10904, 7988, 5273, 10169, 4492, 6006, 10033, 3943, 9935, 4240, 118, 4246, 7428, 7120, 6897, 3223, 4961, 1579, 2302, 2055, 10198, 2624, 938, 4446, 3262, 3752, 3719, 3341, 9587, 2737, 6258, 1359, 10753, 4888, 7355, 1473, 6709, 5747, 3528, 11008, 5743, 8312, 8740, 6184, 36, 4895, 193, 5144, 11122, 12, 2300, 6880, 1653, 5735, 767, 6249, 5147, 6555, 8862, 2290, 8874, 1790, 3742, 7985, 9308, 7189, 8352, 9144, 6563, 3334, 2748, 4949, 10756, 2920, 1553, 6657, 3004, 1668, 2773, 10188, 7570, 9337, 10774, 781, 9003, 4636, 2233, 5947, 4320, 2770, 2239, 3675, 239, 11060, 7483, 10623, 4032, 9997, 7908, 7586, 8358, 10434, 6502, 6578, 6115, 2441, 7593, 8937, 9619, 8159, 6198, 3844, 848, 10218, 5209, 10490, 7984, 2667, 1398, 8429, 6735, 696, 6553, 5869, 1987, 4268, 9479, 8119, 9677, 8672, 10639, 10386, 6139, 5416, 374, 2861, 9061, 8435, 9333, 2103, 1330, 6549, 7531, 5170, 1796, 3368, 6853, 7902, 8537, 7943, 9286, 10172, 2949, 2746, 1641, 7919, 4095, 10257, 3047, 11047, 7597, 1827, 8945, 9499, 3067, 81, 8997, 2857, 5512, 10213, 5937, 884, 8157, 8606, 10020, 1989, 10887, 4817, 9897, 2745, 7521, 7136, 10248, 1413, 2485, 3385, 2458, 3860, 6166, 5730, 10706, 7421, 4650, 8990, 10622, 8400, 5389, 836, 5366, 2282, 10845, 4909, 9597, 5902, 966, 4957, 4157, 5395, 1542, 7775, 7086, 1854, 7549, 10961, 10373, 3114, 7663, 5834, 4403, 6824, 7051, 1720, 7942, 9210, 6018, 626, 9225, 440, 7423, 3867, 10228, 5781, 8288, 6821, 6144, 67, 7502, 6457, 3141, 6363, 8902, 10863, 220, 3961, 2697, 10975, 7001, 670, 8524, 7467, 10171, 7165, 3938, 10002, 7503, 3716, 4875, 7933, 5537, 6637, 9628, 3496, 8453, 9092, 313, 1018, 4226, 5323, 8047, 5778, 2036, 6293, 7584, 1425, 9440, 104, 9971, 5508, 4100, 772, 1800, 8583, 52, 6572, 4667, 3407, 4433, 6040, 5336, 1181, 10827, 5782, 7913, 8099, 5997, 2934, 4654, 10608, 1300, 3011, 515, 9287, 1990, 9938, 1952, 594, 10281, 8884, 9632, 373, 3965, 2901, 685, 9288, 7292, 1505, 2468, 10657, 595, 10569, 8742, 7617, 9083, 9908, 5963, 4870, 4945, 942, 8559, 140, 9143, 7481, 1958, 3731, 3897, 9827, 8691, 3951, 10238, 8932, 8582, 1118, 1900, 4474, 851, 3115, 11119, 4687, 7628, 9386, 6815, 10258, 1933, 8198, 2268, 10576, 2405, 5222, 406, 5383, 5378, 4505, 8596, 4394, 3657, 6329, 3815, 4497, 4883, 602, 4790, 5706, 8895, 4704, 10355, 8268, 315, 5720, 5185, 5035, 4209, 4176, 4269, 6310, 2649, 10923, 3039, 3306, 9357, 5454, 3971, 2510, 6389, 1205, 7836, 2378, 2676, 74, 2250, 3621, 4377, 6100, 9990, 5897, 9928, 6954, 8853, 2594, 3169, 7459, 6311, 339, 3503, 7555, 5404, 9549, 8005, 3026, 6687, 11138, 1297, 10130, 3153, 6268, 5358, 4757, 10834, 4327, 2227, 9983, 10577, 10733, 10448, 9185, 1449, 7590, 10295, 881, 3842, 5491, 10681, 3059, 7112, 871, 9804, 9283, 6971, 3209, 4797, 9906, 9332, 7125, 2989, 7930, 8665, 1121, 6573, 10601, 3230, 5883, 9566, 9880, 6232, 7031, 3456, 7244, 2244, 1667, 2139, 5093, 10152, 1997, 3109, 5541, 2516, 6304, 187, 7776, 4558, 7407, 8177, 1959, 2974, 7623, 5419, 931, 8, 5075, 6052, 9109, 8342, 8644, 7325, 5700, 858, 5587, 598, 6851, 732, 9067, 10472, 7356, 1947, 10768, 3009, 5748, 841, 5100, 8934, 6978, 10992, 9324, 11032, 959, 460, 9692, 2588, 5729, 7648, 6763, 1457, 347, 10326, 6475, 9817, 10810, 2366, 5908, 8424, 3868, 8792, 8209, 8670, 5347, 7616, 6642, 1253, 7860, 4035, 79, 5901, 4277, 478, 7769, 2035, 2187, 10165, 378, 403, 8071, 3650, 6933, 4483, 965, 9559, 8811, 9629, 8601, 7104, 3531, 7059, 4799, 8057, 7348, 8227, 5365, 9432, 5488, 9737, 7559, 492, 6037, 1291, 10292, 7131, 5387, 2909, 4476, 10698, 7770, 1170, 9043, 7814, 9764, 1681, 9437, 9284, 7310, 2885, 7958, 9232, 3225, 6882, 3596, 8509, 1931, 695, 11045, 9250, 4488, 5519, 6884, 8774, 9183, 11131, 240, 1214, 7720, 1940, 6680, 2325, 2956, 6781, 5579, 3749, 4970, 10505, 10077, 2340, 4510, 7156, 7369, 4566, 463, 219, 4947, 534, 1370, 8491, 10541, 1058, 4180, 7758, 6693, 3286, 4331, 9668, 4458, 1114, 5331, 829, 3382, 9572, 3763, 1256, 4045, 7321, 2098, 1100, 5312, 3786, 1802, 9259, 7703, 4388, 3767, 5379, 5848, 6667, 2265, 5293, 8669, 2889, 4344, 8587, 1227, 2542, 10206, 8003, 9142, 5716, 1071, 2998, 900, 6210, 5287, 4739, 4584, 1527, 10360, 1211, 243, 9700, 5972, 2595, 10750, 1019, 7848, 2646, 9307, 8695, 4360, 2837, 10712, 9593, 7718, 10585, 3572, 1162, 1803, 1257]","[2.0, 2.0, 2.0, 2.0, 2.0, 2.0, 2.0, 2.0, 1.0, 2.0, 2.0, 2.0, 2.0, 2.0, 2.0, 2.0, 2.0, 2.0, 2.0, 2.0, 2.0, 2.0, 1.0, 2.0, 2.0, 2.0, 2.0, 2.0, 2.0, 2.0, 2.0, 2.0, 2.0, 2.0, 2.0, 1.0, 2.0, 2.0, 2.0, 2.0, 2.0, 2.0, 2.0, 2.0, 2.0, 2.0, 2.0, 2.0, 2.0, 2.0, 2.0, 2.0, 2.0, 2.0, 2.0, 2.0, 2.0, 2.0, 2.0, 2.0, 2.0, 2.0, 2.0, 2.0, 2.0, 2.0, 2.0, 2.0, 2.0, 2.0, 2.0, 2.0, 2.0, 1.0, 2.0, 2.0, 2.0, 2.0, 2.0, 2.0, 2.0, 2.0, 2.0, 2.0, 2.0, 2.0, 2.0, 2.0, 2.0, 2.0, 2.0, 2.0, 2.0, 2.0, 2.0, 2.0, 2.0, 2.0, 2.0, 2.0, 2.0, 2.0, 2.0, 2.0, 2.0, 2.0, 2.0, 2.0, 2.0, 2.0, 2.0, 2.0, 2.0, 2.0, 2.0, 2.0, 2.0, 2.0, 2.0, 2.0, 2.0, 2.0, 2.0, 2.0, 2.0, 2.0, 2.0, 2.0, 2.0, 2.0, 2.0, 2.0, 2.0, 2.0, 2.0, 2.0, 2.0, 2.0, 2.0, 2.0, 2.0, 2.0, 2.0, 2.0, 2.0, 2.0, 2.0, 2.0, 2.0, 2.0, 2.0, 2.0, 2.0, 2.0, 2.0, 2.0, 2.0, 2.0, 2.0, 2.0, 2.0, 2.0, 2.0, 2.0, 2.0, 2.0, 2.0, 2.0, 2.0, 2.0, 2.0, 2.0, 2.0, 2.0, 2.0, 2.0, 2.0, 2.0, 2.0, 2.0, 2.0, 2.0, 2.0, 2.0, 2.0, 2.0, 2.0, 2.0, 2.0, 2.0, 2.0, 2.0, 2.0, 2.0, 2.0, 2.0, 2.0, 2.0, 2.0, 2.0, 2.0, 2.0, 2.0, 2.0, 2.0, 2.0, 2.0, 2.0, 2.0, 2.0, 2.0, 2.0, 2.0, 2.0, 2.0, 2.0, 2.0, 2.0, 2.0, 2.0, 2.0, 2.0, 2.0, 2.0, 2.0, 2.0, 2.0, 2.0, 2.0, 2.0, 2.0, 2.0, 2.0, 2.0, 2.0, 2.0, 2.0, 2.0, 2.0, 2.0, 2.0, 2.0, 2.0, 2.0, 2.0, 2.0, 2.0, 2.0, 2.0, 2.0, 2.0, 2.0, 2.0, 2.0, 2.0, 2.0, 2.0, 2.0, 2.0, 2.0, 2.0, 2.0, 2.0, 2.0, 2.0, 2.0, 1.0, 2.0, 2.0, 2.0, 2.0, 2.0, 2.0, 2.0, 2.0, 2.0, 2.0, 2.0, 2.0, 2.0, 2.0, 2.0, 2.0, 2.0, 2.0, 2.0, 2.0, 2.0, 2.0, 2.0, 2.0, 2.0, 2.0, 2.0, 2.0, 2.0, 2.0, 2.0, 2.0, 2.0, 2.0, 2.0, 2.0, 2.0, 2.0, 2.0, 2.0, 2.0, 2.0, 2.0, 2.0, 2.0, 2.0, 2.0, 2.0, 2.0, 2.0, 2.0, 2.0, 2.0, 2.0, 2.0, 2.0, 2.0, 2.0, 1.0, 2.0, 2.0, 2.0, 2.0, 2.0, 2.0, 2.0, 2.0, 2.0, 2.0, 2.0, 2.0, 2.0, 2.0, 2.0, 2.0, 2.0, 2.0, 2.0, 2.0, 2.0, 2.0, 2.0, 2.0, 2.0, 2.0, 2.0, 2.0, 2.0, 2.0, 2.0, 2.0, 2.0, 2.0, 2.0, 2.0, 2.0, 2.0, 2.0, 2.0, 2.0, 2.0, 2.0, 2.0, 2.0, 2.0, 2.0, 2.0, 2.0, 2.0, 2.0, 2.0, 2.0, 2.0, 2.0, 2.0, 2.0, 2.0, 2.0, 2.0, 2.0, 2.0, 2.0, 2.0, 2.0, 2.0, 2.0, 2.0, 2.0, 2.0, 2.0, 2.0, 2.0, 2.0, 2.0, 2.0, 2.0, 2.0, 2.0, 2.0, 2.0, 2.0, 2.0, 2.0, 2.0, 2.0, 2.0, 2.0, 2.0, 2.0, 2.0, 2.0, 2.0, 2.0, 2.0, 2.0, 2.0, 2.0, 2.0, 2.0, 2.0, 2.0, 2.0, 2.0, 2.0, 2.0, 2.0, 2.0, 2.0, 2.0, 2.0, 2.0, 2.0, 2.0, 2.0, 2.0, 2.0, 2.0, 2.0, 2.0, 2.0, 2.0, 2.0, 2.0, 2.0, 2.0, 2.0, 2.0, 0.0, 2.0, 2.0, 2.0, 2.0, 2.0, 1.0, 2.0, 2.0, 2.0, 2.0, 2.0, 2.0, 2.0, 2.0, 2.0, 2.0, 2.0, 2.0, 2.0, 2.0, 2.0, 2.0, 2.0, 2.0, 2.0, 2.0, 2.0, 2.0, 2.0, 2.0, 2.0, 2.0, 2.0, 2.0, 2.0, 2.0, 2.0, 2.0, 2.0, 2.0, 2.0, 2.0, 2.0, 2.0, 2.0, 2.0, 2.0, 2.0, 2.0, 2.0, 2.0, 2.0, 0.0, 2.0, 2.0, 2.0, 2.0, 2.0, 2.0, 2.0, 2.0, 0.0, 2.0, 2.0, 2.0, 2.0, 1.0, 2.0, 2.0, 2.0, 2.0, 2.0, 2.0, 2.0, 2.0, 2.0, 2.0, 2.0, 2.0, 2.0, 2.0, 2.0, 2.0, 2.0, 2.0, 2.0, 2.0, 2.0, 2.0, 2.0, 2.0, 2.0, 2.0, 2.0, 2.0, 2.0, 2.0, 2.0, 2.0, 2.0, 2.0, 2.0, 2.0, 2.0, 2.0, 2.0, 2.0, 2.0, 2.0, 2.0, 2.0, 2.0, 2.0, 2.0, 2.0, 2.0, 2.0, 2.0, 2.0, 2.0, 2.0, 2.0, 2.0, 2.0, 2.0, 2.0, 2.0, 2.0, 2.0, 2.0, 2.0, 2.0, 2.0, 2.0, 1.0, 2.0, 2.0, 2.0, 2.0, 2.0, 2.0, 2.0, 2.0, 2.0, 2.0, 2.0, 2.0, 2.0, 2.0, 2.0, 2.0, 2.0, 2.0, 2.0, 2.0, 2.0, 2.0, 2.0, 2.0, 2.0, 2.0, 2.0, 2.0, 2.0, 2.0, 2.0, 2.0, 2.0, 2.0, 2.0, 2.0, 2.0, 2.0, 2.0, 2.0, 2.0, 2.0, 2.0, 2.0, 2.0, 2.0, 1.0, 2.0, 2.0, 2.0, 2.0, 2.0, 2.0, 2.0, 2.0, 2.0, 2.0, 2.0, 2.0, 2.0, 2.0, 2.0, 2.0, 1.0, 2.0, 2.0, 2.0, 2.0, 2.0, 2.0, 2.0, 2.0, 2.0, 2.0, 2.0, 2.0, 2.0, 2.0, 2.0, 2.0, 2.0, 2.0, 2.0, 2.0, 2.0, 2.0, 2.0, 2.0, 2.0, 2.0, 2.0, 2.0, 2.0, 2.0, 2.0, 2.0, 2.0, 0.0, 2.0, 2.0, 2.0, 2.0, 2.0, 2.0, 2.0, 2.0, 2.0, 2.0, 2.0, 2.0, 2.0, 2.0, 2.0, 2.0, 2.0, 2.0, 2.0, 2.0, 2.0, 1.0, 2.0, 2.0, 2.0, 2.0, 2.0, 2.0, 2.0, 2.0, 2.0, 2.0, 2.0, 2.0, 2.0, 0.0, 2.0, 2.0, 2.0, 2.0, 0.0, 2.0, 2.0, 2.0, 2.0, 2.0, 2.0, 2.0, 2.0, 2.0, 2.0, 2.0, 2.0, 2.0, 2.0, 2.0, 2.0, 2.0, 2.0, 2.0, 2.0, 2.0, 2.0, 2.0, 2.0, 2.0, 2.0, 2.0, 2.0, 2.0, 2.0, 2.0, 2.0, 2.0, 2.0, 2.0, 2.0, 2.0, 2.0, 2.0, 2.0, 2.0, 2.0, 2.0, 2.0, 2.0, 2.0, 2.0, 2.0, 1.0, 2.0, 2.0, 2.0, 2.0, 2.0, 2.0, 2.0, 2.0, 2.0, 2.0, 2.0, 2.0, 2.0, 2.0, 2.0, 2.0, 2.0, 2.0, 2.0, 2.0, 2.0, 2.0, 2.0, 2.0, 2.0, 2.0, 2.0, 2.0, 2.0, 2.0, 2.0, 2.0, 2.0, 2.0, 2.0, 2.0, 2.0]"
23256,"@AshiyaRaj @narendramodi Today if we have Pakistan & Bangladesh, it's all because of spineless, power hungry political & non-political leaders who gave part of our nation to these invaders because they wanted to rule AND Secondly, because of many Hindus who after years & years of slavery became selfish..",medium_disagreement,3,0.9182958340544896,0.33333333333333337,0.6666666666666666,0.0,1.1547005383792517,"[6459, 4861, 3096]","[2.0, 0.0, 0.0]"
21546,"The DOE's ""racial equity"" agenda will cut Asian enrollment in NYC's top schools by 50% in order to make room for less qualified students with darker skin color. In the past, these schools have produced 14 Nobel Laureates. By ⁦@dennisjsaffran⁩ URL",medium_disagreement,3,0.9182958340544896,0.33333333333333337,0.6666666666666666,0.0,1.1547005383792517,"[204, 5800, 1208]","[0.0, 2.0, 0.0]"
18277,"""I want these people to die in their own countries from the violence we've caused, or at least die waiting in line to get in. Come on let's be civil!"" Fuck off and die",medium_disagreement,4,0.8112781244591328,0.25,0.25,0.0,0.5,"[3642, 1903, 10026, 967]","[0.0, 0.0, 0.0, 1.0]"
33743,"@FRANCE24 In theory the extremely skinny ""Israelis"" could met their dreamt place in you, but they found America instead.",medium_disagreement,3,0.9182958340544896,0.33333333333333337,0.3333333333333333,0.0,0.5773502691896258,"[1008, 10649, 5383]","[0.0, 0.0, 1.0]"
18564,STFU YOU WHITE PIECE OF SHIT,medium_disagreement,3,0.9182958340544896,0.33333333333333337,0.6666666666666666,0.0,1.1547005383792517,"[6472, 6398, 10233]","[0.0, 2.0, 0.0]"
44943,Are lesbians naturally flammable when rugmunching?,medium_disagreement,4,0.8112781244591328,0.25,0.5,0.0,1.0,"[10788, 2052, 7801, 6950]","[0.0, 2.0, 0.0, 0.0]"
48540,They're fucking idiots. Latinos being against others is just sad,medium_disagreement,4,0.8112781244591328,0.25,0.25,0.0,0.5,"[10661, 2665, 9514, 8750]","[0.0, 0.0, 0.0, 1.0]"
20646,@MrAndyNgo @TarekFatah How long you Muslims will continue doing all the heinous crimes in the name of your Muslim religion??? When you will come to your senses? When you are going to stop terrorizing the world in the name of your Muslim religion?,medium_disagreement,3,0.9182958340544896,0.33333333333333337,0.6666666666666666,0.0,1.1547005383792517,"[883, 568, 9521]","[0.0, 2.0, 0.0]"
45590,+Kiki Melendez do you know Mexicans are hybrid race! Half European White Italian Spaniard and the dogs they came over here to fuck created Mexicans,medium_disagreement,4,0.8112781244591328,0.25,1.5,2.0,1.0,"[8323, 1736, 7172, 7681]","[2.0, 2.0, 0.0, 2.0]"
35288,"Niggas be scared of women with a little gut, shit not me 😩💜",medium_disagreement,3,0.9182958340544896,0.33333333333333337,1.3333333333333333,2.0,1.1547005383792517,"[3113, 2852, 10363]","[2.0, 0.0, 2.0]"
6692,There is no 'white' race,medium_disagreement,3,0.9182958340544896,0.33333333333333337,0.3333333333333333,0.0,0.5773502691896258,"[1443, 7060, 6488]","[1.0, 0.0, 0.0]"
11009,"We will anger virgins by putting black womens in their video games. Only then can the revolution be achieved. - Lenin, probably",medium_disagreement,4,0.8112781244591328,0.25,0.25,0.0,0.5,"[7263, 9770, 8151, 922]","[0.0, 0.0, 1.0, 0.0]"
28846,@Only4RM I'm sure it was for Bible study because #christian.,medium_disagreement,3,0.9182958340544896,0.33333333333333337,0.3333333333333333,0.0,0.5773502691896258,"[8920, 8045, 7345]","[0.0, 1.0, 0.0]"
48740,WE WILL DEPORT YOU ALL AND ARREST THE REST THERE IS NO ESCAPE.......THIS IS AMERICAS PURGE!,medium_disagreement,3,0.9182958340544896,0.33333333333333337,0.6666666666666666,0.0,1.1547005383792517,"[4552, 6851, 8167]","[2.0, 0.0, 0.0]"
6372,"> brown engineer moves to Canada and has to start selling cars because no one will hire him as an engineer"" for me. My family is as white as it gets. My dad was chief engineer in metallurgy plant in our home country. My mom was a teacher. She had to go through seven years of bullshit to become a teacher in Canada. My dad never got even close to being an engineer there. They both had to work barely above minimum wage for like the first 5+ years. But yeah, ""brown"" is the issue here. Man, just fuck everything about you",medium_disagreement,3,0.9182958340544896,0.33333333333333337,0.3333333333333333,0.0,0.5773502691896258,"[3450, 456, 6658]","[1.0, 0.0, 0.0]"
45230,Bernie sanders is of jewish heritage not European Christian edomite fool,medium_disagreement,4,0.8112781244591328,0.25,0.25,0.0,0.5,"[9700, 1777, 5466, 2805]","[1.0, 0.0, 0.0, 0.0]"
37334,lgbt stands for Let's be Gay for Butches and Trans rights,medium_disagreement,3,0.9182958340544896,0.33333333333333337,0.3333333333333333,0.0,0.5773502691896258,"[10162, 1691, 10585]","[0.0, 1.0, 0.0]"
19441,You indignant cunt. Fuck this chick.,medium_disagreement,4,0.8112781244591328,0.25,1.75,2.0,0.5,"[8090, 3603, 1252, 2706]","[1.0, 2.0, 2.0, 2.0]"
49230,if their gonna fly the mexican flag we might as well revoke their citizenship and send them to mexico as well. Dont like the USA? move.,medium_disagreement,4,0.8112781244591328,0.25,0.25,0.0,0.5,"[6761, 5064, 7013, 5465]","[0.0, 1.0, 0.0, 0.0]"
25717,"with no remorse, chicks will look you dead in your eyes and say some dumb shit like ""cum in me""",medium_disagreement,4,0.8112781244591328,0.25,0.25,0.0,0.5,"[1751, 4536, 2220, 3030]","[1.0, 0.0, 0.0, 0.0]"
49523,Know how about execute everybody that goes against the most High's laws not the right wing not the left but the most High's laws we are forgetting about him and all of this and the 14th amendment applies to black people descendants from slaves not know God damn Latinos let's stop playing games with that one,medium_disagreement,3,0.9182958340544896,0.33333333333333337,0.6666666666666666,0.0,1.1547005383792517,"[275, 7242, 9923]","[0.0, 0.0, 2.0]"
49684,Evangelicals want to bring on the end times of Revelations so that they will be raptured to heaven and leave the rest of humanity behind to suffer.....That alone should disqualify them from heaven.If they are successful in bringing on the nuclear holocaust they will suffer with everyone else.,medium_disagreement,3,0.9182958340544896,0.33333333333333337,0.3333333333333333,0.0,0.5773502691896258,"[5742, 5254, 848]","[1.0, 0.0, 0.0]"
24757,@Speech7x7 @mymasterr I would ban all new Muslims immigration into this country immediately. I would form a special division to rid our country of all radical Muslims. It's enough already. It's us or them. I vote us. Do nothing we lose. Losing this battle is a living hell. Forewarned is forearmed.,medium_disagreement,4,0.8112781244591328,0.25,0.5,0.0,1.0,"[10257, 5159, 5221, 335]","[2.0, 0.0, 0.0, 0.0]"
16048,"Male version of ""begone thot""?",medium_disagreement,4,0.8112781244591328,0.25,0.25,0.0,0.5,"[9854, 10534, 498, 10142]","[1.0, 0.0, 0.0, 0.0]"
49954,"They don't belong. They broke the law. See ya. Get every illegal out. Many came the right way, many are waiting to come the right way. Illegals have NO rights. Get them all gone",medium_disagreement,3,0.9182958340544896,0.33333333333333337,0.6666666666666666,0.0,1.1547005383792517,"[2834, 7966, 10557]","[0.0, 2.0, 0.0]"
8605,Just a stupid little whore begging for punishment. You're lucky I'm even taking time to type to you. You're a dirty little fuck toy that needs to be filled all the time. Beg for my cum your worthless slut and maybe... maybe I'll give you a little attention.,medium_disagreement,3,0.9182958340544896,0.33333333333333337,0.6666666666666666,0.0,1.1547005383792517,"[4308, 1567, 10307]","[0.0, 2.0, 0.0]"
40119,@Najat Ibrahim You really dont get it do you? Its not about the sex. Why are religious people so obsessed with sex?? Maybe you should talk to your priest about your deep hatred. That cant be good for your chances of heaven. We will gay pray for you :),medium_disagreement,4,0.8112781244591328,0.25,0.5,0.0,1.0,"[2873, 4525, 2837, 5717]","[2.0, 0.0, 0.0, 0.0]"
37606,I propose a genocide of annoying boys,medium_disagreement,4,0.8112781244591328,0.25,0.5,0.0,1.0,"[6645, 6616, 10907, 6214]","[0.0, 0.0, 2.0, 0.0]"
31057,Fuck I just... Please someone fuck me with a huge cock and cum buckets in my hole! I need breeding and I need it now! #gay #gayyiff #gayfurry #furryporn #NSFW #cum #creampie #dick #sextoy #yaoi #yiff #furryyiff #femboy #lewd #furrysex #knot #masturbation #gayfur #horny #yiffy URL,medium_disagreement,3,0.9182958340544896,0.33333333333333337,0.6666666666666666,0.0,1.1547005383792517,"[1697, 7176, 10985]","[2.0, 0.0, 0.0]"
35141,These wars for Israel are being used as an excuse to flood our countries with third world migrants You demons have been warned Back off URL,medium_disagreement,3,0.9182958340544896,0.33333333333333337,1.6666666666666667,2.0,0.5773502691896257,"[4077, 505, 10494]","[2.0, 1.0, 2.0]"
44989,"If they all had blue eyes and white skin, they wouldn't be there..",medium_disagreement,3,0.9182958340544896,0.33333333333333337,0.3333333333333333,0.0,0.5773502691896258,"[655, 4605, 4190]","[0.0, 1.0, 0.0]"
39870,"@john_galt_il @TheAnkhWarrior @GandalftheWhi19 Do you ever wonder why people hate Jews? For one, you live in Israel yet you don't want us to rule our own destiny. Why the fuck do you care what we do or what we think, don't stick your nose to other people's businesses, you have your ""holy land"" now, focus on it",medium_disagreement,4,0.8112781244591328,0.25,0.5,0.0,1.0,"[7387, 1815, 5575, 4191]","[2.0, 0.0, 0.0, 0.0]"
26743,"You gotta clean up after yourself you breeding whore, lick off all the gooey cum on daddy's dick URL",medium_disagreement,3,0.9182958340544896,0.33333333333333337,1.3333333333333333,2.0,1.1547005383792517,"[9847, 1954, 2019]","[2.0, 0.0, 2.0]"
14009,Come on Lisa spill it all out... you must be a real fuckin autist piece of shit. Your own mother wants to slap the fuck out of you,medium_disagreement,3,0.9182958340544896,0.33333333333333337,1.3333333333333333,2.0,1.1547005383792517,"[1928, 7778, 5951]","[2.0, 2.0, 0.0]"
16561,"Yes we do really know all the facts. It's all on video start to finish. The rapper and his bodyguard and entourage were followed and harassed and then had to defend themselves yet the shit Swedish law is heavily skewed to protect the latest addition to the Swedish gene pool aka there ""migrants"".",medium_disagreement,4,0.8112781244591328,0.25,0.5,0.0,1.0,"[7680, 10618, 8855, 9172]","[0.0, 0.0, 0.0, 2.0]"
10425,"Holy crap yes he did! I like him even more now, no matter his sexuality.  I'm straight as hell but I love to be fabulous every now and then. Tease my hair, go out dancing in heels, wear tight and colorful clothes. I used to hate all the weird looks but luckily I live in a town where I can just own it.",medium_disagreement,3,0.9182958340544896,0.33333333333333337,0.6666666666666666,0.0,1.1547005383792517,"[2095, 10684, 892]","[0.0, 2.0, 0.0]"
26188,"Hindu boys can't marry early cause girl's parents aren't ready to take chances on ""unsettled"" boys URL",medium_disagreement,3,0.9182958340544896,0.33333333333333337,0.3333333333333333,0.0,0.5773502691896258,"[2935, 5517, 10686]","[0.0, 1.0, 0.0]"
31691,boys whose masculinity can't handle being called pretty are weak and natural selection is coming for you all,medium_disagreement,4,0.8112781244591328,0.25,0.25,0.0,0.5,"[9089, 9366, 9386, 4021]","[0.0, 0.0, 1.0, 0.0]"
3449,The SUPER Christian sounds like he might rank high on the scale as a psychopath and perhaps a sociopath to boot.,medium_disagreement,4,0.8112781244591328,0.25,0.5,0.0,1.0,"[9003, 10310, 1962, 3709]","[0.0, 0.0, 2.0, 0.0]"
33201,"Jailed, not deported. She is a criminal who should serve time for her crimes. At least we will not cry infidel and chop off her head or stone her.",medium_disagreement,3,0.9182958340544896,0.33333333333333337,0.3333333333333333,0.0,0.5773502691896258,"[9542, 224, 11142]","[0.0, 0.0, 1.0]"
34328,Them: I just got jumped 🤬 The nigga everybody done beat up: Wtf inbox me bruh 😠 Y'all kill me i swear 🤣🤣🤣,medium_disagreement,3,0.9182958340544896,0.33333333333333337,1.6666666666666667,2.0,0.5773502691896257,"[7884, 8942, 4962]","[1.0, 2.0, 2.0]"
7596,You can feel all the gayness just walking under that beautiful piece of work,medium_disagreement,3,0.9182958340544896,0.33333333333333337,1.3333333333333333,2.0,1.1547005383792517,"[2161, 7591, 6999]","[0.0, 2.0, 2.0]"
45079,"As a conservative Christian that believes the Bible is without error I have to say when it comes to my religious beliefs and my business, I separate the two. If that sodomite has the green to pay, I'll bake the cake.",medium_disagreement,3,0.9182958340544896,0.33333333333333337,1.3333333333333333,2.0,1.1547005383792517,"[1443, 7060, 6488]","[0.0, 2.0, 2.0]"
24245,Deport the dog and his bitch wife and bitch daughter- they say they hate the USA so send em back to the shithole they came from.,medium_disagreement,3,0.9182958340544896,0.33333333333333337,1.3333333333333333,2.0,1.1547005383792517,"[1435, 10736, 534]","[2.0, 2.0, 0.0]"
2758,Minorities? Eat shit cunt.,medium_disagreement,3,0.9182958340544896,0.33333333333333337,1.3333333333333333,2.0,1.1547005383792517,"[670, 9952, 4004]","[2.0, 2.0, 0.0]"
36596,"""Use that shit to kill Arabs. Not Americans"" URL",medium_disagreement,3,0.9182958340544896,0.33333333333333337,1.6666666666666667,2.0,0.5773502691896258,"[2412, 7164, 8798]","[2.0, 2.0, 1.0]"
38837,wtffff bitches got no type of self respect.,medium_disagreement,3,0.9182958340544896,0.33333333333333337,0.3333333333333333,0.0,0.5773502691896258,"[7311, 742, 4611]","[0.0, 1.0, 0.0]"
461,Oh boy and another stupid practice by humans who believe in gods and holy ghosts.,medium_disagreement,3,0.9182958340544896,0.33333333333333337,1.6666666666666667,2.0,0.5773502691896257,"[7563, 3745, 10906]","[2.0, 1.0, 2.0]"
44514,"DANNYBOY73 But it's easy to take over America as it's the superpower as the Zionist Jews have already demonstrated. Having done so the Zionist Jews can now select the puppet they want, all the puppets carry out their demands, number one being aid in resources and money to Israel and of course the finest human bait to use in fighting their wars against legitimate leaders in the Middle East. You really think this Twitter zombie is the one who controls the US? 🤦‍♂️",medium_disagreement,3,0.9182958340544896,0.33333333333333337,0.6666666666666666,1.0,0.5773502691896258,"[9069, 6756, 3269]","[1.0, 0.0, 1.0]"
4814,"You are a useless cunt. The only reason you get my cum is because I'm bored with other pussy and it's fun slapping your face while I throat fuck you, looking up at me with tears in your eyes while I'm laughing at what a useless hole you are",medium_disagreement,3,0.9182958340544896,0.33333333333333337,0.6666666666666666,0.0,1.1547005383792517,"[9715, 2888, 10316]","[2.0, 0.0, 0.0]"
2845,English people just be rascist.,medium_disagreement,4,0.8112781244591328,0.25,0.5,0.0,1.0,"[1974, 6931, 1769, 9478]","[2.0, 0.0, 0.0, 0.0]"
38050,"Trump, talking about migrants on the southern border: ""How do you stop these people?"" Crowd: ""Shoot them."" Trump, chuckling: ""That's only in the Panhandle you can get away with that stuff."" URL",medium_disagreement,4,0.8112781244591328,0.25,0.5,0.0,1.0,"[5768, 10256, 3665, 10501]","[0.0, 0.0, 0.0, 2.0]"
9199,Feminazi's are the ones that think all men are evil  Feminists are woman who want to make male and female even,medium_disagreement,3,0.9182958340544896,0.33333333333333337,0.3333333333333333,0.0,0.5773502691896258,"[5972, 3980, 7496]","[0.0, 0.0, 1.0]"
41234,"@ismail who wants to visit a shit hole that's revolting? Us westerners like the finer things in life, not having to worry about flies giving us malaria is one of those things 😉👍😂😂",medium_disagreement,3,0.9182958340544896,0.33333333333333337,0.6666666666666666,0.0,1.1547005383792517,"[315, 8444, 8284]","[0.0, 2.0, 0.0]"
4696,But hoes still mad enough to be replying,medium_disagreement,3,0.9182958340544896,0.33333333333333337,1.3333333333333333,2.0,1.1547005383792517,"[2305, 4541, 668]","[2.0, 0.0, 2.0]"
37196,America is a trash country and has been for years. The rate at which it's getting worse is scary and I wish the world would just end already,medium_disagreement,3,0.9182958340544896,0.33333333333333337,0.3333333333333333,0.0,0.5773502691896258,"[10312, 551, 5359]","[0.0, 1.0, 0.0]"
31913,@libertyladyusa Deport this trash,medium_disagreement,3,0.9182958340544896,0.33333333333333337,1.6666666666666667,2.0,0.5773502691896257,"[2911, 3331, 8923]","[1.0, 2.0, 2.0]"
8929,"""Never forget to hate brown people""",medium_disagreement,3,0.9182958340544896,0.33333333333333337,1.3333333333333333,2.0,1.1547005383792517,"[2941, 842, 7723]","[2.0, 2.0, 0.0]"
10029,"She looks so easy. She would let you do whatever fantasy you have with her body. She'd let you tie her up, and throat fuck her mouth and she cries and then she'll beg you to fuck her pussy and make her pregnant with your seed",medium_disagreement,4,0.8112781244591328,0.25,0.5,0.0,1.0,"[2711, 1359, 9624, 7786]","[0.0, 0.0, 0.0, 2.0]"
41581,fuck white people,medium_disagreement,3,0.9182958340544896,0.33333333333333337,1.3333333333333333,2.0,1.1547005383792517,"[2996, 557, 2219]","[2.0, 2.0, 0.0]"
8947,What a dyke,medium_disagreement,4,0.8112781244591328,0.25,1.5,2.0,1.0,"[1816, 5691, 5412, 931]","[2.0, 2.0, 2.0, 0.0]"
6696,">If we can have an International Men's day (which we do, it's just not officially recognized) then we can have a straight pride parade you have straight pride parades all the time, but like the International Men's day, they just aren't officially recognized",medium_disagreement,3,0.9182958340544896,0.33333333333333337,0.6666666666666666,0.0,1.1547005383792517,"[5755, 1090, 3949]","[2.0, 0.0, 0.0]"
36635,"Tomorrow many Christians will fill churches and publicly lament the deaths in #ElPaso—and go right on applauding the incendiary filth this President produces, while chanting ""build that wall,"" hugging their guns, and saying they love Jesus. URL #ElPaso",medium_disagreement,3,0.9182958340544896,0.33333333333333337,0.6666666666666666,0.0,1.1547005383792517,"[7489, 1605, 10313]","[2.0, 0.0, 0.0]"
40329,"Nigga, you blogging from a project basement 😂 Gully ain't worried about your broke bum ass. You a whole 35+ grown ass nigga with struggle braids, grey hairs in ya chin, and a dusty hat talking about other men. Get a job you pathetic ignant ass dusty nigga.  Real niggaz don't talk about what they going to do over YouTube, they just do it! You dumb ass nigga",medium_disagreement,3,0.9182958340544896,0.33333333333333337,1.3333333333333333,2.0,1.1547005383792517,"[3781, 7668, 1144]","[0.0, 2.0, 2.0]"
45106,"Of course, he's gay. He's the hottest one. XD That Pulse scene tho. :( I'm a straight woman but I always felt safe there. I was in tears at that point in the video.",medium_disagreement,4,0.8112781244591328,0.25,0.25,0.0,0.5,"[5033, 1694, 4614, 8873]","[0.0, 0.0, 0.0, 1.0]"
17000,"I am Chinese, you dipshit. Criminals get executed here after their trial, we dont keep them around for another 50 years like Americans. You are not the center of the world you dumbass, China has 5 times as many people as you, get to our level before you talk out of your ass.",medium_disagreement,3,0.9182958340544896,0.33333333333333337,0.6666666666666666,0.0,1.1547005383792517,"[3017, 4857, 1317]","[0.0, 2.0, 0.0]"
12711,"It isn't that people shouldn't come out, especially if that's what they want. Life can be very hard. If I was out 10yrs ago I know there are several field jobs I would have missed, or could have been beat up. Drugged up red necks are not the most stable group. If you have a support system of friends & co-workers who will be there for you then it will be easier. To all those who have come out the rest of us are grateful. We wish we could do the same. We love our queer side, we also love our kids & having a safe place to sleep at night.",medium_disagreement,3,0.9182958340544896,0.33333333333333337,0.3333333333333333,0.0,0.5773502691896258,"[5831, 7696, 2596]","[0.0, 0.0, 1.0]"
14150,Wipe ur ass u dirty mongoloid,medium_disagreement,4,0.8112781244591328,0.25,1.5,2.0,1.0,"[10278, 1814, 2195, 220]","[2.0, 0.0, 2.0, 2.0]"
29865,@yankeeproud1 @NeverAgainActn Jews against ICE are a machine to make antisemites.,medium_disagreement,4,0.8112781244591328,0.25,0.5,0.0,1.0,"[10842, 7592, 6716, 3570]","[0.0, 0.0, 2.0, 0.0]"
35472,all this shit woman does go through to keep the holy lands up to par and wa man does do? STICK THEIR DUSTY RODS IN ANY RAGGEDY HOLE!,medium_disagreement,3,0.9182958340544896,0.33333333333333337,0.6666666666666666,0.0,1.1547005383792517,"[3600, 6872, 1157]","[2.0, 0.0, 0.0]"
48641,Ugly guys get laid all the time especially the rich ones lol,medium_disagreement,3,0.9182958340544896,0.33333333333333337,0.6666666666666666,0.0,1.1547005383792517,"[9638, 8593, 7191]","[0.0, 2.0, 0.0]"
45173,"She's the Hater of America, send her back",medium_disagreement,3,0.9182958340544896,0.33333333333333337,0.6666666666666666,0.0,1.1547005383792517,"[7824, 9429, 6299]","[2.0, 0.0, 0.0]"
4333,I bet you suck good dick don't ya little boy,medium_disagreement,4,0.8112781244591328,0.25,1.5,2.0,1.0,"[9142, 1531, 9868, 2681]","[2.0, 2.0, 2.0, 0.0]"
8937,Yes I know the atheist article will still blame christians. Its wrong and makes Atheism look like ignorant bigots.,medium_disagreement,3,0.9182958340544896,0.33333333333333337,1.3333333333333333,2.0,1.1547005383792517,"[1588, 5578, 9989]","[2.0, 2.0, 0.0]"
17962,"What can be expected from a country where people shit on the streets? Indians are disgusting creatures, their country needs to be nuked to kingdom come.",medium_disagreement,3,0.9182958340544896,0.33333333333333337,1.3333333333333333,2.0,1.1547005383792517,"[7958, 8404, 10487]","[2.0, 2.0, 0.0]"
13125,"I bet that if nazi were J.K. Rowling characters, nowdays well be discovering that Hitler was gay all along.",medium_disagreement,4,0.8112781244591328,0.25,0.25,0.0,0.5,"[3908, 7798, 7874, 9472]","[0.0, 1.0, 0.0, 0.0]"
48004,"We should build a wall around Iran and then push it over on them...they are disgusting, evil people who will stop at nothing until full scale war is started",medium_disagreement,4,0.8112781244591328,0.25,0.5,0.0,1.0,"[6096, 6968, 6155, 433]","[0.0, 2.0, 0.0, 0.0]"
45197,Who else wants to smack that woman in the back - the head nodder? Righteous commentary.,medium_disagreement,3,0.9182958340544896,0.33333333333333337,0.6666666666666666,0.0,1.1547005383792517,"[9535, 1001, 9570]","[2.0, 0.0, 0.0]"
2110,"god that's so ignorant. wow. ""i'm not a christian so christian morality doesn't influence medical fields"". lmfao come back to me when you have even the tiniest inkling of critical thinking skills",medium_disagreement,3,0.9182958340544896,0.33333333333333337,0.6666666666666666,0.0,1.1547005383792517,"[5737, 1529, 6731]","[0.0, 0.0, 2.0]"
42959,This nigga so ugly but he 🔥,medium_disagreement,3,0.9182958340544896,0.33333333333333337,1.3333333333333333,2.0,1.1547005383792517,"[6268, 6615, 1410]","[2.0, 0.0, 2.0]"
32521,How low will the billion rands Black mascot go? How desperate and pathetic will he become so as to try and INSTITUTIONALIZE WHITE POWER in South Africa? #BusisiweMkhwebane #concourt,medium_disagreement,4,0.8112781244591328,0.25,0.5,0.0,1.0,"[9935, 768, 10004, 7440]","[0.0, 0.0, 2.0, 0.0]"
1784,Goys are incapable of thinking.,medium_disagreement,3,0.9182958340544896,0.33333333333333337,0.3333333333333333,0.0,0.5773502691896258,"[8329, 11004, 7709]","[0.0, 1.0, 0.0]"
26056,But when he get in his Misogynistic bag URL,medium_disagreement,4,0.8112781244591328,0.25,0.5,0.0,1.0,"[778, 6272, 9537, 8374]","[2.0, 0.0, 0.0, 0.0]"
37610,Steal millions of the Rayaat money and then hide behind agama/bangsa/ negara!. They should be made to knell and chop off their heads like the Saudis do! Bloody thieves! URL,medium_disagreement,3,0.9182958340544896,0.33333333333333337,1.3333333333333333,2.0,1.1547005383792517,"[4619, 10882, 10949]","[0.0, 2.0, 2.0]"
47215,All these dinosaurs should be fed to hungry kids in Yemen. They want jobs for life while our young men are sent to fight Jewish wars.,medium_disagreement,3,0.9182958340544896,0.33333333333333337,0.3333333333333333,0.0,0.5773502691896258,"[9676, 5524, 7386]","[1.0, 0.0, 0.0]"
45153,"this is disgusting, americans are a bunch of sick fucks",medium_disagreement,3,0.9182958340544896,0.33333333333333337,1.6666666666666667,2.0,0.5773502691896257,"[10143, 7459, 8160]","[2.0, 1.0, 2.0]"
20003,#whitepower...I'll hang you nigger,medium_disagreement,779,0.08815718181148341,0.010269576379974277,1.9807445442875482,2.0,0.19210365723021827,"[1834, 488, 4618, 4660, 10173, 3863, 4616, 8069, 7237, 2893, 4603, 8017, 1689, 11053, 5465, 3133, 2912, 9379, 7837, 7547, 3855, 1895, 8906, 7772, 2086, 301, 5228, 5409, 9070, 2815, 8339, 9491, 6092, 909, 3161, 10113, 7572, 731, 3219, 10409, 3208, 1128, 4196, 9867, 835, 8727, 2484, 5839, 4627, 10378, 8232, 556, 8168, 103, 6443, 6664, 2143, 3940, 6752, 9417, 9580, 8747, 5121, 7295, 212, 10317, 2180, 2729, 2805, 5350, 10909, 5525, 3617, 10552, 9476, 6650, 2183, 1208, 8820, 2208, 1220, 5429, 4849, 2121, 11132, 4607, 1513, 481, 7223, 343, 1097, 1969, 7596, 6826, 862, 857, 435, 9198, 1036, 1229, 7936, 4182, 6067, 5171, 5028, 1783, 7602, 5186, 6619, 620, 8503, 6653, 10671, 6046, 6501, 5059, 3542, 6272, 8922, 753, 9328, 4103, 9407, 4621, 8555, 3046, 288, 8351, 5555, 9258, 1702, 9266, 3294, 2546, 5531, 7664, 4511, 4918, 8016, 5219, 5714, 5988, 3929, 10389, 7660, 6428, 384, 9428, 11031, 5230, 9439, 11068, 5660, 6029, 2154, 7027, 8645, 10092, 10677, 6193, 8890, 1027, 3906, 3764, 4261, 4056, 3307, 744, 1683, 9936, 10423, 7971, 7094, 6094, 10456, 10010, 9174, 1001, 9987, 1633, 3162, 4833, 9531, 7274, 8628, 9773, 1203, 2163, 8436, 2693, 10401, 9443, 167, 4478, 910, 4286, 10102, 7236, 3788, 3447, 7803, 9942, 6055, 295, 3386, 6444, 9848, 3112, 3794, 8701, 10962, 9608, 5689, 8830, 1865, 879, 5550, 8920, 913, 7196, 3688, 9164, 2387, 5108, 31, 7070, 9134, 1537, 6351, 6192, 1084, 6054, 3459, 7451, 5534, 7831, 9943, 6514, 9060, 5890, 208, 4845, 3988, 9965, 3348, 7887, 9167, 9137, 4177, 10374, 5268, 454, 8133, 3600, 3322, 10149, 10925, 5237, 8602, 3817, 9496, 4118, 46, 2415, 7114, 7056, 2710, 7279, 4573, 5314, 2318, 1147, 1021, 1772, 1318, 1343, 8580, 7629, 2026, 3812, 3854, 8330, 9065, 4877, 7280, 7307, 8528, 9826, 7856, 498, 2406, 1602, 10372, 3351, 1736, 8304, 2361, 742, 5998, 9220, 5861, 10550, 1164, 9883, 6533, 2346, 2873, 7655, 7396, 7855, 1011, 5043, 743, 530, 6447, 3312, 7387, 7852, 7892, 10885, 606, 2591, 7149, 10048, 6171, 1045, 2153, 9878, 7827, 3476, 2522, 10862, 9879, 8454, 7966, 4819, 11075, 2234, 7709, 9231, 10114, 3747, 292, 7285, 3698, 10199, 2084, 1040, 8877, 7682, 2060, 9930, 7430, 10072, 2181, 10331, 4720, 8419, 8879, 4158, 8470, 7186, 9208, 10626, 7509, 4477, 7033, 6090, 1508, 9557, 4705, 8204, 3795, 8364, 4307, 9023, 280, 2921, 3530, 6458, 5546, 408, 2952, 5285, 2509, 7075, 4595, 3402, 7168, 6422, 2009, 10651, 10575, 6684, 6489, 9644, 10560, 538, 7854, 8298, 9463, 4105, 4168, 5087, 10322, 9623, 10334, 1694, 2073, 2044, 568, 6057, 2135, 3000, 5517, 7929, 2984, 7185, 2380, 2192, 6845, 2881, 9727, 9651, 3955, 2755, 7021, 9689, 6746, 4736, 3486, 9859, 3130, 1463, 6976, 4468, 5971, 7696, 6385, 9133, 4275, 5313, 9783, 83, 5401, 3249, 4966, 7282, 7678, 1923, 4136, 10537, 1808, 9705, 2383, 10607, 6462, 526, 7997, 1830, 4347, 5359, 10214, 3908, 7579, 4722, 4256, 4932, 10944, 9330, 8293, 8367, 4858, 3946, 4675, 9296, 3124, 8049, 9103, 1975, 5768, 8819, 10573, 7553, 3025, 8574, 10745, 3866, 9627, 9455, 7779, 11009, 9169, 9595, 3789, 5119, 4577, 5783, 1287, 9246, 4151, 2672, 2198, 9662, 7845, 4712, 3598, 2494, 3207, 7418, 2476, 2538, 4684, 3781, 1764, 8507, 88, 3075, 10412, 5711, 6810, 2669, 736, 3482, 4980, 7384, 6108, 3174, 7030, 7613, 557, 9837, 7544, 2933, 6638, 10321, 133, 9718, 10763, 2679, 2031, 8502, 10489, 9876, 7637, 2812, 7141, 1336, 7262, 9387, 7386, 8481, 7076, 2101, 9528, 2651, 2213, 2532, 5247, 6848, 10353, 4543, 2242, 3575, 9446, 6053, 4617, 3377, 2435, 1545, 7589, 577, 8466, 2146, 7950, 10640, 9122, 144, 1196, 7736, 5919, 1661, 6079, 9487, 8660, 10126, 6251, 3472, 1642, 8753, 2990, 9583, 1437, 6238, 7853, 7239, 7792, 3246, 9945, 10175, 10882, 10618, 843, 10064, 6777, 3187, 7801, 5690, 5992, 7722, 9101, 7469, 234, 6248, 229, 5788, 6867, 9344, 5522, 1538, 10748, 4016, 7205, 5676, 5501, 9685, 4423, 615, 1524, 1719, 1326, 2511, 1068, 9088, 7832, 9970, 3033, 5949, 1421, 5303, 2064, 3577, 9016, 8468, 1675, 9914, 5368, 4862, 10852, 8214, 7159, 878, 4080, 8349, 724, 1231, 7455, 7153, 1514, 8357, 2853, 5458, 8656, 9820, 4213, 4652, 1680, 3401, 6396, 7976, 4620, 7716, 9278, 6263, 5927, 9152, 8393, 9098, 237, 3470, 5236, 2541, 5882, 71, 2385, 9033, 1299, 6041, 9397, 364, 9462, 4415, 5552, 10301, 10730, 6197, 451, 6368, 10728, 9719, 3002, 9952, 8778, 3284, 95, 7173, 4342, 3103, 5746, 10838, 5082, 5367, 10911, 6581, 11036, 1607, 2846, 9558, 4535, 669, 6273, 6486, 4102, 7357, 5357, 2120, 10704, 4006, 8474, 3083, 6628, 9933, 8659, 8109, 9230, 1313, 6038, 5981, 3261, 129, 7468, 4512, 777, 9285, 5931, 7351, 9354, 1217, 3058, 8737, 8940, 2015, 6487, 9302, 741, 3726, 10345, 6979, 3713, 4725, 2519, 1386, 9445, 7608, 383, 10886, 8649, 5010, 4882, 3191, 7426, 3045, 1485, 1905, 1842, 3849, 275, 10864, 2037]","[2.0, 2.0, 2.0, 2.0, 2.0, 2.0, 2.0, 2.0, 2.0, 2.0, 2.0, 0.0, 2.0, 2.0, 2.0, 2.0, 2.0, 2.0, 2.0, 2.0, 2.0, 2.0, 2.0, 2.0, 2.0, 2.0, 2.0, 2.0, 2.0, 2.0, 2.0, 2.0, 2.0, 2.0, 2.0, 2.0, 2.0, 2.0, 2.0, 2.0, 2.0, 2.0, 2.0, 2.0, 2.0, 2.0, 2.0, 2.0, 2.0, 2.0, 2.0, 2.0, 2.0, 2.0, 2.0, 2.0, 2.0, 2.0, 2.0, 2.0, 2.0, 2.0, 2.0, 2.0, 2.0, 0.0, 2.0, 2.0, 2.0, 2.0, 2.0, 2.0, 2.0, 2.0, 2.0, 2.0, 2.0, 2.0, 2.0, 2.0, 2.0, 2.0, 2.0, 2.0, 2.0, 2.0, 2.0, 2.0, 2.0, 2.0, 2.0, 2.0, 2.0, 2.0, 2.0, 2.0, 2.0, 2.0, 2.0, 2.0, 2.0, 2.0, 2.0, 2.0, 2.0, 2.0, 2.0, 2.0, 2.0, 2.0, 2.0, 2.0, 2.0, 2.0, 2.0, 2.0, 2.0, 2.0, 2.0, 2.0, 2.0, 2.0, 2.0, 2.0, 2.0, 2.0, 2.0, 2.0, 2.0, 2.0, 2.0, 2.0, 2.0, 2.0, 2.0, 2.0, 2.0, 2.0, 2.0, 2.0, 2.0, 2.0, 2.0, 2.0, 2.0, 2.0, 2.0, 2.0, 2.0, 2.0, 2.0, 2.0, 2.0, 2.0, 2.0, 2.0, 2.0, 2.0, 2.0, 2.0, 2.0, 2.0, 2.0, 2.0, 2.0, 2.0, 2.0, 2.0, 2.0, 2.0, 2.0, 2.0, 2.0, 2.0, 2.0, 2.0, 2.0, 2.0, 2.0, 2.0, 2.0, 2.0, 2.0, 2.0, 2.0, 2.0, 2.0, 2.0, 2.0, 2.0, 2.0, 2.0, 2.0, 2.0, 2.0, 2.0, 2.0, 2.0, 2.0, 2.0, 2.0, 2.0, 2.0, 2.0, 2.0, 2.0, 2.0, 2.0, 2.0, 2.0, 2.0, 2.0, 2.0, 2.0, 2.0, 2.0, 2.0, 2.0, 2.0, 2.0, 2.0, 2.0, 2.0, 2.0, 2.0, 2.0, 2.0, 2.0, 2.0, 2.0, 2.0, 2.0, 2.0, 2.0, 2.0, 2.0, 2.0, 2.0, 2.0, 2.0, 2.0, 2.0, 2.0, 2.0, 2.0, 2.0, 2.0, 0.0, 2.0, 2.0, 2.0, 2.0, 0.0, 1.0, 2.0, 2.0, 2.0, 2.0, 2.0, 2.0, 2.0, 2.0, 2.0, 2.0, 2.0, 2.0, 2.0, 2.0, 2.0, 2.0, 2.0, 2.0, 2.0, 2.0, 2.0, 2.0, 2.0, 2.0, 2.0, 2.0, 2.0, 2.0, 2.0, 2.0, 2.0, 2.0, 2.0, 2.0, 2.0, 2.0, 2.0, 2.0, 2.0, 2.0, 2.0, 2.0, 2.0, 2.0, 2.0, 2.0, 2.0, 2.0, 2.0, 2.0, 2.0, 2.0, 2.0, 2.0, 2.0, 2.0, 2.0, 2.0, 2.0, 2.0, 2.0, 2.0, 2.0, 2.0, 2.0, 2.0, 2.0, 2.0, 2.0, 2.0, 2.0, 2.0, 2.0, 2.0, 2.0, 2.0, 2.0, 2.0, 2.0, 2.0, 2.0, 2.0, 2.0, 2.0, 2.0, 2.0, 2.0, 2.0, 2.0, 2.0, 2.0, 2.0, 2.0, 2.0, 2.0, 2.0, 2.0, 2.0, 2.0, 2.0, 2.0, 2.0, 2.0, 2.0, 0.0, 2.0, 2.0, 2.0, 2.0, 2.0, 2.0, 2.0, 2.0, 2.0, 2.0, 2.0, 2.0, 2.0, 2.0, 2.0, 2.0, 2.0, 2.0, 2.0, 2.0, 2.0, 2.0, 2.0, 2.0, 2.0, 2.0, 2.0, 2.0, 2.0, 2.0, 2.0, 2.0, 2.0, 2.0, 2.0, 2.0, 2.0, 2.0, 2.0, 2.0, 2.0, 2.0, 2.0, 2.0, 2.0, 2.0, 2.0, 2.0, 2.0, 2.0, 2.0, 2.0, 2.0, 2.0, 2.0, 2.0, 2.0, 2.0, 2.0, 2.0, 2.0, 2.0, 2.0, 2.0, 2.0, 2.0, 2.0, 2.0, 2.0, 2.0, 2.0, 2.0, 2.0, 2.0, 2.0, 2.0, 2.0, 2.0, 2.0, 2.0, 2.0, 2.0, 2.0, 2.0, 2.0, 2.0, 2.0, 2.0, 2.0, 2.0, 2.0, 2.0, 2.0, 2.0, 2.0, 2.0, 2.0, 2.0, 2.0, 2.0, 2.0, 2.0, 2.0, 2.0, 2.0, 2.0, 2.0, 2.0, 2.0, 2.0, 2.0, 2.0, 2.0, 2.0, 2.0, 2.0, 2.0, 2.0, 2.0, 2.0, 2.0, 2.0, 2.0, 2.0, 2.0, 2.0, 2.0, 2.0, 2.0, 2.0, 2.0, 2.0, 2.0, 2.0, 2.0, 2.0, 2.0, 2.0, 2.0, 2.0, 2.0, 2.0, 2.0, 2.0, 2.0, 2.0, 2.0, 2.0, 2.0, 2.0, 2.0, 2.0, 2.0, 2.0, 2.0, 2.0, 2.0, 2.0, 2.0, 2.0, 2.0, 2.0, 2.0, 2.0, 2.0, 2.0, 2.0, 2.0, 2.0, 2.0, 2.0, 2.0, 2.0, 2.0, 2.0, 2.0, 2.0, 2.0, 2.0, 2.0, 2.0, 2.0, 2.0, 2.0, 2.0, 2.0, 2.0, 2.0, 2.0, 2.0, 2.0, 2.0, 2.0, 2.0, 2.0, 2.0, 2.0, 2.0, 2.0, 2.0, 2.0, 2.0, 2.0, 2.0, 2.0, 2.0, 2.0, 2.0, 2.0, 2.0, 2.0, 2.0, 2.0, 2.0, 2.0, 2.0, 2.0, 2.0, 2.0, 2.0, 2.0, 2.0, 2.0, 2.0, 2.0, 2.0, 2.0, 2.0, 2.0, 2.0, 2.0, 2.0, 2.0, 2.0, 2.0, 2.0, 2.0, 2.0, 2.0, 2.0, 2.0, 2.0, 2.0, 2.0, 2.0, 2.0, 2.0, 2.0, 2.0, 2.0, 2.0, 2.0, 2.0, 2.0, 2.0, 2.0, 2.0, 2.0, 2.0, 2.0, 2.0, 2.0, 2.0, 2.0, 2.0, 2.0, 2.0, 2.0, 2.0, 0.0, 2.0, 2.0, 2.0, 2.0, 2.0, 2.0, 2.0, 2.0, 2.0, 2.0, 2.0, 2.0, 2.0, 2.0, 2.0, 2.0, 2.0, 2.0, 2.0, 2.0, 2.0, 2.0, 2.0, 2.0, 2.0, 2.0, 2.0, 2.0, 2.0, 2.0, 2.0, 2.0, 2.0, 2.0, 2.0, 2.0, 2.0, 2.0, 2.0, 2.0, 2.0, 2.0, 2.0, 2.0, 2.0, 2.0, 2.0, 2.0, 2.0, 2.0, 2.0, 2.0, 2.0, 2.0, 2.0, 2.0, 2.0, 2.0, 2.0, 2.0, 2.0, 2.0, 2.0, 2.0, 2.0, 2.0, 2.0, 2.0, 2.0, 2.0, 2.0, 2.0, 2.0, 2.0, 2.0, 2.0, 2.0, 2.0, 2.0, 2.0, 2.0, 2.0, 2.0, 2.0, 2.0, 2.0, 2.0, 2.0, 2.0, 2.0, 2.0, 2.0, 2.0, 2.0, 2.0, 2.0, 2.0, 2.0, 2.0, 2.0, 2.0, 2.0, 2.0, 2.0, 2.0, 2.0, 2.0, 2.0, 2.0, 2.0, 2.0, 2.0, 2.0, 2.0, 2.0, 2.0, 2.0, 2.0, 2.0, 2.0, 2.0, 2.0, 2.0, 2.0, 2.0, 2.0, 2.0, 2.0, 2.0, 2.0, 2.0, 0.0, 2.0, 2.0, 2.0, 2.0, 2.0, 2.0, 2.0, 2.0, 2.0, 2.0, 2.0, 2.0, 2.0, 2.0, 2.0, 2.0, 2.0, 2.0]"
25680,What if the women of Delhi take @ArvindKejriwal advice and accept the bribe of free metro rides and still vote for BJP?,medium_disagreement,3,0.9182958340544896,0.33333333333333337,0.3333333333333333,0.0,0.5773502691896258,"[9, 10507, 3597]","[0.0, 0.0, 1.0]"
19623,Gas the jews?,medium_disagreement,3,0.9182958340544896,0.33333333333333337,1.6666666666666667,2.0,0.5773502691896258,"[488, 77, 9333]","[2.0, 2.0, 1.0]"
37617,"i wanna fuck someone until they're sobbing and shaking, begging for me to fuck them harder... poor pathetic slut wouldn't know when to stop, poor dumb whore wouldn't ever want me to stop.",medium_disagreement,3,0.9182958340544896,0.33333333333333337,1.3333333333333333,2.0,1.1547005383792517,"[2162, 7239, 4179]","[2.0, 0.0, 2.0]"
4982,"That's great. LGB(not so much T) people are fully accepted into the church. It's when you start having gay ""marriages"" and gay ""sex"" is a problem. I'm a bisexual myself. You just need to not express the gay part.",medium_disagreement,4,0.8112781244591328,0.25,0.5,0.0,1.0,"[2757, 7935, 6578, 8840]","[0.0, 0.0, 2.0, 0.0]"
6304,"You look like the type of black woman that wonders why all the ""good black men"" have white women while hating your own natural beauty by doing wigs and weaves. All the while trying to establish yourself as a strong single mother of 2 that doesn't need a man. Wake up you ARE their mother all over again. Now go find you a good white boy lmao.",medium_disagreement,4,0.8112781244591328,0.25,0.5,0.0,1.0,"[10055, 12, 9242, 8754]","[0.0, 0.0, 0.0, 2.0]"
882,Omg I know right. Of my top 10 posts I think 8 are gay related 😂,medium_disagreement,4,0.8112781244591328,0.25,0.25,0.0,0.5,"[2791, 8502, 2724, 10201]","[0.0, 0.0, 1.0, 0.0]"
48113,Solution? Build The Wall Deport Them All.,medium_disagreement,3,0.9182958340544896,0.33333333333333337,0.3333333333333333,0.0,0.5773502691896258,"[7519, 4850, 530]","[0.0, 1.0, 0.0]"
50003,Future was dominated by gender fluid machines. One of them travelled in time to the past to save a Mexican girl and bring social justice.,medium_disagreement,3,0.9182958340544896,0.33333333333333337,0.3333333333333333,0.0,0.5773502691896258,"[7394, 7687, 1343]","[1.0, 0.0, 0.0]"
2300,And I'd rather go to hell than be some kind of subhuman retard like you.,medium_disagreement,4,0.8112781244591328,0.25,1.75,2.0,0.5,"[4656, 2158, 792, 10605]","[2.0, 2.0, 2.0, 1.0]"
25669,"Be a bitch then🤷🏽‍♀️, seeing how you wanna stay on social media posting fucking glamour shots and shit and not text me back. 🖕🏾",medium_disagreement,3,0.9182958340544896,0.33333333333333337,0.6666666666666666,0.0,1.1547005383792517,"[5318, 8709, 1155]","[2.0, 0.0, 0.0]"
25139,You niggers made shirts already??? URL,medium_disagreement,3,0.9182958340544896,0.33333333333333337,1.6666666666666667,2.0,0.5773502691896257,"[8830, 3695, 200]","[1.0, 2.0, 2.0]"
9765,Sorry we only want pussy,medium_disagreement,3,0.9182958340544896,0.33333333333333337,0.6666666666666666,0.0,1.1547005383792517,"[2757, 7935, 6578]","[2.0, 0.0, 0.0]"
10160,"You look like the type of kid who calls his teacher a ""faggot cunt""",medium_disagreement,4,0.8112781244591328,0.25,1.5,2.0,1.0,"[4722, 5649, 8610, 7304]","[0.0, 2.0, 2.0, 2.0]"
23792,@sairasameerarao Then don't let the fucking border door hit you in your fat ugly ass on your way out! You ungrateful piece of shit!!!! It's scum like you that make the entire world worse off'!!!!!!!!!,medium_disagreement,3,0.9182958340544896,0.33333333333333337,0.6666666666666666,0.0,1.1547005383792517,"[3786, 10704, 129]","[0.0, 0.0, 2.0]"
19330,"Of course..  We know how big a sheep pussy is.  To know when a sheep has been raped by a Pakistani.  When we see such an act has taken place, we bomb one of your terroist camps.",medium_disagreement,3,0.9182958340544896,0.33333333333333337,1.6666666666666667,2.0,0.5773502691896257,"[6982, 7860, 7986]","[1.0, 2.0, 2.0]"
46413,+흔한1인 china and us used to be allies in world war 2 remember ? You have no problem sucking US dick when they drop 2 atom bombs killing 250000 people.,medium_disagreement,3,0.9182958340544896,0.33333333333333337,0.3333333333333333,0.0,0.5773502691896258,"[8278, 7416, 9822]","[0.0, 0.0, 1.0]"
10408,"Note the guy who wrote the original mandate specifiying how wmaf vs amwf were to be dealt with: **Herman P. Goebel.** ​ And ok, you obviously can't judge people by their surname, but to have an ethnic German in the US enacting these policies while Joseph Goebbels was doing his stuff in Nazi Germany is ironic at minimum, if not outright chilling...",medium_disagreement,3,0.9182958340544896,0.33333333333333337,0.3333333333333333,0.0,0.5773502691896258,"[4160, 8529, 10735]","[0.0, 0.0, 1.0]"
38565,@VodkaMuse I may have wound up shot because I think I'd go nuts on this group of white trash,medium_disagreement,3,0.9182958340544896,0.33333333333333337,1.3333333333333333,2.0,1.1547005383792517,"[69, 88, 8249]","[0.0, 2.0, 2.0]"
10102,Because they were made by faggots for faggots.,medium_disagreement,3,0.9182958340544896,0.33333333333333337,1.6666666666666667,2.0,0.5773502691896257,"[2484, 3506, 8448]","[2.0, 1.0, 2.0]"
40917,Hopefully they will get all the illegal european immigrant anchor baby's too..,medium_disagreement,3,0.9182958340544896,0.33333333333333337,1.3333333333333333,2.0,1.1547005383792517,"[2062, 10898, 10434]","[0.0, 2.0, 2.0]"
27232,"May he rot in hell where he deserves, and all #MuslimBrotherhood terrorists & their sympathizers not just in #Syria but everywhere in the world along with their affiliates #AlQaeda & #ISIS  URL",medium_disagreement,3,0.9182958340544896,0.33333333333333337,1.6666666666666667,2.0,0.5773502691896258,"[5778, 5402, 9707]","[2.0, 2.0, 1.0]"
24982,Ion give a fuck bout shit a bitch got to say. Cause a bitch aintbnever said the shit to my face. AND I OOOOOP,medium_disagreement,3,0.9182958340544896,0.33333333333333337,1.3333333333333333,2.0,1.1547005383792517,"[2614, 7098, 1171]","[2.0, 0.0, 2.0]"
39445,@BSommerland This person is a complete clown. Red nose and all. They are swimming deep in male fragility.,medium_disagreement,4,0.8112781244591328,0.25,0.5,0.0,1.0,"[5618, 3722, 5489, 8498]","[2.0, 0.0, 0.0, 0.0]"
26969,The dumbest bitches alive is the ones wit jail niggas,medium_disagreement,3,0.9182958340544896,0.33333333333333337,1.3333333333333333,2.0,1.1547005383792517,"[64, 52, 3913]","[2.0, 0.0, 2.0]"
42674,"India is one nasty, dirty, filthy, germsy, lawless country.",medium_disagreement,3,0.9182958340544896,0.33333333333333337,0.6666666666666666,0.0,1.1547005383792517,"[354, 8074, 3183]","[2.0, 0.0, 0.0]"
47073,"I spent all my money to come to America and escape from ISIS and Islam and now i just see muslims everywhere, this country will also die soon as middle east unfortunately",medium_disagreement,3,0.9182958340544896,0.33333333333333337,0.3333333333333333,0.0,0.5773502691896258,"[2180, 6170, 2699]","[0.0, 1.0, 0.0]"
37487,lesbians gone wild LMAO URL,medium_disagreement,4,0.8112781244591328,0.25,0.25,0.0,0.5,"[2009, 6188, 7605, 5227]","[0.0, 0.0, 1.0, 0.0]"
48701,What an ugly angry woman!,medium_disagreement,3,0.9182958340544896,0.33333333333333337,0.6666666666666666,0.0,1.1547005383792517,"[9692, 7577, 2363]","[0.0, 2.0, 0.0]"
46663,"hes the father of her kids...……….my kids she said several times...………..that's the first problem. what the fuck is wrong with you woman why you believe children are yours. The seed comes from the man not the woman. All woman do is carry, incubate and give birth its not your kids. If anything its ours. if its your kids don't ask the man for money, if its all your decision to abort killing the mans child why then you expect the man to be involved only when you want money",medium_disagreement,3,0.9182958340544896,0.33333333333333337,0.6666666666666666,0.0,1.1547005383792517,"[178, 6270, 8385]","[0.0, 0.0, 2.0]"
13230,"Nah, I ain't with that gay shit",medium_disagreement,3,0.9182958340544896,0.33333333333333337,0.6666666666666666,0.0,1.1547005383792517,"[2089, 10548, 7613]","[0.0, 2.0, 0.0]"
39766,Slide your big meat up into my butt and dump your load inside me  25 RTs gets more exposed pics #tranny #tgirl #anal #gay #sissy #slave #raw #sex Stretch my arsehole wide open URL,medium_disagreement,3,0.9182958340544896,0.33333333333333337,0.3333333333333333,0.0,0.5773502691896258,"[2782, 19, 1659]","[0.0, 1.0, 0.0]"
9823,Of course you do. Because you're nothing but a collection of fuck holes. You're a brainless cum dump that serves no purpose other than to milk cocks. You're a fucking whore and you should be treated as such.,medium_disagreement,3,0.9182958340544896,0.33333333333333337,1.6666666666666667,2.0,0.5773502691896257,"[5573, 4338, 9016]","[2.0, 1.0, 2.0]"
18294,Islamic terrorists: smoke 'em if you got 'em.,medium_disagreement,3,0.9182958340544896,0.33333333333333337,1.3333333333333333,2.0,1.1547005383792517,"[1874, 10435, 7433]","[0.0, 2.0, 2.0]"
20143,Women are the most beautiful nurturing souls in this world and nothing should oppress them🤧 god this world can be cruel sometimes,medium_disagreement,4,0.8112781244591328,0.25,0.5,0.0,1.0,"[10446, 4597, 1186, 2770]","[2.0, 0.0, 0.0, 0.0]"
35334,"I HATE MEN on a deep and spiritual level. I don't even think I can express info words how deeply this angers. If I see a single person on TL with ""how do you know it's true"" You can catch a block. Do you know how vindictive, controlling and vile this act of aggression was URL",medium_disagreement,3,0.9182958340544896,0.33333333333333337,0.3333333333333333,0.0,0.5773502691896258,"[7352, 7905, 3592]","[1.0, 0.0, 0.0]"
24350,"*UK protesters* ""I frankly think Trump's a terrible human being"" *sips tea* ""What he said about Muslim immigrants is horrifying and absolutely unforgi— *gets stabbed*",medium_disagreement,3,0.9182958340544896,0.33333333333333337,0.6666666666666666,0.0,1.1547005383792517,"[973, 5818, 3766]","[2.0, 0.0, 0.0]"
18680,"Suck a dick, dumb bitch",medium_disagreement,3,0.9182958340544896,0.33333333333333337,0.6666666666666666,0.0,1.1547005383792517,"[2720, 4680, 11067]","[0.0, 2.0, 0.0]"
1925,"Is he the baby killing kind of ""Christian?"" I'm not a fan of that type.",medium_disagreement,3,0.9182958340544896,0.33333333333333337,1.3333333333333333,2.0,1.1547005383792517,"[5, 5552, 595]","[2.0, 0.0, 2.0]"
25010,@Lynn56829931 @DineshDSouza If you considering posing nude and sucking cock classy I guess she wins in a blowout.,medium_disagreement,3,0.9182958340544896,0.33333333333333337,0.6666666666666666,0.0,1.1547005383792517,"[999, 2593, 8584]","[0.0, 2.0, 0.0]"
44945,Always comes from countries where blacks are.. smh,medium_disagreement,4,0.8112781244591328,0.25,0.5,0.0,1.0,"[10662, 8490, 4946, 2693]","[0.0, 0.0, 2.0, 0.0]"
6131,Fuck Germany!,medium_disagreement,3,0.9182958340544896,0.33333333333333337,0.3333333333333333,0.0,0.5773502691896258,"[3853, 1248, 3121]","[0.0, 0.0, 1.0]"
47905,She's needs to change her style she doesn't look like a girl she looks like a old prostitute.,medium_disagreement,3,0.9182958340544896,0.33333333333333337,0.6666666666666666,0.0,1.1547005383792517,"[5270, 2728, 2554]","[0.0, 2.0, 0.0]"
20067,"Please help support nonbinary pride, add a #Twibbon now! URL",medium_disagreement,706,0.04349780388308924,0.004249291784702569,0.007082152974504249,0.0,0.11276404307902557,"[7486, 3379, 488, 3610, 2218, 2908, 8609, 8069, 2637, 10272, 3691, 4976, 11053, 126, 4263, 5640, 7432, 7145, 8992, 235, 655, 8392, 9448, 9641, 6196, 2785, 9585, 7900, 427, 3855, 1895, 6427, 4015, 3515, 4851, 7023, 9128, 962, 2682, 9958, 822, 1081, 3374, 612, 2815, 3161, 3643, 7768, 1936, 10236, 8306, 3325, 3208, 58, 9563, 4920, 8563, 9507, 2808, 5895, 5709, 5206, 8635, 1078, 5594, 1866, 5245, 212, 10317, 2301, 7752, 8489, 3705, 7790, 2953, 3793, 5932, 7905, 7038, 5525, 6343, 1220, 1778, 6180, 11117, 1470, 424, 3984, 6103, 6217, 6826, 10231, 3104, 4338, 1036, 4922, 4683, 7936, 5363, 10127, 8836, 10086, 7311, 5227, 6780, 87, 3542, 10593, 10638, 10759, 6277, 6682, 4821, 5555, 3647, 2546, 1789, 3524, 2763, 10904, 7988, 1701, 5920, 2229, 1540, 1891, 4762, 1276, 1777, 9263, 3943, 1206, 8926, 9935, 10555, 8826, 1478, 10645, 19, 22, 6722, 3347, 8726, 1579, 2521, 3618, 10198, 5923, 9449, 9600, 1148, 4446, 6048, 4960, 9414, 5622, 917, 506, 3376, 7516, 3263, 5806, 8312, 6236, 9174, 5144, 2417, 1633, 4833, 7680, 8218, 7274, 6880, 1653, 10178, 5270, 6876, 6738, 8978, 5818, 4127, 10890, 9443, 9973, 3742, 9816, 6051, 4303, 5159, 2959, 295, 8167, 3386, 4949, 8694, 8063, 8638, 1553, 6651, 879, 10461, 184, 3667, 1471, 588, 2701, 3660, 1104, 9239, 4942, 3420, 9048, 4873, 8403, 6578, 7494, 10968, 9134, 1086, 7932, 9979, 9121, 1537, 6774, 4521, 4215, 4753, 7281, 4119, 4522, 5890, 738, 5958, 274, 930, 9479, 9167, 197, 5135, 8435, 10548, 10722, 3623, 6370, 8286, 7204, 9286, 11067, 7689, 875, 1608, 6122, 2616, 8608, 2148, 3975, 925, 3073, 8594, 2321, 3233, 2029, 1103, 4838, 6323, 6679, 3146, 8409, 8880, 3812, 4637, 10248, 10831, 7618, 4877, 7925, 5577, 11026, 7307, 9779, 498, 9318, 1309, 5797, 8110, 10842, 2203, 2507, 6798, 207, 1164, 1664, 3799, 1373, 5834, 1282, 10570, 9214, 2438, 6692, 10101, 6447, 1531, 4871, 3300, 5974, 5692, 7496, 9548, 2153, 10012, 10824, 2697, 7504, 7165, 10993, 1991, 4711, 5004, 1302, 2856, 3771, 10583, 5126, 3102, 2315, 9915, 6448, 2084, 1040, 10844, 10659, 700, 5324, 4720, 778, 401, 1363, 4123, 5559, 6803, 4307, 6458, 233, 2813, 5719, 3106, 1392, 6256, 10608, 4595, 480, 10788, 10260, 3011, 3015, 1627, 515, 888, 7164, 8514, 4805, 5205, 2191, 3785, 9843, 3953, 2219, 9346, 3804, 3551, 9623, 7898, 1694, 3740, 10065, 9908, 10455, 2135, 9170, 3391, 2358, 7929, 9727, 7685, 7419, 6065, 9827, 2928, 3951, 7822, 5724, 11106, 9386, 7021, 6746, 2979, 1005, 3798, 840, 10860, 4179, 8311, 6242, 9133, 3393, 7835, 4275, 366, 3873, 1195, 8413, 8444, 6961, 10760, 10466, 5706, 662, 5523, 880, 1699, 4903, 7126, 5507, 4997, 6938, 2510, 11023, 8292, 405, 4326, 1130, 5359, 600, 4243, 91, 5198, 2014, 9331, 8441, 1799, 4466, 8121, 6869, 3094, 4730, 7448, 464, 7555, 10995, 9675, 8471, 8005, 9874, 3820, 8819, 10573, 1843, 5771, 5426, 3025, 4710, 3684, 4978, 7501, 8574, 9927, 4346, 1381, 3866, 4810, 1441, 7788, 2639, 621, 7910, 10448, 9031, 1903, 6219, 179, 3352, 754, 8100, 7614, 5826, 6971, 145, 7252, 2683, 10241, 9857, 1956, 6321, 6573, 254, 4831, 4471, 2310, 9712, 3651, 7470, 3456, 8588, 10542, 7556, 8484, 3043, 6108, 8385, 8758, 9775, 5500, 7671, 7519, 7659, 2329, 5001, 9707, 3825, 4940, 209, 3221, 5078, 7127, 5377, 2185, 3622, 1144, 7076, 194, 4814, 1795, 7490, 9980, 10353, 8457, 2288, 8529, 8505, 2235, 1143, 9067, 4340, 7589, 7039, 8139, 1403, 2410, 2401, 7178, 6978, 2488, 144, 1154, 4233, 10832, 1661, 1352, 4002, 7246, 9341, 4038, 4419, 6439, 6964, 1862, 7466, 2495, 7392, 6374, 4031, 5665, 7877, 386, 9363, 2175, 8233, 9325, 3534, 1430, 10882, 3710, 9108, 8105, 5992, 7158, 2177, 10054, 7715, 9344, 8227, 6576, 3505, 1543, 10266, 8718, 3091, 1873, 5302, 615, 6085, 3768, 2927, 4236, 3132, 9706, 3033, 6756, 9967, 2758, 10305, 9284, 6509, 7958, 10554, 912, 5306, 1913, 9232, 5684, 1218, 1231, 3596, 2333, 3876, 3401, 10922, 240, 9899, 9278, 4768, 6263, 1872, 432, 5560, 4367, 2687, 2344, 2325, 9770, 6781, 6158, 6155, 1818, 8496, 1942, 10730, 1426, 5776, 10541, 6368, 1270, 4090, 6543, 2433, 3284, 4995, 4259, 7173, 1114, 5367, 3850, 10383, 2712, 1264, 8074, 6121, 4656, 1003, 516, 7321, 4389, 505, 3840, 10662, 2195, 4167, 8216, 10772, 976, 6266, 188, 3229, 9910, 72, 9758, 1071, 4485, 7188, 4840, 1666, 5020, 4214, 9555, 8092, 8962, 2431, 3045, 6467, 4659, 1905, 86, 275, 1803, 7414]","[0.0, 0.0, 0.0, 0.0, 0.0, 0.0, 0.0, 0.0, 0.0, 0.0, 0.0, 0.0, 0.0, 0.0, 0.0, 0.0, 0.0, 0.0, 0.0, 0.0, 0.0, 0.0, 0.0, 0.0, 0.0, 0.0, 0.0, 0.0, 0.0, 0.0, 0.0, 0.0, 0.0, 0.0, 0.0, 0.0, 0.0, 0.0, 0.0, 0.0, 0.0, 0.0, 0.0, 0.0, 0.0, 0.0, 0.0, 0.0, 0.0, 0.0, 0.0, 0.0, 0.0, 0.0, 0.0, 0.0, 0.0, 0.0, 0.0, 0.0, 0.0, 0.0, 0.0, 0.0, 0.0, 0.0, 0.0, 0.0, 0.0, 0.0, 0.0, 0.0, 0.0, 0.0, 0.0, 0.0, 0.0, 0.0, 0.0, 0.0, 0.0, 0.0, 0.0, 0.0, 0.0, 0.0, 0.0, 0.0, 0.0, 0.0, 0.0, 0.0, 0.0, 0.0, 0.0, 0.0, 0.0, 2.0, 0.0, 0.0, 0.0, 0.0, 0.0, 0.0, 0.0, 0.0, 0.0, 0.0, 0.0, 0.0, 0.0, 0.0, 0.0, 0.0, 0.0, 0.0, 0.0, 0.0, 0.0, 0.0, 0.0, 0.0, 0.0, 0.0, 0.0, 0.0, 0.0, 0.0, 0.0, 0.0, 0.0, 0.0, 0.0, 0.0, 0.0, 0.0, 0.0, 0.0, 0.0, 0.0, 0.0, 0.0, 0.0, 0.0, 0.0, 0.0, 0.0, 0.0, 0.0, 0.0, 0.0, 0.0, 0.0, 0.0, 0.0, 0.0, 0.0, 0.0, 0.0, 0.0, 0.0, 0.0, 0.0, 0.0, 0.0, 0.0, 0.0, 0.0, 0.0, 0.0, 0.0, 0.0, 0.0, 0.0, 0.0, 0.0, 0.0, 0.0, 0.0, 0.0, 0.0, 0.0, 0.0, 0.0, 0.0, 0.0, 0.0, 0.0, 0.0, 0.0, 0.0, 0.0, 0.0, 0.0, 0.0, 0.0, 0.0, 0.0, 0.0, 0.0, 0.0, 0.0, 0.0, 0.0, 0.0, 0.0, 0.0, 0.0, 0.0, 0.0, 0.0, 0.0, 0.0, 0.0, 0.0, 0.0, 0.0, 0.0, 0.0, 0.0, 0.0, 0.0, 0.0, 0.0, 0.0, 0.0, 0.0, 0.0, 0.0, 0.0, 0.0, 0.0, 0.0, 0.0, 0.0, 0.0, 0.0, 0.0, 0.0, 0.0, 0.0, 0.0, 0.0, 0.0, 0.0, 0.0, 0.0, 0.0, 0.0, 0.0, 0.0, 0.0, 0.0, 0.0, 0.0, 0.0, 0.0, 0.0, 0.0, 0.0, 0.0, 0.0, 0.0, 0.0, 0.0, 0.0, 0.0, 0.0, 0.0, 0.0, 0.0, 0.0, 0.0, 0.0, 0.0, 0.0, 0.0, 0.0, 0.0, 0.0, 0.0, 0.0, 0.0, 0.0, 0.0, 0.0, 0.0, 0.0, 0.0, 0.0, 0.0, 0.0, 0.0, 0.0, 0.0, 0.0, 0.0, 0.0, 0.0, 0.0, 0.0, 0.0, 0.0, 0.0, 0.0, 0.0, 0.0, 0.0, 0.0, 0.0, 0.0, 0.0, 0.0, 0.0, 0.0, 0.0, 0.0, 0.0, 0.0, 0.0, 0.0, 0.0, 0.0, 0.0, 0.0, 0.0, 0.0, 0.0, 0.0, 0.0, 0.0, 0.0, 0.0, 0.0, 0.0, 0.0, 0.0, 0.0, 0.0, 0.0, 0.0, 0.0, 0.0, 0.0, 0.0, 0.0, 0.0, 0.0, 0.0, 0.0, 0.0, 0.0, 0.0, 0.0, 0.0, 0.0, 0.0, 0.0, 0.0, 0.0, 0.0, 0.0, 0.0, 0.0, 0.0, 0.0, 0.0, 0.0, 0.0, 0.0, 0.0, 0.0, 0.0, 0.0, 0.0, 0.0, 0.0, 0.0, 0.0, 0.0, 0.0, 0.0, 0.0, 0.0, 0.0, 0.0, 0.0, 0.0, 0.0, 0.0, 0.0, 0.0, 0.0, 0.0, 0.0, 0.0, 0.0, 0.0, 0.0, 0.0, 0.0, 0.0, 0.0, 0.0, 0.0, 0.0, 0.0, 0.0, 0.0, 0.0, 0.0, 0.0, 0.0, 0.0, 0.0, 0.0, 0.0, 0.0, 0.0, 0.0, 0.0, 0.0, 0.0, 0.0, 0.0, 0.0, 0.0, 0.0, 0.0, 0.0, 0.0, 0.0, 0.0, 0.0, 0.0, 0.0, 0.0, 0.0, 0.0, 0.0, 0.0, 0.0, 0.0, 0.0, 0.0, 0.0, 0.0, 0.0, 0.0, 0.0, 0.0, 0.0, 0.0, 0.0, 0.0, 0.0, 0.0, 0.0, 0.0, 0.0, 0.0, 0.0, 0.0, 0.0, 0.0, 0.0, 0.0, 0.0, 0.0, 0.0, 0.0, 0.0, 0.0, 0.0, 0.0, 0.0, 0.0, 0.0, 0.0, 0.0, 0.0, 0.0, 0.0, 0.0, 0.0, 0.0, 0.0, 0.0, 0.0, 0.0, 0.0, 0.0, 0.0, 0.0, 0.0, 0.0, 0.0, 0.0, 0.0, 0.0, 0.0, 0.0, 0.0, 0.0, 1.0, 0.0, 0.0, 0.0, 0.0, 0.0, 0.0, 0.0, 0.0, 0.0, 0.0, 0.0, 0.0, 0.0, 0.0, 0.0, 0.0, 0.0, 0.0, 0.0, 0.0, 0.0, 0.0, 0.0, 0.0, 0.0, 0.0, 0.0, 0.0, 0.0, 0.0, 0.0, 0.0, 0.0, 0.0, 0.0, 0.0, 0.0, 0.0, 0.0, 0.0, 0.0, 0.0, 0.0, 0.0, 0.0, 0.0, 0.0, 0.0, 0.0, 0.0, 0.0, 0.0, 0.0, 0.0, 0.0, 0.0, 0.0, 0.0, 0.0, 0.0, 0.0, 0.0, 0.0, 0.0, 0.0, 0.0, 0.0, 0.0, 0.0, 0.0, 0.0, 0.0, 0.0, 0.0, 0.0, 0.0, 0.0, 0.0, 0.0, 0.0, 0.0, 0.0, 0.0, 0.0, 0.0, 0.0, 0.0, 0.0, 0.0, 0.0, 0.0, 0.0, 0.0, 0.0, 0.0, 0.0, 0.0, 0.0, 0.0, 0.0, 0.0, 0.0, 0.0, 0.0, 0.0, 0.0, 0.0, 0.0, 0.0, 0.0, 0.0, 0.0, 0.0, 0.0, 0.0, 0.0, 0.0, 0.0, 0.0, 0.0, 0.0, 0.0, 0.0, 0.0, 0.0, 0.0, 0.0, 0.0, 0.0, 0.0, 0.0, 0.0, 0.0, 0.0, 0.0, 0.0, 0.0, 0.0, 0.0, 0.0, 0.0, 0.0, 0.0, 0.0, 0.0, 0.0, 0.0, 0.0, 0.0, 0.0, 0.0, 0.0, 0.0, 0.0, 0.0, 0.0, 0.0, 0.0, 0.0, 0.0, 0.0, 0.0, 0.0, 0.0, 0.0, 0.0, 0.0, 0.0, 0.0, 0.0, 0.0, 0.0, 0.0, 0.0, 0.0, 0.0, 0.0, 0.0, 0.0, 2.0, 0.0, 0.0, 0.0, 0.0, 0.0, 0.0, 0.0, 0.0, 0.0, 0.0, 0.0, 0.0, 0.0, 0.0, 0.0, 0.0, 0.0, 0.0, 0.0, 0.0, 0.0]"
26283,"Fagot, shut your mouth and suck you, for this you are predestined. you have a fag rostut tits and beautiful ass, fuck you whore amazingly😍😘😍😘😍😘😍😘 URL",medium_disagreement,3,0.9182958340544896,0.33333333333333337,1.3333333333333333,2.0,1.1547005383792517,"[7558, 6089, 9662]","[0.0, 2.0, 2.0]"
43841,Maybe we should all illegaly relocate south of the border .....i call it the reversal👍,medium_disagreement,3,0.9182958340544896,0.33333333333333337,0.3333333333333333,0.0,0.5773502691896258,"[7584, 933, 31]","[0.0, 0.0, 1.0]"
43863,america is gay,medium_disagreement,3,0.9182958340544896,0.33333333333333337,0.6666666666666666,0.0,1.1547005383792517,"[10801, 1593, 4892]","[0.0, 2.0, 0.0]"
37354,So called the indian Democracy. Syed Ali Shah Gilani. This is a factual position in #Endian occupied Kashmir.Plz do circulate the atrocities of Psychopath Modi .  #KashmirBleeds URL,medium_disagreement,3,0.9182958340544896,0.33333333333333337,0.6666666666666666,0.0,1.1547005383792517,"[5798, 7076, 4536]","[0.0, 2.0, 0.0]"
41073,"Its amazing what a failure women are in politics. Its almost like its not in their nature to be powerful. No matter how much they try, poor dears....",medium_disagreement,4,0.8112781244591328,0.25,0.5,0.0,1.0,"[1164, 8851, 7626, 10997]","[0.0, 0.0, 0.0, 2.0]"
793,Ur pathetic. Go take a shower u 400 pound bitch. Ur room probably smells like cheese,medium_disagreement,3,0.9182958340544896,0.33333333333333337,1.3333333333333333,2.0,1.1547005383792517,"[4522, 6010, 610]","[2.0, 2.0, 0.0]"
38147,If any group other than white men was being radicalized on 8Chan it would have been shut down a long time ago. URL,medium_disagreement,3,0.9182958340544896,0.33333333333333337,0.3333333333333333,0.0,0.5773502691896258,"[10479, 6555, 4357]","[0.0, 0.0, 1.0]"
2871,Sure thing Bitch the adventureing slut,medium_disagreement,3,0.9182958340544896,0.33333333333333337,0.6666666666666666,0.0,1.1547005383792517,"[6251, 4163, 2307]","[0.0, 0.0, 2.0]"
22358,I hate white people. Y'all are RETARTED,medium_disagreement,4,0.8112781244591328,0.25,1.5,2.0,1.0,"[9628, 9318, 2099, 6695]","[0.0, 2.0, 2.0, 2.0]"
33783,I LOVE WHITE WOMEN,medium_disagreement,3,0.9182958340544896,0.33333333333333337,0.6666666666666666,0.0,1.1547005383792517,"[6433, 9408, 1132]","[0.0, 0.0, 2.0]"
3516,They're gay for banning Pete,medium_disagreement,4,0.8112781244591328,0.25,1.5,2.0,1.0,"[9558, 671, 8460, 10046]","[0.0, 2.0, 2.0, 2.0]"
2874,ooga booga send the immigrants back to africa,medium_disagreement,4,0.8112781244591328,0.25,1.75,2.0,0.5,"[10422, 8716, 7933, 3386]","[2.0, 2.0, 1.0, 2.0]"
38556,This is the America that has now & always encouraged white supremacist violence & degradation. #ADOS have no ownership or agency in this evil. We are victims. URL,medium_disagreement,4,0.8112781244591328,0.25,0.5,0.0,1.0,"[4791, 2905, 7101, 1599]","[2.0, 0.0, 0.0, 0.0]"
28686,Women with masculine spirits are trash.,medium_disagreement,4,0.8112781244591328,0.25,0.5,0.0,1.0,"[3791, 1425, 5850, 6065]","[0.0, 2.0, 0.0, 0.0]"
1191,"I'm all for equality. So fuck black people. And fuck hispanic people. And fuck muslims too. And asians. And indians. And jews for that matter, fuck them. And fuck this fat fuck in particular.",medium_disagreement,3,0.9182958340544896,0.33333333333333337,1.6666666666666667,2.0,0.5773502691896258,"[3934, 1485, 7504]","[2.0, 2.0, 1.0]"
25937,@McguireScotty @GodLovesUSA1 These kids/people should be removed and sent back to their country.,medium_disagreement,3,0.9182958340544896,0.33333333333333337,0.6666666666666666,0.0,1.1547005383792517,"[5, 5552, 595]","[0.0, 0.0, 2.0]"
29981,Impossible One of the world did not love and love the hometown of his homeland Only Arabs hawks exterminate the birds without a rightful destination,medium_disagreement,3,0.9182958340544896,0.33333333333333337,0.3333333333333333,0.0,0.5773502691896258,"[10247, 5654, 11026]","[1.0, 0.0, 0.0]"
26444,Throw the people who did this in prison the disgusting fucking low life animals!! Lesbian couple viciously beaten in homophobic attack on London bus URL,medium_disagreement,3,0.9182958340544896,0.33333333333333337,0.6666666666666666,0.0,1.1547005383792517,"[3005, 10825, 10383]","[0.0, 2.0, 0.0]"
23693,Good advice... Lawmaker in Mexico tells women 'think before spreading your legs',medium_disagreement,3,0.9182958340544896,0.33333333333333337,0.3333333333333333,0.0,0.5773502691896258,"[7458, 10156, 4917]","[0.0, 0.0, 1.0]"
31442,never use your pussy for revenge that's the worst shit you can do being as though these niggas don't care who you fucking at the end of the day.,medium_disagreement,4,0.8112781244591328,0.25,0.5,0.0,1.0,"[2749, 9457, 2471, 8302]","[2.0, 0.0, 0.0, 0.0]"
7672,"Jews: fucking Nazis... Literal time travelling Nazis: Those noobs can't build for shit, lemme default real quick.",medium_disagreement,3,0.9182958340544896,0.33333333333333337,1.3333333333333333,2.0,1.1547005383792517,"[3282, 9873, 6703]","[2.0, 2.0, 0.0]"
45778,"Why is Rita ora look white,black and Asian🤔",medium_disagreement,3,0.9182958340544896,0.33333333333333337,0.3333333333333333,0.0,0.5773502691896258,"[961, 6530, 8457]","[0.0, 0.0, 1.0]"
4395,"I go with my brother. You don't need to go with other queer people, just find someone who's supportive to go with you, or you can go by yourself if you are comfortable enough.",medium_disagreement,4,0.8112781244591328,0.25,0.5,0.0,1.0,"[1531, 9868, 2681, 1011]","[2.0, 0.0, 0.0, 0.0]"
35686,@Boy_with_beanie bitch ur french tuck just because queer eye already,medium_disagreement,3,0.9182958340544896,0.33333333333333337,1.6666666666666667,2.0,0.5773502691896257,"[10277, 8815, 10168]","[2.0, 1.0, 2.0]"
48948,now we hate india lot of more,medium_disagreement,3,0.9182958340544896,0.33333333333333337,0.3333333333333333,0.0,0.5773502691896258,"[9186, 10412, 1784]","[0.0, 1.0, 0.0]"
33760,"""I'm going to kick you in the vagina""",medium_disagreement,4,0.8112781244591328,0.25,0.25,0.0,0.5,"[756, 1169, 1275, 2517]","[0.0, 0.0, 0.0, 1.0]"
45258,"These 4 women are hate mongers and racists, they are actually bullying the dems. Members ,they are scared of them, these women need to be spanked! Maga",medium_disagreement,3,0.9182958340544896,0.33333333333333337,0.6666666666666666,0.0,1.1547005383792517,"[4955, 4396, 9379]","[0.0, 2.0, 0.0]"
29021,Make her a bbc slut URL,medium_disagreement,3,0.9182958340544896,0.33333333333333337,1.6666666666666667,2.0,0.5773502691896257,"[10512, 6894, 6599]","[2.0, 1.0, 2.0]"
38038,"@xoxotaye Don't forget ENTITLED .. some of them expect women to cloth, feed , sex, bore their big headed babies and shelter them and still have the guts and audacity to demand Submission 😷",medium_disagreement,3,0.9182958340544896,0.33333333333333337,0.6666666666666666,0.0,1.1547005383792517,"[3825, 7082, 5068]","[0.0, 2.0, 0.0]"
16197,"Don't get you panties in bunch. You stated your opinion and because people don't have the same priorities or opinions as your own you are calling them ""f'ing mentally disabled. You are the one with issues. Secondly, obviously you are 13 years old (just the fact you use ""retarded"" tells me that). So, maybe you should ask your mommy for permission to be here with the big boys next time.",medium_disagreement,3,0.9182958340544896,0.33333333333333337,0.3333333333333333,0.0,0.5773502691896258,"[7101, 1599, 4525]","[0.0, 0.0, 1.0]"
21935,"✍️Sendin' white cops in the black neighborhoods Who ain't acclimated to 'em, like that's the way to do it Who seen some fuckin' videos of rappers waving guns And know nobody black so they act afraid of us And that's racism, ✍️ URL",medium_disagreement,3,0.9182958340544896,0.33333333333333337,1.3333333333333333,2.0,1.1547005383792517,"[6301, 2295, 710]","[2.0, 0.0, 2.0]"
16638,"""What song makes a little white girl, turn to a big black man?""  I chuckled",medium_disagreement,3,0.9182958340544896,0.33333333333333337,0.3333333333333333,0.0,0.5773502691896258,"[8069, 2082, 5610]","[0.0, 1.0, 0.0]"
34523,Bitches are fucking stupid,medium_disagreement,3,0.9182958340544896,0.33333333333333337,1.3333333333333333,2.0,1.1547005383792517,"[5734, 5523, 8744]","[2.0, 2.0, 0.0]"
46061,Nuke the middle East PLEASE,medium_disagreement,3,0.9182958340544896,0.33333333333333337,1.3333333333333333,2.0,1.1547005383792517,"[8755, 5529, 292]","[2.0, 2.0, 0.0]"
29140,"From the depths of fire and blood, we give the glad tidings of dawn to the masses, and the promise of freedom of the Iranian people. Our tradition is fighting for our rights even if our faces are covered with blood.. #Iran #FreeIran  17/18",medium_disagreement,4,0.8112781244591328,0.25,0.25,0.0,0.5,"[10156, 4917, 4904, 3609]","[0.0, 0.0, 0.0, 1.0]"
41842,"Lions of Israel ....then leave the USA, a white founded country, give up everything invented by the white devil, such as electricity, phone, cell phone, computer, internet, automobile, airplane travel, all medical advances, life saving medicines, ....dumb inferior ungrateful rodent",medium_disagreement,3,0.9182958340544896,0.33333333333333337,1.3333333333333333,2.0,1.1547005383792517,"[888, 8073, 980]","[2.0, 2.0, 0.0]"
3159,"Oh my fucking God. You have a pussy to worship.  To kiss, nibble, lick, suck and fuck",medium_disagreement,4,0.8112781244591328,0.25,0.5,0.0,1.0,"[6282, 9580, 4959, 10409]","[0.0, 0.0, 0.0, 2.0]"
4692,Exactly! Women aren't fucking incubators.,medium_disagreement,4,0.8112781244591328,0.25,0.25,0.0,0.5,"[4511, 104, 9672, 8833]","[0.0, 0.0, 1.0, 0.0]"
11526,She still can suck dick,medium_disagreement,3,0.9182958340544896,0.33333333333333337,1.3333333333333333,2.0,1.1547005383792517,"[7954, 9466, 2175]","[0.0, 2.0, 2.0]"
38801,"@YasminQureshiMP @amcarmichaelMP China is bad, india is bad but Pakistan is ..... How many christians are there in Pakistan? How many hindus ? U r either wilfully ignorant or..",medium_disagreement,3,0.9182958340544896,0.33333333333333337,0.3333333333333333,0.0,0.5773502691896258,"[10070, 6557, 6819]","[0.0, 0.0, 1.0]"
17144,"I know I know, maybe you mongoloid Americans could try giving guns more guns so the guns could have guns then maybe arm the bad guys with the good guys with the guns armed with the guns",medium_disagreement,3,0.9182958340544896,0.33333333333333337,1.3333333333333333,1.0,0.5773502691896258,"[9695, 366, 9965]","[1.0, 1.0, 2.0]"
4081,"No, a woman should never hit a man. But a man looking to justify his abuse of women under the guise of ""equal rights"" will never be anything more than a pathetic fucking bitch.",medium_disagreement,4,0.8112781244591328,0.25,0.25,0.0,0.5,"[6893, 7577, 2363, 5067]","[0.0, 0.0, 1.0, 0.0]"
10072,Nah nigga miss me with that gay shit,medium_disagreement,4,0.8112781244591328,0.25,1.5,2.0,1.0,"[306, 8088, 4012, 889]","[2.0, 2.0, 0.0, 2.0]"
1509,Ugh these faggots,medium_disagreement,4,0.8112781244591328,0.25,1.5,2.0,1.0,"[3820, 6042, 3218, 3088]","[0.0, 2.0, 2.0, 2.0]"
29629,DEPORT THEM ALL!,medium_disagreement,3,0.9182958340544896,0.33333333333333337,0.6666666666666666,0.0,1.1547005383792517,"[3667, 6017, 4807]","[2.0, 0.0, 0.0]"
45676,She's a cute Asain chick,medium_disagreement,3,0.9182958340544896,0.33333333333333337,0.3333333333333333,0.0,0.5773502691896258,"[5965, 3083, 8687]","[0.0, 1.0, 0.0]"
125,Proof positive that women are worse than men: they suck at rapping. /s,medium_disagreement,4,0.8112781244591328,0.25,0.5,0.0,1.0,"[7, 2542, 9780, 2522]","[0.0, 0.0, 0.0, 2.0]"
26845,"""where they ultimately need to be"" is back in the fucking Congo you morons URL",medium_disagreement,3,0.9182958340544896,0.33333333333333337,0.6666666666666666,0.0,1.1547005383792517,"[3963, 418, 8785]","[0.0, 2.0, 0.0]"
21381,@niyathebrat @aaliyahhadidxo If ya nigga cheat it's cause u should kill yourself u stupid bitch,medium_disagreement,3,0.9182958340544896,0.33333333333333337,0.6666666666666666,0.0,1.1547005383792517,"[679, 7359, 10261]","[0.0, 0.0, 2.0]"
1770,Hahahahaha get exposed you autistic degenerate,medium_disagreement,3,0.9182958340544896,0.33333333333333337,0.6666666666666666,0.0,1.1547005383792517,"[2068, 9130, 4661]","[0.0, 0.0, 2.0]"
38475,"@jimmattor @Ahmadinejad1956 lol, look who is talking. USA is the definition of a barbaric sh*thole with over 2000 mass shootings since 2013. With a population dumb as toast, it will never catch up with a highly sophisticated culture that is Iran. Europeans called you degenerates.",medium_disagreement,3,0.9182958340544896,0.33333333333333337,0.3333333333333333,0.0,0.5773502691896258,"[5861, 3849, 1998]","[0.0, 1.0, 0.0]"
24817,"Jobs never needed degrees they needed white faces, degrees were there to hinder niggas from getting in.. URL",medium_disagreement,3,0.9182958340544896,0.33333333333333337,1.3333333333333333,2.0,1.1547005383792517,"[5754, 1637, 4176]","[2.0, 0.0, 2.0]"
33764,"@10NewsCoronel SO , WE ALL KNOW IT WAS A PUNK WHITE CAUCASIAN EUROPEAN/AMERICAN WHO MURDERED THESE INNOCENTS..... SO WHY KEEP HIS NAME SECRET ???",medium_disagreement,3,0.9182958340544896,0.33333333333333337,1.3333333333333333,2.0,1.1547005383792517,"[9060, 3179, 2227]","[2.0, 0.0, 2.0]"
43964,They think that all of us LATINX are trash so why not die and fight for Russia and prove we are not trash...Revenge is good for the soul and we can free ourselves from the Evil Empire(USA) and make Latin America Great Again...I really hate Americunts,medium_disagreement,4,0.8112781244591328,0.25,1.5,2.0,1.0,"[724, 6319, 6911, 10308]","[0.0, 2.0, 2.0, 2.0]"
4102,Bro... She never fucking loved you in the first place. Most women are gold diggers,medium_disagreement,3,0.9182958340544896,0.33333333333333337,0.6666666666666666,0.0,1.1547005383792517,"[3487, 9003, 10310]","[0.0, 0.0, 2.0]"
21393,@topazprada yes with all the stereotypical lipstick lesbians,medium_disagreement,3,0.9182958340544896,0.33333333333333337,1.3333333333333333,2.0,1.1547005383792517,"[924, 2836, 1760]","[0.0, 2.0, 2.0]"
42671,Funny how people made a big deal about the little mermaid being black but no one had a problem with mj being black.,medium_disagreement,3,0.9182958340544896,0.33333333333333337,0.6666666666666666,0.0,1.1547005383792517,"[8091, 7149, 2945]","[0.0, 2.0, 0.0]"
45126,"So, two terminators had a little argument over who caused the traffic accident and then sarah conner comes and kills the male terminator because she's a lesbian.  Sounds like a good lesbian porn for me.",medium_disagreement,4,0.8112781244591328,0.25,0.25,0.0,0.5,"[1304, 9227, 8768, 125]","[0.0, 1.0, 0.0, 0.0]"
2041,she looks like a zombie who gives cancer! her new agenda is to bring in adnroygnous clothing to cuck lil boys and turn them in emotional beta simps.,medium_disagreement,4,0.8112781244591328,0.25,1.75,2.0,0.5,"[7936, 5782, 6434, 4049]","[2.0, 2.0, 1.0, 2.0]"
17739,Her cunt looks tight and appealing. You've taken good care of your property. I could use some pointers. Do you primarily fuck her ass and save her cunt for special occasions? Is she allowed to play with her cunt at all?,medium_disagreement,3,0.9182958340544896,0.33333333333333337,0.3333333333333333,0.0,0.5773502691896258,"[4341, 7509, 5803]","[1.0, 0.0, 0.0]"
43843,I see nothing unusual about this. We are talking about Mississippi. Women gave up their rights.,medium_disagreement,3,0.9182958340544896,0.33333333333333337,0.3333333333333333,0.0,0.5773502691896258,"[2060, 5865, 609]","[0.0, 0.0, 1.0]"
42757,@Ben Santoyo The tolerant left doesn't slaughter Jews in synagogues or Muslims in mosques or black people in churches! The left doesn't send bombs to critics either! But you know who does such things? Morons of your ilk!,medium_disagreement,3,0.9182958340544896,0.33333333333333337,0.3333333333333333,0.0,0.5773502691896258,"[5332, 6198, 10236]","[0.0, 0.0, 1.0]"
8677,Why bother? They can just have their harem of Chad's beat the incels up and the betabux bankroll Chad's defense so that he can get off and go back to turning women's vaginas into Arby's sandwiches.  /s,medium_disagreement,3,0.9182958340544896,0.33333333333333337,0.6666666666666666,0.0,1.1547005383792517,"[2246, 2361, 2753]","[2.0, 0.0, 0.0]"
11140,">You're throwing around accusations of antisemitism No...you're definitely antisemitic.  - The Jewish state is secretly ISIS - The Jewish state is secretly overthrowing governments I don't have to convince you for something to be true. Your own government adopted the international definition of antisemitism which you're currently in violation of. I guess Trudeau is a puppet of the ""Zionists"" am I right?",medium_disagreement,4,0.8112781244591328,0.25,0.25,0.0,0.5,"[1922, 4785, 3162, 312]","[0.0, 0.0, 1.0, 0.0]"
32931,fuck that dumb bitch still,medium_disagreement,3,0.9182958340544896,0.33333333333333337,1.3333333333333333,2.0,1.1547005383792517,"[2015, 1076, 5892]","[0.0, 2.0, 2.0]"
5338,What country are u from asshole? Still haven't told me because u are a total coward,medium_disagreement,4,0.8112781244591328,0.25,0.5,0.0,1.0,"[2904, 5765, 8795, 6801]","[0.0, 0.0, 2.0, 0.0]"
31029,"Please dont say ""cosmopolitan"" is anti-Semitic. Hawley was simply saying we need to purge the people who control the media and Hollywood and academics who just happen to be Jewish URL",medium_disagreement,3,0.9182958340544896,0.33333333333333337,0.6666666666666666,0.0,1.1547005383792517,"[5119, 9275, 1]","[2.0, 0.0, 0.0]"
15531,"There's a reason Islam breeds the most violent degeneracy in the modern world. The religion is trash and needs to die, just like every other religion, but Islam especially.",medium_disagreement,3,0.9182958340544896,0.33333333333333337,1.3333333333333333,2.0,1.1547005383792517,"[8442, 10817, 542]","[2.0, 2.0, 0.0]"
11966,"Why don't you show us this pathetic fake cock of yours? I'd love to pull it to the side and sink my cock into your tight, wet little boipussy",medium_disagreement,3,0.9182958340544896,0.33333333333333337,1.3333333333333333,2.0,1.1547005383792517,"[2335, 7494, 2710]","[0.0, 2.0, 2.0]"
32705,Muslims Slaughter Escaped Cow - Slit Its Throat in Home Depot Parking Lot/Freaking Savages. What's next!? URL,medium_disagreement,3,0.9182958340544896,0.33333333333333337,0.6666666666666666,0.0,1.1547005383792517,"[2720, 4680, 11067]","[2.0, 0.0, 0.0]"
4894,The government just has too many Christians (lame Christians that think pleasure is gay and gay is evil) at the moment. And so the Club Super Sexe sign has to come down. But the notification? All google.,medium_disagreement,4,0.8112781244591328,0.25,0.25,0.0,0.5,"[2679, 9382, 7932, 8545]","[0.0, 0.0, 1.0, 0.0]"
48957,Corrected Headline: Local losers defy federal law and proudly put illegal aliens ahead of American citizens and legal residents.,medium_disagreement,4,0.8112781244591328,0.25,0.5,0.0,1.0,"[4800, 11016, 8514, 10962]","[0.0, 0.0, 2.0, 0.0]"
140,"true, she probably will get a slap on the hand and a head nod from the simped judge and grants her the pussy pass so she can go and whine about the male privilege.",medium_disagreement,3,0.9182958340544896,0.33333333333333337,0.3333333333333333,0.0,0.5773502691896258,"[7275, 1601, 4103]","[0.0, 1.0, 0.0]"
20662,Yea this Bitch dumb sick in the head,medium_disagreement,3,0.9182958340544896,0.33333333333333337,0.6666666666666666,0.0,1.1547005383792517,"[1128, 4558, 1711]","[2.0, 0.0, 0.0]"
8874,"And I don't care if you're gay, as long as you aren't a FILTHY CUMSUCKING FAGGOT about it. There is a difference. Don't make being gay your ENTIRE EXISTENCE, and constantly talk about your sex life as if that's the sum of who you are as a person. Not everyone who doesn't agree with homosexual is am evil bigot who wants to herd you all into death camps and electrocute you into being straight.",medium_disagreement,3,0.9182958340544896,0.33333333333333337,1.6666666666666667,2.0,0.5773502691896257,"[5972, 3980, 7496]","[1.0, 2.0, 2.0]"
41450,"Stand Up with ""The Squad"". Finally these four woman are the hope for America.  They can make this failed state with a stupid brainless president make great again. These four women can make the american people use their ethic brains again in stead of primair animal survival thinking that is been brainwashed since this clown is president. We, Europeans have so much pity for the American people who are kept stupid by her leaders. There is hope with 'The Squad""",medium_disagreement,3,0.9182958340544896,0.33333333333333337,0.6666666666666666,0.0,1.1547005383792517,"[2610, 3146, 10042]","[0.0, 2.0, 0.0]"
25173,"All males like you deserve from a woman like Me is constant humiliation, denial, and torment.. & your cock trapped in chastity with the key hanging around My neck. 😈🔐 URL",medium_disagreement,4,0.8112781244591328,0.25,0.25,0.0,0.5,"[2901, 5449, 6207, 1734]","[1.0, 0.0, 0.0, 0.0]"
42073,"Americans hate all four of you Anti American bitches, just leave our country get the hell out.",medium_disagreement,3,0.9182958340544896,0.33333333333333337,0.3333333333333333,0.0,0.5773502691896258,"[7060, 6488, 8958]","[0.0, 1.0, 0.0]"
11622,Good grief your gf and my stories are the exact same. Minus the enby for me. Been on hrt for 13 months and small changes but I NEVER get gendered female. And I'm all tomboy/punk so tons of basketball shorts and band T-shirts in my wardrobe. And never getting gendered correctly really bothers me but I also don't always want to glam it up just so people can stare and misgender me anyway.,medium_disagreement,3,0.9182958340544896,0.33333333333333337,0.3333333333333333,0.0,0.5773502691896258,"[3202, 5666, 10285]","[0.0, 0.0, 1.0]"
3838,How is it gay to receive it because you're not doing anything but lay back? Guys who suck cock are gay but its not gay to get your own cock sucked,medium_disagreement,3,0.9182958340544896,0.33333333333333337,0.6666666666666666,0.0,1.1547005383792517,"[6580, 2369, 7081]","[2.0, 0.0, 0.0]"
20481,"With the rise of radical Islam around the world & 2 new Muslim congresswomen seen as extremists, many Americans are beginning to ask questions about a global caliphate. One America's Jack Posobiec sat down with reformist #ImanTawhidi  @OANN @JackPosobiec URL",medium_disagreement,3,0.9182958340544896,0.33333333333333337,0.3333333333333333,0.0,0.5773502691896258,"[10811, 10667, 6986]","[1.0, 0.0, 0.0]"
24519,"@MCITLFrAphorism Get fucked, you biblical bag of dicks.",medium_disagreement,3,0.9182958340544896,0.33333333333333337,1.3333333333333333,2.0,1.1547005383792517,"[6691, 1028, 6749]","[2.0, 0.0, 2.0]"
4727,Then go back to India bitch where the brownies shit in a gutter and get sold into marriage by their dads to the highest bidder.,medium_disagreement,4,0.8112781244591328,0.25,1.5,2.0,1.0,"[7372, 10885, 6953, 8835]","[0.0, 2.0, 2.0, 2.0]"
42854,"@john jon Nothing she said has to do with race, but it's racist? You're racist for thinking that is racist. Why are you people such bigots?",medium_disagreement,3,0.9182958340544896,0.33333333333333337,0.6666666666666666,0.0,1.1547005383792517,"[9935, 768, 10004]","[0.0, 0.0, 2.0]"
24048,"All my Facebook ads are like ""Hey FAG, want some fucking underwear, you great big homo?""",medium_disagreement,3,0.9182958340544896,0.33333333333333337,1.3333333333333333,2.0,1.1547005383792517,"[8066, 1560, 6547]","[0.0, 2.0, 2.0]"
7847,"Yes, well seeing as Donald Trump is literally a Transexual - actually he is a Hermaphoite, and is in essence, ""dickless"" - so yea, he ""raped her"" with his? What, He is literally androgynes, has no penis, if she claims he does, she is lying...",medium_disagreement,3,0.9182958340544896,0.33333333333333337,0.6666666666666666,0.0,1.1547005383792517,"[3208, 4381, 5246]","[0.0, 0.0, 2.0]"
15472,"To be fair, the faggots I went to school with were the fake hippy stoner cliche that made me hate Pink Floyd, the Grateful Dead, and Bob Marley as well. But I thank them for pushing me into Metal and all the glory it entails, so it wasnt all bad.",medium_disagreement,4,0.8112781244591328,0.25,1.5,2.0,1.0,"[8024, 5491, 5879, 5684]","[2.0, 2.0, 0.0, 2.0]"
44960,@JESUS CHRIST THE MOST HIGH GOD go fuck yourself,medium_disagreement,3,0.9182958340544896,0.33333333333333337,0.6666666666666666,0.0,1.1547005383792517,"[8133, 8210, 219]","[0.0, 0.0, 2.0]"
10605,You look like a gaylord though,medium_disagreement,3,0.9182958340544896,0.33333333333333337,1.3333333333333333,2.0,1.1547005383792517,"[7257, 3852, 5429]","[2.0, 2.0, 0.0]"
10014,She would look great filled with white cocks.,medium_disagreement,3,0.9182958340544896,0.33333333333333337,0.6666666666666666,1.0,0.5773502691896258,"[5702, 7096, 3114]","[1.0, 0.0, 1.0]"
44850,Finn looks gay asf,medium_disagreement,3,0.9182958340544896,0.33333333333333337,1.3333333333333333,2.0,1.1547005383792517,"[8630, 1436, 23]","[2.0, 0.0, 2.0]"
24071,this Anton nigger,medium_disagreement,5,0.7219280948873623,0.19999999999999996,1.6,2.0,0.8944271909999159,"[1147, 1772, 8983, 10836, 8166]","[2.0, 0.0, 2.0, 2.0, 2.0]"
40578,"Blame Russia cnn, yet they haven't invaded any country or produced any immigrant fleeing.. Now Europe is invaded by Muslims, wonder why? Might be cuz USA is ither bombing suporting bombings or has bombed some Arab country.. Yeah Russia is evil and the world is watching",medium_disagreement,3,0.9182958340544896,0.33333333333333337,0.6666666666666666,0.0,1.1547005383792517,"[1046, 2276, 218]","[0.0, 0.0, 2.0]"
7230,"She finally accepts that she is meant to be nothing but a black-only fuck pig. No more innocence or sweetness, just a white slut to be used",medium_disagreement,3,0.9182958340544896,0.33333333333333337,1.6666666666666667,2.0,0.5773502691896257,"[5940, 1670, 7664]","[1.0, 2.0, 2.0]"
