query_id,text,disagreement_bin,n_annotators,entropy,variation_ratio,mean_hatespeech,median_hatespeech,std_hatespeech,annotator_ids,hatespeech_labels
35032,"Stanky hoes, bitch mad that I got my own.",high_disagreement,3,1.584962500721156,0.6666666666666667,1.0,1.0,1.0,"[9479, 7708, 2867]","[0.0, 2.0, 1.0]"
32194,women cheating in relationships definitely worse cuz yall be sucking dick i'd at least have respect for u enough not to eat another bitch out,high_disagreement,4,1.5,0.5,1.25,1.5,0.9574271077563381,"[6212, 5823, 7758, 8628]","[2.0, 1.0, 2.0, 0.0]"
43592,So many soy boy cucks in the comment section supporting AntiFa. I wish one of you soy boys would step to me. Get your scull cracked in half like the beta male pussies you truly are,high_disagreement,3,1.584962500721156,0.6666666666666667,1.0,1.0,1.0,"[10121, 9110, 4384]","[0.0, 2.0, 1.0]"
44414,*these girls had some pretty punchable faces*,high_disagreement,4,1.5,0.5,1.25,1.5,0.9574271077563381,"[3484, 1655, 4405, 10943]","[2.0, 1.0, 2.0, 0.0]"
10604,Pull up with the gays first to kill them so we can invade,high_disagreement,4,1.0,0.5,1.0,1.0,1.1547005383792515,"[3517, 8719, 1323, 8801]","[2.0, 0.0, 0.0, 2.0]"
31954,What do you have to say now Fake Ass Christians? Is FatNixon still your heaven sent messiah?  Are you still following FatNixon like lemmings over a cliff? Like sheep to slaughter?  Do you hate all brown people too? Do you hate all who aren't....what the hell you are? Heretics. URL,high_disagreement,4,1.0,0.5,1.0,1.0,1.1547005383792515,"[8133, 8210, 219, 1566]","[0.0, 2.0, 0.0, 2.0]"
45472,"yep, now we will soon see iran go up in flames. I love it. kill them all and start with those ugly babies.",high_disagreement,4,1.0,0.5,1.0,1.0,1.1547005383792515,"[1553, 5445, 4082, 6390]","[0.0, 2.0, 2.0, 0.0]"
10089,">No. He raped her when she was 9, at least according to the Qu'ran. Which fucking verse talks about Aisha's age? What the fuck are you bullshitting about? >Ours hasn't changed a lot and the KJV is very close to aramaic and Hebrew, the bible still retains its original message. No it doesnt. >Would you like some scripture? Not gonna type it out visit The religion of piece.Com. No and that site full of ignorant cunts? Fuck no they dont even know our prayer names.",high_disagreement,4,1.0,0.5,1.0,1.0,1.1547005383792515,"[7458, 10156, 4917, 4904]","[0.0, 2.0, 2.0, 0.0]"
42568,Why are these people so upset? What's wrong with separating babies from their moms and packing folk in cages like sardines. What's wrong with treating them as though they were not human. They are not white like us. Let them rot.,high_disagreement,4,1.5,0.5,1.25,1.5,0.9574271077563381,"[6420, 6613, 10892, 337]","[2.0, 1.0, 0.0, 2.0]"
10510,Eat a dick you bunch of cucks.,high_disagreement,3,1.584962500721156,0.6666666666666667,1.0,1.0,1.0,"[3509, 7785, 5130]","[2.0, 1.0, 0.0]"
2243,Likely a homeskooled Christian fundamentalist.,high_disagreement,4,1.5,0.5,0.75,0.5,0.9574271077563382,"[5554, 10490, 2550, 5062]","[0.0, 0.0, 2.0, 1.0]"
7604,The /b/tard pisses on you white fanatics and the diseased inbred cumstains like you. Glad you're being replaced whore 😉,high_disagreement,4,1.0,0.5,1.5,1.5,0.5773502691896257,"[6749, 3863, 739, 9416]","[2.0, 1.0, 2.0, 1.0]"
11685,She looks so slutty in this pic,high_disagreement,4,1.0,0.5,1.0,1.0,1.1547005383792515,"[2471, 8302, 1545, 4367]","[0.0, 2.0, 2.0, 0.0]"
4320,> Men seem to be like these brick walls where they will initiate things but stop short of progressing passed the hey let's go for a drink Because they're pussies or they just aren't that into you.,high_disagreement,3,1.584962500721156,0.6666666666666667,1.0,1.0,1.0,"[7221, 2233, 4382]","[2.0, 0.0, 1.0]"
30024,@IlhanMN @AOC We will do better than that we will prosecute u for ur crimes beat u at the ballot box and revoke ur citizenship if u r guilty of immigration fraud and then send it anti-Semitic racist dumbass back .,high_disagreement,4,1.0,0.5,0.5,0.5,0.5773502691896257,"[8986, 7727, 1206, 10200]","[0.0, 1.0, 0.0, 1.0]"
20208,@dbongino @dochartdc This is cold and possibly sick but I believe these bastards that come to America to kill should be tried and if found guilty hung by the neck at the border for others to see.,high_disagreement,4,1.0,0.5,1.0,1.0,1.1547005383792515,"[313, 1217, 7041, 7849]","[2.0, 0.0, 2.0, 0.0]"
12994,Very unfortunate. Israel is not an excuse to throw away humanity.,high_disagreement,3,1.584962500721156,0.6666666666666667,1.0,1.0,1.0,"[1957, 7517, 10498]","[1.0, 0.0, 2.0]"
30213,@hrenee80 Send her back Muslim traitor,high_disagreement,4,1.0,0.5,1.0,1.0,1.1547005383792515,"[4016, 4563, 6672, 5415]","[0.0, 2.0, 2.0, 0.0]"
41565,"To everybody complaining about the word ""GOD"" being used to describe Nubian men, your religion that you grew up on was given to you and your ancestors to bring your morale down , GOD is an European word , Nubian men and women are civilized people originally before our enslavement, it's much better than calling each other ""dogs""and ""niggahs"" etc,etc. Words are energy. Peace",high_disagreement,4,1.0,0.5,1.0,1.0,1.1547005383792515,"[1818, 1682, 1678, 5407]","[2.0, 0.0, 2.0, 0.0]"
35604,YOU 4 are Terrorists and will be leaving very soon! YOU 4 are Traitors and Obviously HATE Americans & OUR country #JihadSquad go quack your Fake outrage somewhere else...go to a muslim country you love islam so much you murder lover URL,high_disagreement,3,1.584962500721156,0.6666666666666667,1.0,1.0,1.0,"[9585, 2256, 643]","[1.0, 2.0, 0.0]"
3696,What a hot little fuck puppet she is! Would fuck her in the ass all night long!,high_disagreement,4,1.5,0.5,1.25,1.5,0.9574271077563381,"[1364, 8078, 4902, 9164]","[1.0, 2.0, 0.0, 2.0]"
14947,"While I will not really *defend* the church, I can certainly say that there is no thing more damaging to the world today than Evangelicals and Evangelicalism. They are the OG scum on steroids, with a penchant to bring the end of the world, and the political power to do so soon.",high_disagreement,4,1.5,0.5,0.75,0.5,0.9574271077563381,"[6460, 9367, 834, 5108]","[2.0, 0.0, 1.0, 0.0]"
45039,@Dave S Shouldn't have given man free will then.His mistake. Never lost on us normal people how so many of your God squad are drawn to the Priesthood where they end up abusing little boys. Must be something about being Christian...,high_disagreement,4,1.5,0.5,1.0,1.0,0.816496580927726,"[6684, 10397, 10919, 2568]","[1.0, 1.0, 0.0, 2.0]"
20921,When will arabs ever become humans? This is retarded. She's just 10 years old and she did nothing wrong. Her father and uncle should be hanged and killed in public.,high_disagreement,4,1.5,0.5,1.25,1.5,0.9574271077563381,"[9572, 4388, 6920, 6208]","[1.0, 0.0, 2.0, 2.0]"
13723,"Plus, all you need is one good plague and your entire cloister of lesbian nuns is a goner. On the flip side! You probably became a nun at, like, 14",high_disagreement,4,1.5,0.5,0.75,0.5,0.9574271077563381,"[6303, 10043, 1730, 703]","[2.0, 1.0, 0.0, 0.0]"
28446,U bitches be annoying and it ain't me I'm not bitches,high_disagreement,4,1.0,0.5,1.0,1.0,1.1547005383792515,"[9663, 8453, 274, 1059]","[0.0, 2.0, 0.0, 2.0]"
15886,"It's true, though. I don't understand how this landwhale doesn't see it. Yes, they will fuck you, but as a woman you should be concerned if they won't take you out in public. That probably means you're a disgusting fatty and just good for a hole.",high_disagreement,5,1.5219280948873621,0.6,1.0,1.0,1.0,"[5208, 2622, 5323, 2576, 3105]","[0.0, 2.0, 2.0, 1.0, 0.0]"
42951,Canada keeps receiving garbage from that Philippines in the form of people trying to immigrate here. Send the trash back!!!!,high_disagreement,3,1.584962500721156,0.6666666666666667,1.0,1.0,1.0,"[2202, 8072, 7175]","[1.0, 0.0, 2.0]"
25863,"Cowardly piece of shit ,with a penis !",high_disagreement,4,1.0,0.5,1.0,1.0,1.1547005383792515,"[3438, 4454, 7559, 576]","[2.0, 0.0, 2.0, 0.0]"
5983,"Feminists: ""B-b-b-b-but sex abuse is a \~male\~ crime !!! Wimmenz are sugar and spice and everything nice ! Ever since the beginning of time, women have been pure, good, and angelic ! Wimmenz cannot commit such offenses !"" ​ Also Feminists: ""Sexual Harassment is not a crime of sex, it's a crime about the abuse of power. Whenever one human being has power over another, there is a possibility of sex abuse. So we should remove men from power to prevent them from abusing their power."" ​ Me: ""Feminists ? Go fuck yourself.""",high_disagreement,3,1.584962500721156,0.6666666666666667,1.0,1.0,1.0,"[1704, 1148, 9517]","[0.0, 1.0, 2.0]"
49498,"Sorry for Eric, but police need to be protected from the mob and all these ghetto criminals. #bluelivesmatter",high_disagreement,3,1.584962500721156,0.6666666666666667,1.0,1.0,1.0,"[9276, 2334, 5814]","[1.0, 0.0, 2.0]"
24479,Cause of earthquake: Punjabi men walking URL,high_disagreement,4,1.0,0.5,1.0,1.0,1.1547005383792515,"[1931, 9299, 5425, 2234]","[0.0, 2.0, 0.0, 2.0]"
49687,Offset surrounded by gay niggas. Haha #offserforpridepresident,high_disagreement,4,1.5,0.5,1.25,1.5,0.9574271077563381,"[4028, 1027, 620, 4549]","[0.0, 1.0, 2.0, 2.0]"
36407,"No, he's giving arms to Saudi Arabia. You know, the one's who killed a journalist because he called them out on their evil, and where the vast majority of terrorists usually come from. Last time I checked, Mexicans didn't bring down the Trade Center towers, did they, princess? URL",high_disagreement,4,1.0,0.5,1.5,1.5,0.5773502691896257,"[1471, 2606, 3752, 4791]","[1.0, 1.0, 2.0, 2.0]"
17243,Americans disgust me for just shrugging and letting this go on. They just shrug at their disgusting piece of human filth of a president and they just shrug at 2 more right wing massacres. Shit hole country with shit hole people.,high_disagreement,4,1.5,0.5,1.25,1.5,0.9574271077563381,"[2679, 9382, 7932, 8545]","[0.0, 1.0, 2.0, 2.0]"
30945,"i have the strongest urge to tie a subs hands behind her back and prop her ass up and shove her face down into the mattress and fuck her sensless. i'd slide my cock between her ass and tease her with the tip, then ram myself inside of her and listen to her whimper for her god.",high_disagreement,4,1.0,0.5,1.0,1.0,1.1547005383792515,"[3320, 5026, 9077, 9971]","[0.0, 2.0, 2.0, 0.0]"
724,I wont believe she really is a woke feminist until there us a midget xer behind her with xer dick in her ass.,high_disagreement,3,1.584962500721156,0.6666666666666667,1.0,1.0,1.0,"[2999, 9073, 6107]","[1.0, 2.0, 0.0]"
3808,Bitch with tits,high_disagreement,4,1.5,0.5,0.75,0.5,0.9574271077563381,"[7094, 7930, 6136, 3673]","[0.0, 0.0, 1.0, 2.0]"
46366,White liberals violently assaulting a gay Asian because they claim he supports white supremacists. smh.,high_disagreement,4,1.5,0.5,0.75,0.5,0.9574271077563381,"[922, 1921, 4792, 5292]","[0.0, 0.0, 1.0, 2.0]"
9404,Most anti-Semites don't want to kill all the Jews. The idea that there is a place to put them in awesome. Netanyahu is just an extra bonus. The fact the Israel pisses off the Muslims? Even better. Most anti-Semites hate Muslims more. The Jews shall not replace us crowd isn't happy that Jews have a wonderful home.,high_disagreement,4,1.0,0.5,1.0,1.0,1.1547005383792515,"[9014, 3789, 6651, 7931]","[0.0, 0.0, 2.0, 2.0]"
37189,"LMFAO a Pakhtoon thinks Babur , Ghori are his ancestors. 🤣🤣 Your ancestors are flipping in their graves. Peace be upon them !",high_disagreement,3,1.584962500721156,0.6666666666666667,1.0,1.0,1.0,"[824, 513, 2587]","[2.0, 1.0, 0.0]"
2127,"Fat people is the cause for young men being impotent. The women are fat and so are the men. This makes physical attraction less, health problems go up, testosterone levels suffer. Then add in all the metoo movement and other social changes in the wake and you have a large group of fat, unhealthy and dysfunctional men.",high_disagreement,3,1.584962500721156,0.6666666666666667,1.0,1.0,1.0,"[7114, 8157, 5270]","[1.0, 0.0, 2.0]"
6623,"Maybe that's why he's the fastest, he gets away from gays fast as possible like a homophobe",high_disagreement,4,1.0,0.5,1.0,1.0,1.1547005383792515,"[6180, 9991, 5971, 7570]","[0.0, 0.0, 2.0, 2.0]"
39635,"@Franklin_Graham Yes, you fake Christian hate mongers",high_disagreement,3,1.584962500721156,0.6666666666666667,1.0,1.0,1.0,"[284, 3295, 896]","[1.0, 2.0, 0.0]"
30542,"Islam's holy land to be used to attack yet another Muslim country by the US and its coalition of imperialists, despots and terrorists?",high_disagreement,3,1.584962500721156,0.6666666666666667,1.0,1.0,1.0,"[2693, 6767, 981]","[2.0, 0.0, 1.0]"
37098,There's no need to argue. Niggas just don't understand.,high_disagreement,3,1.584962500721156,0.6666666666666667,1.0,1.0,1.0,"[8460, 10046, 2811]","[2.0, 1.0, 0.0]"
45282,It'd be pretty sweet if all the racists just offed themselves on the same day. Pos,high_disagreement,3,1.584962500721156,0.6666666666666667,1.0,1.0,1.0,"[8580, 7715, 9454]","[2.0, 1.0, 0.0]"
34326,niggas don't eat ass but somehow i keep getting mine ate🤷🏽‍♀️ somebody lying. URL,high_disagreement,3,1.584962500721156,0.6666666666666667,1.0,1.0,1.0,"[513, 2587, 10944]","[1.0, 2.0, 0.0]"
41634,"So this is the bigot channel. Uneducated morons. Just like the youth in America you whine about, you are the problem. You have no respect for anyone. Truly classless trash. Your hillbilly folk must be proud.",high_disagreement,4,1.0,0.5,1.0,1.0,1.1547005383792515,"[7284, 7448, 7030, 4096]","[2.0, 2.0, 0.0, 0.0]"
6255,Indeed. We are being invaded at unprecedented levels. Tens of thousands a day. We need to get the wall and we need to treat this invasion like what it is. Send in the military and force deport them all.,high_disagreement,3,1.584962500721156,0.6666666666666667,1.0,1.0,1.0,"[5546, 6043, 8902]","[1.0, 0.0, 2.0]"
22415,Christ killers are not arbiters of morality,high_disagreement,4,1.5,0.5,1.25,1.5,0.9574271077563381,"[2890, 6061, 10098, 736]","[1.0, 0.0, 2.0, 2.0]"
41841,"@Harry Balls there's no such thing as black people. Israelites are not envious of disgusting white people who burn in the sun and get boils and lice. You came from cavemen, and still are cavemen. Your destiny is 1,000 years of slavery, and then God will destroy you. God literally calls you satan in the bibe, the man of sin, the antichrist, the HEATHEN.",high_disagreement,4,1.5,0.5,1.0,1.0,0.816496580927726,"[2506, 1765, 3649, 8458]","[2.0, 1.0, 1.0, 0.0]"
29221,LMFAOOOO your really gonna have to do better than fat and ugly😭😭 at least I post myself on social media.. you're a dumbass white boy who probably lives in his moms basement.. don't you have a trump rally to attend? Probably a 25 yr old virgin.. go get some pussy please. URL,high_disagreement,4,1.0,0.5,1.0,1.0,1.1547005383792515,"[1951, 11113, 1456, 4852]","[0.0, 2.0, 2.0, 0.0]"
46630,"Turing and his team were vital, it is a shame after helping bring down the nazi empire he was subject to chemical castration just for being gay. dude liked some dick, who gives a fuck, he just kicked the shit out of the nazis",high_disagreement,4,1.5,0.5,1.25,1.5,0.9574271077563381,"[4306, 5960, 10106, 6946]","[2.0, 1.0, 0.0, 2.0]"
49888,"If you want Mexico , move there you stupid fucks. They should all be arrested.",high_disagreement,4,1.0,0.5,1.0,1.0,1.1547005383792515,"[5589, 2170, 2388, 4873]","[0.0, 0.0, 2.0, 2.0]"
13279,"They better wake up as soon as possible, start deporting these animals, or hell, if you have to, start getting a bit forceful and kill them. These people wanna wipe out the native Europeans? Well, its time to say no and to start getting rid of these animals.",high_disagreement,4,1.0,0.5,1.0,1.0,1.1547005383792515,"[5081, 2457, 3485, 6296]","[0.0, 2.0, 2.0, 0.0]"
46491,Jon forgot to say No Homo,high_disagreement,3,1.584962500721156,0.6666666666666667,1.0,1.0,1.0,"[7888, 444, 3285]","[2.0, 0.0, 1.0]"
37698,"@RyanAFournier God isnt banned chief People who utilize religion/ ""jesus"" to justify hate deserve the attention Guns in the hands of radicalized, right wing, domestic white terrorist absolutely *IS* the problem",high_disagreement,4,1.0,0.5,1.0,1.0,1.1547005383792515,"[7527, 8496, 4632, 1994]","[2.0, 0.0, 0.0, 2.0]"
49821,She just made that house negro look like a incompetent clown.,high_disagreement,4,1.0,0.5,1.0,1.0,1.1547005383792515,"[2735, 10646, 9120, 1247]","[0.0, 2.0, 2.0, 0.0]"
14855,"I'd like to bring 3-4 friends and gang bang her, DP her, spit roast her and pump her holes full of load after load of cum.",high_disagreement,4,1.5,0.5,0.75,0.5,0.9574271077563382,"[6786, 2629, 10428, 5096]","[0.0, 0.0, 2.0, 1.0]"
609,You're also mentally retarded,high_disagreement,4,1.5,0.5,1.0,1.0,0.816496580927726,"[6585, 9155, 7511, 9644]","[1.0, 0.0, 2.0, 1.0]"
6601,"Yep, very sad. This is the perfect example of how pieces of shit like this are normalizing hate. They want to make it acceptable to call people queers and other slurs. It's okay because he was jUzT kIdDiNg GuYz!!11!! The hatred a good portion of Crowder's audience has for women, LGBTQ people, and non-whites is no joke. Then he instills more hatred and bitterness in the sheep by dog whistling to their persecution complexes when he whines about censorship. Crowder knew what he was doing every step of the way.",high_disagreement,3,1.584962500721156,0.6666666666666667,1.0,1.0,1.0,"[8946, 5206, 3906]","[1.0, 2.0, 0.0]"
18382,"Ban Yanks from the rest of the world, if they don't want to follow the laws of other countries while there.",high_disagreement,3,1.584962500721156,0.6666666666666667,1.0,1.0,1.0,"[616, 7392, 4846]","[2.0, 1.0, 0.0]"
14549,Arrest them at the border and put them in cages.,high_disagreement,4,1.5,0.5,0.75,0.5,0.9574271077563381,"[1408, 10181, 9861, 6581]","[1.0, 0.0, 2.0, 0.0]"
38130,"Women really should shoot their shot more often. Why wait for a ngga to pick you, pick that ngga sis.",high_disagreement,4,1.0,0.5,0.5,0.5,0.5773502691896257,"[9382, 7932, 8545, 253]","[1.0, 1.0, 0.0, 0.0]"
7778,I just realized what a bunch of delusional wiggers there are on this sub LMAO,high_disagreement,3,1.584962500721156,0.6666666666666667,1.0,1.0,1.0,"[707, 6266, 2529]","[2.0, 1.0, 0.0]"
25949,"@mychalmassie @IlhanMN @Ilhan Ilhan, either assimilate into the customs and cultures of Americans or remove yourself from office. Thus far, your actions show you're on a mission to impose Sharia law on America. Alert! We will not allow you to get us even the tiniest bit pregnant with Sharia. So stop it now!!",high_disagreement,4,1.5,0.5,1.25,1.5,0.9574271077563381,"[1741, 11013, 3965, 9344]","[0.0, 1.0, 2.0, 2.0]"
39208,Girls are fucking cunts,high_disagreement,4,1.5,0.5,1.25,1.5,0.9574271077563381,"[3914, 1911, 2995, 3274]","[2.0, 0.0, 1.0, 2.0]"
48446,They're red because they're white,high_disagreement,3,1.584962500721156,0.6666666666666667,1.0,1.0,1.0,"[1748, 948, 5145]","[2.0, 0.0, 1.0]"
21863,Some ideas to do about illegals flooding borders. RT until Pres HEARS them loudly!!!,high_disagreement,4,1.0,0.5,0.5,0.5,0.5773502691896257,"[10737, 405, 4745, 7611]","[0.0, 1.0, 1.0, 0.0]"
19326,Fuck this ladies life.,high_disagreement,3,1.584962500721156,0.6666666666666667,1.0,1.0,1.0,"[10188, 2003, 1027]","[0.0, 2.0, 1.0]"
8810,You are a fucking fucker. Burn in asian hell,high_disagreement,3,1.584962500721156,0.6666666666666667,1.0,1.0,1.0,"[5387, 6612, 3946]","[0.0, 2.0, 1.0]"
43676,Mayor McCheese lol can you make sure the money comes from the Africans who sold they're own into slavery,high_disagreement,3,1.584962500721156,0.6666666666666667,1.0,1.0,1.0,"[8807, 2037, 2305]","[2.0, 1.0, 0.0]"
11176,"Shitass, black&white ass, bitch ass",high_disagreement,5,1.3709505944546687,0.4,0.6,0.0,0.8944271909999159,"[7501, 4755, 8363, 3830, 3590]","[1.0, 0.0, 0.0, 2.0, 0.0]"
19276,Trash ass kids,high_disagreement,4,1.0,0.5,1.5,1.5,0.5773502691896257,"[4078, 2871, 2841, 10728]","[1.0, 2.0, 2.0, 1.0]"
3653,You have to admire queers like this. They just want to fuck each other in the ass with dignity and respect. Meanwhile Nana is out there biting young women. Anthony wishes he had this much class,high_disagreement,4,1.5,0.5,1.25,1.5,0.9574271077563382,"[2187, 9821, 9045, 7185]","[0.0, 2.0, 2.0, 1.0]"
32757,i hate dumb bitches URL,high_disagreement,3,1.584962500721156,0.6666666666666667,1.0,1.0,1.0,"[11035, 8336, 2067]","[2.0, 0.0, 1.0]"
27980,I stg you couldn't pay this nigga to leave me alone 🥴,high_disagreement,4,1.5,0.5,1.25,1.5,0.9574271077563382,"[9946, 1933, 4052, 2541]","[0.0, 2.0, 2.0, 1.0]"
48968,but the crazy black men still making the city streets unsafe. we should send them back ASAP@Andre Suston,high_disagreement,4,1.0,0.5,1.0,1.0,1.1547005383792515,"[6309, 2904, 5765, 8795]","[0.0, 2.0, 2.0, 0.0]"
23517,what are cishet aces even talking abt bitch i'm gnna k*ll u,high_disagreement,3,1.584962500721156,0.6666666666666667,1.0,1.0,1.0,"[2949, 548, 4337]","[1.0, 0.0, 2.0]"
45123,+donrainesoh i didnt use a homophobic slur though. I asked if your butt buddies fed you too many crayons. Why are you being so damn triggered my guy?,high_disagreement,3,1.584962500721156,0.6666666666666667,1.0,1.0,1.0,"[603, 7553, 9682]","[2.0, 1.0, 0.0]"
43697,Fuck Donald Trump !fuck white America! Fuck white nationalism! Fuck Bullies!,high_disagreement,3,1.584962500721156,0.6666666666666667,1.0,1.0,1.0,"[7893, 2965, 1656]","[1.0, 0.0, 2.0]"
21497,"Oh, my. USA whore empire is playing with fire provoking my beloved China through using Taiwan as a tool. I don't wanna die and that's why I extremely abhor USA and UK whore empire. I desperately Jesus come back now immediately for consuming USA and UK through solar superstorm.",high_disagreement,4,1.5,0.5,0.75,0.5,0.9574271077563381,"[7359, 8677, 10261, 2980]","[1.0, 0.0, 0.0, 2.0]"
16172,The most retarded thing about him saying that is that if he had waited to bitch about it on the show then he probably wouldn't have been fired. He constantly said racist shit. Nobody that cared enough listened. But he took his shit to Twitter and the masses saw it. So Sirius did what they had to and should have done.  Ant is gay.,high_disagreement,4,1.5,0.5,1.25,1.5,0.9574271077563381,"[4135, 9987, 6556, 2988]","[0.0, 1.0, 2.0, 2.0]"
38822,"Let the whore know her place as you flud every hole she's got, ussing her precious hair as a grip while you litteraly fuck her brains out URL",high_disagreement,3,1.584962500721156,0.6666666666666667,1.0,1.0,1.0,"[338, 2393, 8842]","[1.0, 0.0, 2.0]"
47518,"It's time to wipe Iran off of the map. I'm ready to do my part, let's go.",high_disagreement,4,1.0,0.5,1.0,1.0,1.1547005383792515,"[1969, 573, 3367, 2115]","[2.0, 0.0, 0.0, 2.0]"
16455,I'd like to shove a tampon in your cunt mouth lol,high_disagreement,3,1.584962500721156,0.6666666666666667,1.0,1.0,1.0,"[5028, 2704, 10644]","[1.0, 2.0, 0.0]"
28433,bisexual escorts las vegas twink cockslave free adult twinks club gay homosexual marriage strip wife URL,high_disagreement,4,1.5,0.5,0.75,0.5,0.9574271077563381,"[4639, 3056, 6427, 2654]","[1.0, 0.0, 2.0, 0.0]"
41893,Hopefully immigrants will shoot any ICE agent who shows up at their door.,high_disagreement,3,1.584962500721156,0.6666666666666667,1.0,1.0,1.0,"[10037, 98, 6224]","[1.0, 0.0, 2.0]"
30834,after a breakup niggas go fw the hoe they talked the most shit about 😂,high_disagreement,4,1.0,0.5,1.0,1.0,1.1547005383792515,"[2451, 4165, 7793, 8990]","[2.0, 2.0, 0.0, 0.0]"
40218,Indians go to hell,high_disagreement,4,1.5,0.5,1.25,1.5,0.9574271077563381,"[7173, 4630, 5710, 5502]","[1.0, 2.0, 0.0, 2.0]"
13028,A similar picture with a black dude would have a larger penis and the same exact gun because he broke in to the white dudes house and stole it.,high_disagreement,4,1.5,0.5,0.75,0.5,0.9574271077563381,"[2184, 1931, 9299, 5425]","[1.0, 0.0, 2.0, 0.0]"
49735,We should have sent all blacks back to Africa after the civil war.,high_disagreement,3,1.584962500721156,0.6666666666666667,1.0,1.0,1.0,"[861, 5959, 10089]","[0.0, 2.0, 1.0]"
48050,@Airport Documentaries Why would Allah test people?,high_disagreement,4,1.5,0.5,1.25,1.5,0.9574271077563381,"[3298, 7936, 5782, 6434]","[1.0, 2.0, 0.0, 2.0]"
43891,send the illegal alien Invaders back to where they came from we are too overloaded who the heck is going to pay for them?,high_disagreement,3,1.584962500721156,0.6666666666666667,1.0,1.0,1.0,"[4747, 9421, 7976]","[1.0, 2.0, 0.0]"
38892,"I can't stress it enough, a #sissy should lock her useless #clitty in #chastity. Sissies can only cum in their cage while being fucked in their #boipussy #sissyslut #sissyslave #sissification #feminization #sissytraing #crossdressing #cumslut #sissified #sissygasm #sissyboy URL",high_disagreement,4,1.0,0.5,1.0,1.0,1.1547005383792515,"[2559, 5046, 8570, 371]","[0.0, 2.0, 0.0, 2.0]"
28785,Bitches with ugly kids kill me,high_disagreement,3,1.584962500721156,0.6666666666666667,1.0,1.0,1.0,"[410, 10272, 8812]","[1.0, 2.0, 0.0]"
28987,"@cathmckenna A lying privileged white girl who steals from the Canadian taxpayers and SHOOTS more SHIT into the oceans talking about ""Conservative"" waste...really MCKENNA....REALLY!SMFH",high_disagreement,4,1.0,0.5,1.0,1.0,1.1547005383792515,"[5685, 1848, 3126, 7437]","[2.0, 2.0, 0.0, 0.0]"
18738,Them muslims fuck up now,high_disagreement,4,1.5,0.5,0.75,0.5,0.9574271077563382,"[5054, 1859, 10176, 5558]","[2.0, 0.0, 0.0, 1.0]"
11480,your out fit need not be to much. it needs to show what a slut you are. nipple clamps and a white body suit so when you bend over the material pulls tight and presses into your pussy.. making your lips push either side of it.,high_disagreement,4,1.5,0.5,1.25,1.5,0.9574271077563382,"[5684, 1702, 2613, 9581]","[2.0, 2.0, 0.0, 1.0]"
45829,Bianca Devins led on this unstable dude and made out with some other dude at the concert. She then told him she was using him and fucking six other guys on the side. This is what happens when your degenerate society teaches girls to be shameless whores and boys to be beta cucks.,high_disagreement,3,1.584962500721156,0.6666666666666667,1.0,1.0,1.0,"[5135, 4717, 4277]","[2.0, 1.0, 0.0]"
41054,"Okay surrreee, fking dirty ass Russian... go back to your shit hole country and stay there in the snow ;)",high_disagreement,4,1.0,0.5,1.0,1.0,1.1547005383792515,"[10484, 4702, 5153, 7344]","[0.0, 2.0, 0.0, 2.0]"
19038,"why women say its not true and personality is why we get rejected by them and plus ugly girls can get laid and get dates as easy as a Chad, so dont compare please.",high_disagreement,4,1.0,0.5,0.5,0.5,0.5773502691896257,"[5363, 5272, 291, 9434]","[0.0, 1.0, 1.0, 0.0]"
16288,"""IF I FAP MY TINY WITTWE COCK WIVE ONWINE SOME HOT GIWW WIWW TOTAWWY WOVE IT"" You awe fucking mentawwy handicapped. Any, and I mean ANY dude that jewks off on wive chat sites is a wow-wife and a FUCKING STUPID FUCKING DUMBFUCK. YOU AWE NOT ATTWACTIVE YOU FUCKING NASTY ASS WANKSTAIN",high_disagreement,4,1.5,0.5,1.25,1.5,0.9574271077563381,"[680, 8377, 1251, 4042]","[2.0, 2.0, 1.0, 0.0]"
18048,"That's just feminist baiting. Imagine if a man were to say a dickhead has no brain but can accomplish more than any woman (Don't even need to say ***white*** women, lets keep racism out of misogyny)",high_disagreement,3,1.584962500721156,0.6666666666666667,1.0,1.0,1.0,"[2738, 10531, 6297]","[1.0, 2.0, 0.0]"
49777,Lady nobody f****** today cares about Lewis and Clark or any of the other freaking pressure trying to bring to the table we're talkin about today and those people don't matter because they're not live anymore so quit trying to make bulshit you trying to make something out of nothing that's why I don't like you old women that have menopause in charge because y'all make stupid crazy decisions did punish the American people,high_disagreement,4,1.5,0.5,1.25,1.5,0.9574271077563381,"[858, 25, 7806, 2494]","[2.0, 1.0, 2.0, 0.0]"
33820,She 19 with an onlyfans she aint even try at life before being a whore,high_disagreement,3,1.584962500721156,0.6666666666666667,1.0,1.0,1.0,"[4316, 6636, 7710]","[0.0, 2.0, 1.0]"
19082,How do these idiots not stop and realize how profoundly anti women this is. To think you can just buy womanhood off a shelf and proclaim yourself one. To ignore how much time and work these women put in to look the way they do only to have some dude with a dick come in and say he's one of them.,high_disagreement,4,1.5,0.5,1.25,1.5,0.9574271077563381,"[8893, 4196, 404, 9142]","[2.0, 1.0, 0.0, 2.0]"
40673,I don't want to hear discussion about illegal immigration I WANT FUKING ACTION! And quit spending my tax dollars on these illegal vermin when we have millions of our own hurting badly.,high_disagreement,3,1.584962500721156,0.6666666666666667,1.0,1.0,1.0,"[2694, 9069, 6756]","[2.0, 1.0, 0.0]"
18649,CA cucked hard. They appointed tranny mods.,high_disagreement,3,1.584962500721156,0.6666666666666667,1.0,1.0,1.0,"[8983, 10836, 8166]","[0.0, 2.0, 1.0]"
25916,mannn i'm finna turn into a whole nigga when it drops,high_disagreement,4,1.5,0.5,1.25,1.5,0.9574271077563381,"[1928, 7778, 5951, 8621]","[1.0, 2.0, 0.0, 2.0]"
8203,"I feel like it kinda is. Idk it's complicated. The whole conspiracy genre is soaking in anti semitic influence, seems like half the conspiracies just took shit from the Protocols and replaced ""Jews"" with some fantastical beast or the illuminati",high_disagreement,3,1.584962500721156,0.6666666666666667,1.0,1.0,1.0,"[3545, 10838, 10980]","[2.0, 1.0, 0.0]"
22090,Queer parade to take place in central Seoul on Saturday - Korea Times URL,high_disagreement,3,1.584962500721156,0.6666666666666667,1.0,1.0,1.0,"[8149, 2883, 1401]","[1.0, 2.0, 0.0]"
12623,Holy fucking shit. Lefties and Conservative fucks are all the same. Destiny was right. It's been 3 years since there was another white guy added to the game. They're acting the same fucking way that gamer bros did when Tracer/Soldier were LGBTQ. Fucking christ. It's mostly women too...which just makes me more triggered because I try to defend them the most and now I feel like I'm going to on some SquadW incel rant rampage.  Fuck all of them.,high_disagreement,3,1.584962500721156,0.6666666666666667,1.0,1.0,1.0,"[9409, 3334, 10903]","[0.0, 1.0, 2.0]"
15606,"""I have a gay friend"" And they're a dipshit for being friends with a homophobe like you lmao",high_disagreement,3,1.584962500721156,0.6666666666666667,1.0,1.0,1.0,"[8932, 4591, 6047]","[0.0, 1.0, 2.0]"
49482,His jew lawyer also had sexual charges against him,high_disagreement,4,1.0,0.5,1.0,1.0,1.1547005383792515,"[6047, 10844, 9848, 4868]","[2.0, 0.0, 0.0, 2.0]"
7852,"Men don't wanna hang out with men, men don't want to fuck men, women don't wanna hang out with men unless money is involved, men are really shit.",high_disagreement,4,1.0,0.5,1.0,1.0,1.1547005383792515,"[6650, 2715, 8838, 5629]","[2.0, 0.0, 2.0, 0.0]"
41092,She doesn't like America. Or Americans.. send her back.,high_disagreement,3,1.584962500721156,0.6666666666666667,1.0,1.0,1.0,"[8066, 1560, 6547]","[0.0, 2.0, 1.0]"
7677,gay bestiality necrophilia,high_disagreement,4,1.5,0.5,1.25,1.5,0.9574271077563381,"[3473, 10626, 7741, 8116]","[0.0, 1.0, 2.0, 2.0]"
6948,She's a fuck toy cock whore who loves sucking dick,high_disagreement,4,1.0,0.5,1.0,1.0,1.1547005383792515,"[9415, 1035, 489, 221]","[2.0, 2.0, 0.0, 0.0]"
43363,Y'all are gay asf women ain't shit,high_disagreement,4,1.5,0.5,1.25,1.5,0.9574271077563381,"[7265, 7813, 7130, 853]","[0.0, 1.0, 2.0, 2.0]"
19238,"ill have you know i have a super high IQ, i went to the gifted school in middle school, so im probably smarter than you anyway, so if im dumber than black people you are probably, what, a fast food cashier?",high_disagreement,3,1.584962500721156,0.6666666666666667,1.0,1.0,1.0,"[1719, 10177, 8]","[0.0, 1.0, 2.0]"
10130,play this as loud as possible URL and try to stimulate yourself placing a pen under your cunt so that it sits in between your labias,high_disagreement,3,1.584962500721156,0.6666666666666667,1.0,1.0,1.0,"[8502, 2724, 10201]","[2.0, 0.0, 1.0]"
1559,"Fuck you, you autistic child, your face looks like one that needs to be punched, can you even see when you pretend to smile",high_disagreement,3,1.584962500721156,0.6666666666666667,1.0,1.0,1.0,"[8830, 3695, 200]","[1.0, 2.0, 0.0]"
41410,THIS NIGGA IS ACTUALLY FUCKED IN THE HEAD,high_disagreement,3,1.584962500721156,0.6666666666666667,1.0,1.0,1.0,"[10295, 9190, 6754]","[0.0, 1.0, 2.0]"
48507,This is a new attempts by whites to recapture Africa a Sudo endless lies no my friends humanity was found in Africa they spread and Concorde the rest of the world what ever change happened to their feature is mostly inviromental and natural progration of human genome no more laying and destorting human history,high_disagreement,3,1.584962500721156,0.6666666666666667,1.0,1.0,1.0,"[3356, 7541, 4788]","[2.0, 1.0, 0.0]"
45912,Hell yes! Those Communist Russians may have beat us to Adolf Hitlers bunker. But we beat them to the moon.,high_disagreement,3,1.584962500721156,0.6666666666666667,1.0,1.0,1.0,"[665, 10672, 1905]","[2.0, 0.0, 1.0]"
15172,They make Indians look really bad. That's why no one likes them. Especially the Indian terrorist. Indian people are toxic to society,high_disagreement,4,1.5,0.5,0.75,0.5,0.9574271077563382,"[2239, 7981, 10323, 2853]","[2.0, 0.0, 0.0, 1.0]"
47222,they all seem pretty gay.,high_disagreement,4,1.5,0.5,0.75,0.5,0.9574271077563381,"[985, 2426, 9532, 8293]","[0.0, 2.0, 1.0, 0.0]"
33974,@Chiefff_Dshilly @dshillllyy_ I'm already knowing that's why bitches need to learn to keep they mouth SHUT,high_disagreement,3,1.584962500721156,0.6666666666666667,1.0,1.0,1.0,"[8918, 6111, 7258]","[2.0, 1.0, 0.0]"
28577,"@BComeUsefulWord @awwadsalotaibi In your fucking country guys with swords would cut her head off. So fuck you, saudi arabian islamo fascist",high_disagreement,4,1.5,0.5,0.75,0.5,0.9574271077563382,"[9745, 7438, 3344, 1596]","[2.0, 0.0, 0.0, 1.0]"
44044,White people gonna gag when the geography change and coming in from Europe will get u deported right back to the region that don't know how to cook with flavor. Go back to ur snails on toast!,high_disagreement,4,1.5,0.5,0.75,0.5,0.9574271077563382,"[1876, 2661, 6502, 10354]","[2.0, 0.0, 0.0, 1.0]"
29527,White Small Little Invisible Clits Are A Disgrace 🤢 Pay Me For You Having Such a Small Disgraceful Useless Object  Kik GoddesssJayy  #Findom #Sph #Whiteslave #Humiliation #Pindick #Cashslave #Cuck #Cuckold #EbonyDomme,high_disagreement,4,1.5,0.5,1.25,1.5,0.9574271077563381,"[2171, 463, 10776, 9979]","[0.0, 2.0, 1.0, 2.0]"
9157,In area 51 are only black aliens as slaves. I'm not black,high_disagreement,3,1.584962500721156,0.6666666666666667,1.0,1.0,1.0,"[2618, 520, 6905]","[0.0, 1.0, 2.0]"
49973,Only a completely brainwashed idiot would think that this will solve anything.  I wish they would have done the same thing when ALL tHE European RATS come over from Europe at the turn of the 19th century... Karma is a Queen without her crown....,high_disagreement,3,1.584962500721156,0.6666666666666667,1.0,1.0,1.0,"[5090, 10733, 952]","[0.0, 1.0, 2.0]"
8393,Thats porkistan you turd flinging monkey . Stop spreading lies you imbecile . I wonder why paki skanks dont abort their children more you porkistani scum are disgusting dirty shit reaking scum. Paki sluts are the best for practicing to fuck espexailly the conservatives one lol. I know so many Hindu men butt fucking porkistani skanks that are married and throat fucking them . Paki women love sucking our lund while dread the thought of even touching you inbred low iq beta porkistani insecure male.,high_disagreement,5,1.3709505944546687,0.4,1.4,2.0,0.8944271909999159,"[6873, 4380, 1320, 6870, 1352]","[2.0, 2.0, 0.0, 2.0, 1.0]"
2585,"You're a dirty filthy disgusting slut that dresses up to make herself feel sexy when in fact you're just a dirty common little fuck whore, a cock sleeve that deserves nothing more than to have cocks shoved in every hole. Your tits are pathetic, your nipples hardly perky so god knows what state your skanky cunt will be in.",high_disagreement,4,1.5,0.5,1.0,1.0,0.816496580927726,"[6878, 4546, 10658, 1299]","[1.0, 1.0, 2.0, 0.0]"
10827,isreal should go fuck themselves up the ass,high_disagreement,4,1.5,0.5,0.75,0.5,0.9574271077563381,"[8261, 9628, 9318, 2099]","[0.0, 0.0, 1.0, 2.0]"
36649,i dont trust these hoes so i fuck myself,high_disagreement,4,1.5,0.5,1.25,1.5,0.9574271077563381,"[8662, 1651, 7195, 10687]","[1.0, 2.0, 0.0, 2.0]"
2444,You fucking garbage slut. Send me a PM if you want to be treated like the fucktoy cumdumpster you are.,high_disagreement,3,1.584962500721156,0.6666666666666667,1.0,1.0,1.0,"[205, 11105, 7566]","[0.0, 1.0, 2.0]"
2203,There are entire countries in Africa with an average IQ of 70. You'd basically be calling for the genocide of millions of people.,high_disagreement,3,1.584962500721156,0.6666666666666667,1.0,1.0,1.0,"[7851, 1260, 6690]","[2.0, 0.0, 1.0]"
45693,"The signs say oppose tommy, yet he is the only one who speaks up for them. The pakistani Muslims will rape their daughters and destroy the English people!",high_disagreement,3,1.584962500721156,0.6666666666666667,1.0,1.0,1.0,"[8214, 9825, 1613]","[2.0, 0.0, 1.0]"
16490,Can you believe the Catholics actually sold tickets to heaven? How many people went to hell for their greed? Catholicism is of the devil,high_disagreement,3,1.584962500721156,0.6666666666666667,1.0,1.0,1.0,"[2170, 2388, 4873]","[0.0, 2.0, 1.0]"
48761,"It's a proven fact that all warriors fans are gay, if your homie wearing a curry Jersey leave his bitch ass at the home, dont need that embarrassment around, if you wearing a curry Jersey you might as well wear a sign that say hey I take it in the ass😂",high_disagreement,4,1.5,0.5,0.75,0.5,0.9574271077563381,"[6878, 4546, 10658, 8402]","[1.0, 0.0, 2.0, 0.0]"
11704,fucking lesbians. i will fuck you both into ass,high_disagreement,3,1.584962500721156,0.6666666666666667,1.0,1.0,1.0,"[4659, 6709, 2713]","[2.0, 0.0, 1.0]"
11272,The named chad is now a term for muscular and attractive men. This re branding has been done by the incel community.,high_disagreement,3,1.584962500721156,0.6666666666666667,1.0,1.0,1.0,"[1081, 5689, 5685]","[0.0, 2.0, 1.0]"
12622,"What if I said nobody cares about blacks and they should just kill, cannibalizes, rape and murdered each other like the scum they are. Thanks",high_disagreement,4,1.5,0.5,0.75,0.5,0.9574271077563382,"[9880, 10637, 5888, 988]","[0.0, 2.0, 0.0, 1.0]"
38974,@ChocolateJ23 Where the Niggas that do that point me in they direction 😩😩,high_disagreement,4,1.0,0.5,1.0,1.0,1.1547005383792515,"[694, 7954, 7498, 9466]","[0.0, 0.0, 2.0, 2.0]"
7897,That's not a pussy of a college slut that's the blown out well used pussy of a 40yr hotwife that only takes 10in cocks.,high_disagreement,4,1.5,0.5,1.25,1.5,0.9574271077563381,"[1011, 11111, 10699, 3419]","[2.0, 2.0, 1.0, 0.0]"
18444,"""Probably because you were a bitter Betty and you sucked"".  This woman is batshit fucking CRAZY.",high_disagreement,3,1.584962500721156,0.6666666666666667,1.0,1.0,1.0,"[5734, 5523, 8744]","[0.0, 2.0, 1.0]"
34775,Nigga need to be euthanized,high_disagreement,3,1.584962500721156,0.6666666666666667,1.0,1.0,1.0,"[6038, 6241, 10381]","[0.0, 2.0, 1.0]"
2570,only fags play for paint cans,high_disagreement,4,1.0,0.5,1.0,1.0,1.1547005383792515,"[243, 10339, 9330, 10877]","[0.0, 2.0, 0.0, 2.0]"
43895,"Ask yourself, where are you better off, staying in your country of birth or living in America. If you are better off living in America, keep your mouth shut and refrain from complaining everyday. Otherwise go back to your country of origin. Stop being hypocrites. Some elements are dragging this country into hell because we gave them too much freedom to do so.",high_disagreement,4,1.0,0.5,1.0,1.0,1.1547005383792515,"[6157, 1913, 1054, 7997]","[2.0, 0.0, 0.0, 2.0]"
40374,GAY people are scientifically Mentally disturbed people...THE gay men act like women and the Lesbians act and dress like men..WTF,high_disagreement,4,1.0,0.5,0.5,0.5,0.5773502691896257,"[2488, 759, 8289, 2297]","[0.0, 1.0, 0.0, 1.0]"
37766,a bitch would really stalk your whole life behind a nigga that be ignoring them🥴,high_disagreement,3,1.584962500721156,0.6666666666666667,1.0,1.0,1.0,"[2457, 3485, 6296]","[0.0, 2.0, 1.0]"
19667,Do nuns still take vows of poverty these days? I know they are evil Catholics but that always blew my mind how the nuns had to do that but priests didn't. I think all pastors and religious figures should have to take vows of poverty.,high_disagreement,4,1.0,0.5,1.0,1.0,1.1547005383792515,"[6682, 8549, 7854, 7160]","[2.0, 0.0, 0.0, 2.0]"
48859,death to israel and british and usa,high_disagreement,4,1.0,0.5,1.0,1.0,1.1547005383792515,"[6108, 2441, 8834, 20]","[2.0, 0.0, 0.0, 2.0]"
30407,Sorry you peasants aren't making these men eat your ass. These niggas abusing your vaginas and beat you for face lmaoooo that ok y'all do that while I push their face in my butt 🙂,high_disagreement,4,1.5,0.5,0.75,0.5,0.9574271077563381,"[610, 6864, 8276, 5414]","[1.0, 0.0, 0.0, 2.0]"
20043,"im ,i hate black people and minorities",high_disagreement,392,1.1586914729801343,0.3520408163265306,0.6479591836734694,0.0,0.9066652415430675,"[2689, 8201, 4901, 4603, 3963, 276, 1592, 9660, 11035, 727, 9862, 4851, 6488, 9710, 5074, 2753, 3652, 7768, 6947, 2269, 8788, 354, 6790, 9001, 3709, 54, 725, 9218, 5875, 5794, 8779, 4630, 5525, 2408, 8526, 1220, 7896, 3215, 1479, 9279, 8850, 8786, 6826, 3104, 9198, 8818, 2459, 117, 9104, 1589, 5227, 6780, 5647, 10428, 6277, 3599, 221, 8351, 1741, 9266, 7181, 1630, 4078, 3647, 6564, 9306, 10306, 9428, 6666, 8726, 1520, 3156, 9414, 1359, 1683, 10423, 2554, 4318, 5055, 10724, 10519, 3424, 9995, 9542, 2865, 5651, 10437, 6738, 6249, 8436, 9725, 3134, 2959, 6055, 3633, 9892, 5447, 1926, 901, 6885, 6994, 2887, 323, 10452, 57, 5097, 923, 11028, 9997, 6502, 9045, 1398, 10071, 208, 8983, 5648, 2457, 4010, 9333, 6549, 10722, 6064, 10696, 4694, 2520, 2710, 3857, 1142, 2321, 5760, 928, 2558, 8933, 498, 4975, 10372, 9744, 10109, 4247, 3027, 6539, 6047, 10146, 937, 9819, 4974, 9672, 5680, 5438, 11042, 5337, 1526, 382, 7745, 1045, 8902, 9402, 3939, 439, 687, 6438, 5004, 69, 3362, 6636, 9971, 10626, 706, 1649, 1508, 1800, 3613, 1587, 4897, 5546, 10907, 4265, 6445, 7812, 5800, 10575, 340, 6684, 9644, 7182, 715, 7266, 9288, 9620, 9589, 5087, 568, 5624, 3731, 5891, 3264, 10642, 6245, 10119, 6105, 8713, 3115, 11119, 7628, 1140, 4163, 9222, 8061, 1008, 5172, 710, 5582, 5378, 4505, 2309, 4790, 10692, 7647, 4269, 7268, 10783, 10558, 11023, 2256, 6496, 768, 4556, 6969, 2518, 5698, 1943, 4228, 3769, 4710, 1974, 1825, 1560, 7788, 249, 2173, 142, 4577, 6172, 179, 3842, 5491, 4148, 10764, 1374, 10586, 8507, 4831, 2310, 6232, 3964, 1054, 4615, 11108, 936, 9767, 1266, 209, 1907, 2812, 7316, 3479, 5584, 7127, 4780, 8481, 3543, 5542, 719, 7537, 5231, 5261, 9141, 7322, 5456, 6228, 10640, 2465, 11032, 5153, 6872, 306, 8263, 6465, 2274, 9487, 9586, 5957, 5292, 2366, 6928, 9034, 4693, 8443, 3735, 7239, 2820, 9363, 7729, 1950, 3710, 8105, 7722, 7993, 1082, 5309, 6989, 8241, 5557, 2580, 1166, 4985, 8982, 3091, 3707, 6246, 10233, 6114, 8678, 269, 394, 9764, 10974, 14, 10522, 4580, 10261, 2665, 1510, 1459, 5704, 5825, 1939, 4066, 11045, 4448, 6981, 7452, 2450, 9355, 5560, 10557, 6878, 5805, 8496, 1938, 1942, 5552, 8085, 2039, 7691, 1784, 4090, 4092, 7140, 4995, 9668, 4342, 5746, 8686, 1660, 9558, 9292, 3455, 4656, 516, 7321, 128, 5602, 7433, 2195, 2222, 3261, 2706, 1743, 10206, 978, 5333, 1071, 900, 444, 2243, 5168, 5012, 5175, 6474, 10390, 3849]","[0.0, 0.0, 0.0, 2.0, 0.0, 2.0, 0.0, 0.0, 2.0, 2.0, 1.0, 0.0, 0.0, 0.0, 2.0, 0.0, 0.0, 2.0, 0.0, 0.0, 2.0, 2.0, 0.0, 2.0, 0.0, 0.0, 0.0, 2.0, 2.0, 0.0, 0.0, 0.0, 2.0, 0.0, 2.0, 0.0, 2.0, 0.0, 0.0, 0.0, 0.0, 0.0, 0.0, 0.0, 0.0, 2.0, 1.0, 0.0, 2.0, 0.0, 2.0, 0.0, 2.0, 2.0, 0.0, 2.0, 2.0, 2.0, 0.0, 2.0, 0.0, 2.0, 0.0, 0.0, 0.0, 0.0, 0.0, 0.0, 0.0, 0.0, 1.0, 0.0, 0.0, 0.0, 0.0, 2.0, 2.0, 1.0, 0.0, 2.0, 1.0, 2.0, 0.0, 0.0, 0.0, 0.0, 2.0, 2.0, 0.0, 0.0, 0.0, 0.0, 2.0, 2.0, 0.0, 0.0, 0.0, 0.0, 0.0, 2.0, 0.0, 0.0, 0.0, 2.0, 0.0, 2.0, 0.0, 2.0, 0.0, 0.0, 0.0, 0.0, 2.0, 0.0, 0.0, 2.0, 0.0, 2.0, 0.0, 0.0, 0.0, 0.0, 0.0, 0.0, 0.0, 0.0, 0.0, 2.0, 2.0, 0.0, 0.0, 0.0, 2.0, 0.0, 1.0, 2.0, 0.0, 2.0, 2.0, 0.0, 0.0, 2.0, 0.0, 2.0, 0.0, 0.0, 2.0, 2.0, 0.0, 1.0, 2.0, 0.0, 2.0, 2.0, 0.0, 2.0, 0.0, 2.0, 2.0, 0.0, 2.0, 2.0, 0.0, 2.0, 0.0, 0.0, 2.0, 0.0, 2.0, 0.0, 0.0, 0.0, 2.0, 0.0, 2.0, 1.0, 0.0, 0.0, 0.0, 2.0, 1.0, 1.0, 2.0, 0.0, 0.0, 0.0, 2.0, 1.0, 0.0, 0.0, 2.0, 0.0, 2.0, 0.0, 0.0, 0.0, 1.0, 2.0, 0.0, 0.0, 0.0, 2.0, 0.0, 0.0, 0.0, 0.0, 0.0, 0.0, 2.0, 0.0, 2.0, 0.0, 0.0, 0.0, 0.0, 0.0, 0.0, 0.0, 0.0, 0.0, 0.0, 0.0, 0.0, 0.0, 2.0, 0.0, 0.0, 0.0, 0.0, 0.0, 2.0, 0.0, 0.0, 2.0, 2.0, 0.0, 2.0, 0.0, 2.0, 0.0, 0.0, 0.0, 0.0, 0.0, 2.0, 0.0, 2.0, 0.0, 2.0, 2.0, 2.0, 0.0, 0.0, 0.0, 2.0, 0.0, 1.0, 1.0, 0.0, 0.0, 1.0, 0.0, 1.0, 0.0, 0.0, 0.0, 0.0, 2.0, 0.0, 0.0, 0.0, 0.0, 2.0, 0.0, 0.0, 0.0, 0.0, 2.0, 0.0, 0.0, 0.0, 0.0, 2.0, 2.0, 0.0, 0.0, 2.0, 0.0, 0.0, 0.0, 0.0, 0.0, 0.0, 0.0, 2.0, 2.0, 0.0, 0.0, 2.0, 0.0, 0.0, 0.0, 0.0, 0.0, 2.0, 2.0, 0.0, 0.0, 2.0, 0.0, 0.0, 0.0, 2.0, 0.0, 0.0, 0.0, 0.0, 1.0, 0.0, 2.0, 0.0, 1.0, 0.0, 1.0, 0.0, 0.0, 2.0, 0.0, 0.0, 0.0, 0.0, 0.0, 2.0, 0.0, 0.0, 0.0, 2.0, 0.0, 0.0, 0.0, 2.0, 0.0, 2.0, 2.0, 1.0, 0.0, 0.0, 0.0, 0.0, 2.0, 0.0, 0.0, 0.0, 0.0, 0.0, 0.0, 0.0, 0.0, 0.0, 1.0, 0.0, 0.0, 2.0, 2.0, 0.0, 2.0, 0.0, 2.0, 2.0, 0.0, 0.0, 0.0, 0.0, 2.0, 0.0, 0.0, 0.0, 0.0, 2.0, 0.0, 1.0, 0.0, 0.0, 0.0, 2.0, 0.0, 2.0, 2.0, 0.0, 2.0, 2.0, 0.0]"
726,Nice udders slut ... what about those fuck holes ?... coz whore like you is only worth her holes here,high_disagreement,4,1.0,0.5,1.0,1.0,1.1547005383792515,"[10310, 1962, 3709, 6532]","[2.0, 2.0, 0.0, 0.0]"
41045,FUK ASAP - he don't believe in black activists,high_disagreement,4,1.5,0.5,1.25,1.5,0.9574271077563381,"[6232, 10399, 6206, 10147]","[2.0, 1.0, 2.0, 0.0]"
20063,"Lady in the back Blinks when ""her"" camera red light goes on. Part of the tranny SHOW. Before ya deny...see: Transvestigations on Yt. Trannies are PROUD to show How It's Done!👍",high_disagreement,695,1.446534570438009,0.4863309352517986,0.8100719424460432,0.0,0.8958192171106735,"[4660, 527, 10615, 2576, 3948, 44, 7595, 5754, 8822, 1532, 1782, 10889, 6355, 7453, 3992, 10381, 1689, 9937, 8538, 2003, 1340, 7169, 9660, 7397, 3066, 1055, 4680, 727, 7547, 1985, 6632, 7668, 2248, 5673, 4061, 7906, 3989, 5228, 5074, 1685, 6386, 8746, 8388, 3945, 4469, 1002, 9024, 9040, 731, 3219, 9273, 7488, 1591, 1378, 3139, 5132, 835, 8727, 7970, 5024, 2484, 764, 344, 7554, 186, 4042, 3218, 556, 3887, 544, 9114, 6503, 4993, 8747, 3659, 11018, 6697, 3574, 6308, 479, 2388, 9858, 2180, 7240, 3821, 47, 2795, 10209, 6708, 4630, 7318, 8893, 7896, 9467, 7903, 343, 8027, 8550, 9774, 1357, 7750, 8463, 4406, 3884, 7605, 620, 8226, 7695, 8842, 10156, 5103, 8555, 4880, 10861, 7888, 7883, 10340, 9120, 8843, 3460, 3147, 10229, 2033, 9658, 10389, 6601, 2961, 6748, 4724, 384, 8799, 3332, 2533, 6616, 3464, 10695, 9367, 6193, 3156, 4425, 3906, 3341, 9587, 8689, 6866, 4261, 5504, 10819, 4888, 7006, 977, 2437, 7094, 2807, 8277, 4049, 6178, 721, 1847, 10480, 9995, 6026, 1372, 491, 9726, 8421, 9959, 5651, 1024, 2163, 10769, 8436, 10952, 2748, 9942, 8827, 503, 203, 2920, 1321, 9608, 6994, 7379, 5642, 9825, 7129, 6670, 2239, 3998, 9110, 3022, 5866, 9618, 4998, 7761, 8358, 1320, 7593, 11033, 10605, 42, 9902, 5614, 1084, 5646, 3459, 8302, 8825, 4526, 1190, 9434, 8265, 8983, 1600, 4845, 524, 5869, 2263, 3467, 3438, 10285, 11030, 8423, 3817, 3461, 8987, 10045, 1228, 10004, 9670, 7056, 10957, 3857, 10017, 1827, 1781, 8498, 1237, 2940, 1117, 4313, 3665, 3126, 3734, 4902, 9789, 9612, 8744, 190, 2558, 278, 10371, 4089, 1961, 1243, 7967, 8933, 3860, 10154, 1296, 10706, 4975, 11115, 8725, 8018, 2942, 1736, 4914, 5998, 6791, 6539, 4836, 10550, 7948, 10005, 8553, 9883, 10632, 10985, 3193, 7396, 10200, 7051, 2690, 717, 7471, 5246, 2691, 2778, 1536, 7387, 5148, 414, 3570, 10856, 4990, 9878, 2937, 10739, 7827, 1787, 8524, 4819, 2973, 7897, 4524, 8914, 11075, 8994, 4417, 5830, 3934, 7285, 5537, 3362, 716, 1122, 10711, 8780, 2028, 6301, 2977, 4351, 5288, 8419, 895, 6456, 914, 10679, 1587, 8738, 3530, 5858, 3762, 5285, 2934, 7812, 1300, 1115, 4183, 3268, 340, 1547, 9911, 9644, 1150, 5430, 5543, 3965, 10089, 10176, 6282, 6896, 2630, 6459, 2277, 5699, 10569, 10521, 2073, 9399, 10473, 4791, 1010, 362, 2190, 614, 2089, 7185, 9139, 519, 989, 2063, 6105, 2755, 851, 10265, 1567, 1933, 2836, 1201, 9823, 2936, 10893, 268, 4860, 2217, 5081, 756, 6792, 4738, 5383, 6111, 5582, 1725, 4504, 5378, 4794, 4497, 6367, 10619, 1921, 9017, 8268, 7462, 4209, 1472, 2303, 6310, 9415, 10558, 2649, 8011, 797, 2711, 2369, 9663, 10738, 496, 7797, 10567, 7841, 1711, 4377, 4556, 7527, 10815, 6980, 8844, 6750, 4255, 339, 5009, 8049, 9829, 8097, 5857, 10104, 5698, 6322, 10595, 11138, 3769, 2623, 1974, 10745, 3832, 3609, 11015, 9627, 6466, 2227, 1584, 9169, 5281, 9595, 10183, 988, 3450, 6935, 6479, 3757, 175, 6072, 2672, 8380, 2198, 5763, 3209, 5708, 1515, 7340, 4392, 1374, 7568, 7138, 8507, 1762, 3150, 1982, 11102, 7825, 1997, 4615, 10267, 10324, 9294, 3174, 3545, 1101, 5541, 11127, 8801, 9236, 4746, 1695, 4001, 10876, 48, 4690, 7861, 8, 10443, 5598, 2651, 6483, 5247, 1454, 8648, 6905, 7858, 5480, 6053, 9200, 598, 9604, 2888, 8407, 5516, 6804, 8466, 10133, 5456, 1083, 5100, 8934, 10328, 959, 2093, 9683, 2127, 7542, 9297, 2274, 698, 9586, 6264, 4714, 9583, 8402, 3105, 6153, 8424, 5235, 4842, 8207, 2475, 3735, 4835, 8871, 121, 7588, 3640, 1289, 5712, 4035, 7482, 7653, 2035, 3314, 10765, 6760, 9508, 6270, 7564, 7722, 811, 3473, 5479, 7104, 7345, 6366, 4799, 9684, 7367, 492, 3250, 5407, 11124, 2603, 3738, 5475, 4756, 3064, 1170, 824, 3128, 1885, 9016, 5202, 7310, 6975, 6953, 10264, 9914, 6317, 10387, 10365, 2838, 1931, 6536, 32, 1549, 2364, 11045, 4141, 9676, 6884, 8361, 3800, 9269, 5376, 8175, 441, 1032, 10557, 9397, 4012, 10486, 11098, 364, 9462, 4000, 2340, 4807, 8276, 5552, 1469, 7758, 5939, 2209, 9952, 6552, 8127, 17, 2515, 361, 1775, 10534, 1660, 7681, 10978, 9292, 6949, 3677, 9732, 1267, 3310, 4913, 4102, 7956, 2131, 495, 4006, 4045, 2098, 3245, 5945, 9731, 5649, 8634, 7198, 223, 8458, 896, 6348, 5014, 8624, 9327, 6540, 5981, 4512, 9576, 1217, 3336, 7833, 542, 9142, 2655, 93, 8181, 168, 6307, 10360, 3713, 2445, 9700, 7017, 15, 2595, 4889, 7150, 2428, 2342, 10864]","[2.0, 2.0, 2.0, 1.0, 0.0, 0.0, 1.0, 1.0, 1.0, 2.0, 0.0, 0.0, 0.0, 1.0, 0.0, 2.0, 2.0, 2.0, 0.0, 0.0, 0.0, 0.0, 1.0, 0.0, 2.0, 0.0, 2.0, 0.0, 1.0, 2.0, 0.0, 0.0, 0.0, 0.0, 1.0, 2.0, 2.0, 1.0, 1.0, 2.0, 0.0, 0.0, 1.0, 2.0, 1.0, 0.0, 0.0, 2.0, 0.0, 2.0, 2.0, 2.0, 0.0, 0.0, 2.0, 1.0, 2.0, 2.0, 2.0, 1.0, 1.0, 2.0, 0.0, 0.0, 2.0, 0.0, 0.0, 1.0, 1.0, 2.0, 2.0, 0.0, 1.0, 1.0, 0.0, 2.0, 0.0, 2.0, 2.0, 0.0, 2.0, 1.0, 2.0, 2.0, 1.0, 2.0, 0.0, 0.0, 0.0, 0.0, 0.0, 0.0, 0.0, 1.0, 0.0, 1.0, 0.0, 0.0, 0.0, 1.0, 2.0, 0.0, 2.0, 2.0, 0.0, 0.0, 0.0, 0.0, 2.0, 0.0, 2.0, 2.0, 0.0, 0.0, 0.0, 2.0, 0.0, 1.0, 0.0, 2.0, 2.0, 2.0, 2.0, 2.0, 2.0, 2.0, 0.0, 0.0, 0.0, 2.0, 1.0, 0.0, 2.0, 1.0, 0.0, 0.0, 2.0, 2.0, 2.0, 0.0, 2.0, 2.0, 0.0, 0.0, 1.0, 0.0, 0.0, 2.0, 0.0, 0.0, 0.0, 0.0, 0.0, 0.0, 2.0, 0.0, 1.0, 2.0, 0.0, 0.0, 2.0, 1.0, 0.0, 0.0, 2.0, 0.0, 2.0, 1.0, 1.0, 0.0, 0.0, 1.0, 0.0, 0.0, 0.0, 0.0, 2.0, 0.0, 0.0, 1.0, 2.0, 2.0, 0.0, 0.0, 2.0, 2.0, 1.0, 1.0, 2.0, 0.0, 0.0, 0.0, 2.0, 1.0, 0.0, 0.0, 0.0, 2.0, 0.0, 0.0, 0.0, 0.0, 0.0, 1.0, 0.0, 1.0, 1.0, 0.0, 2.0, 0.0, 1.0, 1.0, 0.0, 2.0, 2.0, 0.0, 2.0, 0.0, 0.0, 0.0, 1.0, 0.0, 1.0, 2.0, 0.0, 0.0, 2.0, 2.0, 0.0, 0.0, 0.0, 1.0, 2.0, 1.0, 1.0, 2.0, 0.0, 0.0, 2.0, 2.0, 0.0, 0.0, 0.0, 1.0, 0.0, 0.0, 0.0, 0.0, 0.0, 2.0, 0.0, 0.0, 0.0, 0.0, 2.0, 0.0, 2.0, 0.0, 0.0, 0.0, 0.0, 2.0, 2.0, 2.0, 2.0, 1.0, 1.0, 0.0, 0.0, 2.0, 2.0, 2.0, 0.0, 0.0, 2.0, 0.0, 0.0, 0.0, 0.0, 0.0, 1.0, 0.0, 2.0, 0.0, 0.0, 0.0, 2.0, 2.0, 0.0, 2.0, 0.0, 2.0, 2.0, 1.0, 0.0, 2.0, 1.0, 2.0, 0.0, 0.0, 2.0, 2.0, 0.0, 0.0, 2.0, 2.0, 1.0, 0.0, 0.0, 0.0, 2.0, 0.0, 0.0, 2.0, 0.0, 0.0, 1.0, 0.0, 0.0, 0.0, 0.0, 2.0, 0.0, 2.0, 1.0, 0.0, 2.0, 0.0, 0.0, 0.0, 0.0, 2.0, 0.0, 1.0, 2.0, 0.0, 0.0, 2.0, 2.0, 2.0, 0.0, 1.0, 0.0, 2.0, 1.0, 2.0, 0.0, 0.0, 2.0, 0.0, 2.0, 2.0, 0.0, 0.0, 0.0, 2.0, 1.0, 0.0, 0.0, 2.0, 0.0, 1.0, 2.0, 2.0, 0.0, 0.0, 1.0, 0.0, 2.0, 2.0, 0.0, 2.0, 2.0, 2.0, 0.0, 0.0, 0.0, 0.0, 2.0, 2.0, 0.0, 0.0, 2.0, 0.0, 0.0, 2.0, 0.0, 1.0, 0.0, 1.0, 2.0, 2.0, 2.0, 0.0, 0.0, 0.0, 0.0, 2.0, 0.0, 0.0, 1.0, 0.0, 2.0, 0.0, 1.0, 2.0, 0.0, 0.0, 2.0, 0.0, 1.0, 0.0, 0.0, 2.0, 2.0, 2.0, 0.0, 2.0, 0.0, 0.0, 2.0, 0.0, 0.0, 0.0, 2.0, 2.0, 2.0, 2.0, 0.0, 2.0, 0.0, 0.0, 0.0, 0.0, 0.0, 1.0, 0.0, 1.0, 2.0, 0.0, 2.0, 0.0, 1.0, 2.0, 1.0, 0.0, 2.0, 1.0, 0.0, 0.0, 0.0, 0.0, 0.0, 1.0, 2.0, 2.0, 1.0, 1.0, 2.0, 0.0, 2.0, 2.0, 2.0, 2.0, 0.0, 2.0, 0.0, 1.0, 0.0, 0.0, 1.0, 0.0, 1.0, 0.0, 1.0, 2.0, 2.0, 1.0, 0.0, 2.0, 2.0, 1.0, 0.0, 2.0, 0.0, 0.0, 2.0, 0.0, 2.0, 2.0, 0.0, 2.0, 0.0, 0.0, 2.0, 1.0, 0.0, 0.0, 1.0, 0.0, 2.0, 2.0, 0.0, 0.0, 0.0, 0.0, 0.0, 0.0, 2.0, 1.0, 2.0, 0.0, 2.0, 0.0, 1.0, 0.0, 0.0, 1.0, 0.0, 0.0, 1.0, 0.0, 0.0, 0.0, 0.0, 0.0, 0.0, 0.0, 0.0, 2.0, 1.0, 0.0, 2.0, 2.0, 2.0, 2.0, 0.0, 0.0, 1.0, 1.0, 0.0, 0.0, 1.0, 0.0, 0.0, 2.0, 1.0, 2.0, 2.0, 0.0, 1.0, 1.0, 1.0, 0.0, 0.0, 2.0, 0.0, 0.0, 0.0, 1.0, 0.0, 0.0, 0.0, 2.0, 2.0, 0.0, 0.0, 2.0, 2.0, 0.0, 0.0, 0.0, 1.0, 0.0, 1.0, 1.0, 2.0, 2.0, 2.0, 0.0, 1.0, 1.0, 2.0, 2.0, 0.0, 2.0, 2.0, 0.0, 0.0, 2.0, 0.0, 0.0, 0.0, 0.0, 0.0, 1.0, 2.0, 2.0, 2.0, 0.0, 0.0, 0.0, 0.0, 2.0, 0.0, 2.0, 0.0, 0.0, 0.0, 0.0, 0.0, 1.0, 0.0, 0.0, 0.0, 2.0, 0.0, 2.0, 0.0, 2.0, 2.0, 0.0, 2.0, 2.0, 1.0, 0.0, 0.0, 1.0, 0.0, 2.0, 0.0, 2.0, 0.0, 0.0, 0.0, 0.0, 0.0, 0.0, 0.0, 2.0, 0.0, 1.0, 0.0, 2.0, 2.0, 0.0, 2.0, 1.0, 1.0, 1.0, 0.0, 0.0, 0.0, 0.0, 0.0, 0.0, 0.0, 2.0, 2.0, 0.0, 2.0, 2.0, 2.0, 2.0, 0.0, 2.0, 0.0, 2.0, 0.0, 0.0, 0.0, 0.0, 0.0, 0.0, 0.0, 0.0, 1.0, 1.0, 0.0, 0.0, 2.0, 2.0, 1.0, 0.0, 2.0, 0.0, 0.0, 0.0, 0.0, 2.0, 0.0, 0.0, 2.0, 1.0, 0.0]"
6454,I'm usually against interracial couples.... but I don't think anyone is missing out here.,high_disagreement,3,1.584962500721156,0.6666666666666667,1.0,1.0,1.0,"[8923, 7545, 2563]","[2.0, 0.0, 1.0]"
11971,LOL imagine thinking I would donate to that lying hoe you yourself sound like one of her offline chat cucks must be white knight tier 3 sub. Getting fooled by a ethot hahahahahahaa loser,high_disagreement,4,1.5,0.5,1.25,1.5,0.9574271077563381,"[1682, 1678, 5407, 5395]","[2.0, 0.0, 1.0, 2.0]"
41486,Ann Owens no the majority of trump supporters believe in Jesus people like you will end up in hell in this life or when you die look on the bright side you will meet your master and be surrounded by all the gays you championed for all the baby killers the child molesters hey just your type happy burning 🗽🇺🇸,high_disagreement,3,1.584962500721156,0.6666666666666667,1.0,1.0,1.0,"[9175, 1386, 995]","[1.0, 0.0, 2.0]"
3200,Black peple are not cool they need to work,high_disagreement,3,1.584962500721156,0.6666666666666667,1.0,1.0,1.0,"[9842, 621, 10390]","[0.0, 1.0, 2.0]"
12559,Suck me off jew,high_disagreement,4,1.5,0.5,1.25,1.5,0.9574271077563381,"[7508, 897, 2202, 8072]","[2.0, 0.0, 1.0, 2.0]"
33801,here is your dick you ass toasting fuckstick,high_disagreement,3,1.584962500721156,0.6666666666666667,1.0,1.0,1.0,"[8900, 9758, 9218]","[1.0, 2.0, 0.0]"
44043,"NO!! I wouldn't call myself a 'huge fan' of star wars but I fell in love with kotor 1 & 2. I would hate to see disney ruin such a good plot with a transgender carth, lesbian mission vao and make bastila black or asian -_-",high_disagreement,4,1.0,0.5,0.5,0.5,0.5773502691896257,"[5292, 5636, 704, 2086]","[1.0, 1.0, 0.0, 0.0]"
38900,Y'all not even fighting Billy Bob who called you a nigger in Starbucks...,high_disagreement,4,1.5,0.5,1.25,1.5,0.9574271077563381,"[10150, 6003, 5990, 2249]","[0.0, 1.0, 2.0, 2.0]"
5389,but thats gay,high_disagreement,4,1.0,0.5,0.5,0.5,0.5773502691896257,"[3373, 1961, 4318, 9237]","[1.0, 0.0, 1.0, 0.0]"
28152,"It's funny how girls always talk about how they want a good guy and men ""ain't shit"" well Darlin if you wouldn't post slutty stuff all the time about getting dicked down or wanting dick then you could probably attract a decent dude ☕️ 🐸",high_disagreement,3,1.584962500721156,0.6666666666666667,1.0,1.0,1.0,"[966, 8618, 605]","[1.0, 0.0, 2.0]"
5619,"That would mean that we wouldn't be held accountable for paying them off with a bunch of money. Any emotions you're seeing from the Indians are crocodile tears, hoping that it will increase the monetary pay out. It's the ONLY thing care about. They don't give a flying FUCK about the dead women.",high_disagreement,4,1.0,0.5,1.0,1.0,1.1547005383792515,"[2597, 9598, 6885, 10745]","[2.0, 0.0, 2.0, 0.0]"
37429,How many other white male terrorist mass killers do you think are out here in America? #massshootings,high_disagreement,4,1.0,0.5,1.0,1.0,1.1547005383792515,"[6970, 9215, 8802, 5350]","[0.0, 2.0, 0.0, 2.0]"
21062,"@Kwjazzman And if the only thing that does impress you is looks. Then save yourself the trouble and buy a whore, or import a wife from China.",high_disagreement,3,1.584962500721156,0.6666666666666667,1.0,1.0,1.0,"[3059, 3678, 9727]","[1.0, 2.0, 0.0]"
48707,NATO is a terrorist groups. They are kill our muslim pepole.hate Nato! hate America!.thanks Turkey pepole,high_disagreement,4,1.0,0.5,1.0,1.0,1.1547005383792515,"[5323, 2576, 3105, 4884]","[0.0, 0.0, 2.0, 2.0]"
16868,Jews hate Christianity,high_disagreement,4,1.5,0.5,0.75,0.5,0.9574271077563381,"[6708, 2343, 8878, 9893]","[2.0, 0.0, 1.0, 0.0]"
43549,The white man is the devil Romans 9 and 13 God say he hate the white man that's why they're going to be slaughtered when christ come,high_disagreement,5,1.5219280948873621,0.6,1.0,1.0,1.0,"[1671, 4090, 4656, 2158, 792]","[2.0, 0.0, 1.0, 2.0, 0.0]"
36370,Us dark skin niggas still in style fuck u thought 🤔,high_disagreement,3,1.584962500721156,0.6666666666666667,1.0,1.0,1.0,"[9155, 7511, 9644]","[2.0, 0.0, 1.0]"
44908,"The demon worshiper should put to death, demon possessed man like the sadistic serial killer pedophile Muhammad",high_disagreement,4,1.5,0.5,1.25,1.5,0.9574271077563382,"[1609, 2569, 2315, 208]","[0.0, 2.0, 2.0, 1.0]"
888,No Canadians wtf... you racist fuck go die in a hole... stupid bitch,high_disagreement,4,1.0,0.5,1.0,1.0,1.1547005383792515,"[6691, 1028, 6749, 3863]","[2.0, 0.0, 2.0, 0.0]"
43537,"It's pathetic how LGBTQ+ degenerates are claiming this as a victory and using it to push their nefarious agenda...instead of celebrating this brilliant man for his genius, they are all making it about how he was a homo. Nice.",high_disagreement,4,1.5,0.5,0.75,0.5,0.9574271077563381,"[8986, 7727, 1206, 10200]","[0.0, 1.0, 0.0, 2.0]"
9783,"She looks like a fucking piece of trash. She's perfect for the way I want to treat her, let's put it that way",high_disagreement,4,1.5,0.5,0.75,0.5,0.9574271077563382,"[2948, 9365, 1370, 10656]","[0.0, 2.0, 0.0, 1.0]"
13287,Begone THOT!,high_disagreement,3,1.584962500721156,0.6666666666666667,1.0,1.0,1.0,"[888, 8073, 980]","[1.0, 2.0, 0.0]"
30797,Idgaf bout no nigga y'all ain't helping achieve my goals y'all good for dick and headaches .. Yeah I'm cool off that 💯,high_disagreement,4,1.0,0.5,1.0,1.0,1.1547005383792515,"[7986, 5976, 743, 5680]","[0.0, 0.0, 2.0, 2.0]"
27595,@KyleKulinski We need more school shootings. We need American soldiers to be decapitated. The Working class Americans must also suffer alongside the rich elite american as the working class american are greedy racist white & mix race devils. We need to start off by bombing American Embassies.,high_disagreement,4,1.5,0.5,1.0,1.0,0.816496580927726,"[4430, 15, 9696, 6859]","[1.0, 0.0, 2.0, 1.0]"
10261,"Sweaty we have enough of messy bitches already, ain't nobody got time for another one",high_disagreement,3,1.584962500721156,0.6666666666666667,1.0,1.0,1.0,"[4862, 7901, 2025]","[2.0, 0.0, 1.0]"
5932,#WOKE HOMOPHOBIC,high_disagreement,4,1.5,0.5,0.75,0.5,0.9574271077563381,"[2070, 8064, 3338, 8435]","[0.0, 0.0, 1.0, 2.0]"
32325,@AmbJohnBolton Bomb the shit out of IRGC and mullahs. THE ONLY SOLUTION.,high_disagreement,3,1.584962500721156,0.6666666666666667,1.0,1.0,1.0,"[7583, 2333, 9285]","[0.0, 2.0, 1.0]"
29269,Send them back to Africa.,high_disagreement,4,1.0,0.5,1.0,1.0,1.1547005383792515,"[6199, 730, 3992, 3773]","[2.0, 0.0, 0.0, 2.0]"
48822,Carolina V these degenerates deserve all they get! Next they'll blame it on Iran! It's Karma for all the wrong America does around the globe!,high_disagreement,4,1.5,0.5,0.75,0.5,0.9574271077563381,"[8348, 5285, 3920, 1272]","[1.0, 2.0, 0.0, 0.0]"
1449,"good lord that last comment ""i've noticed that it's mostly brown people working shitty service jobs, when i visit these cities with an extremely high cost of living. the only logical conclusion i can reach is that there is some kind of terrorist plot going on""",high_disagreement,4,1.5,0.5,0.75,0.5,0.9574271077563381,"[7446, 5718, 6857, 6018]","[1.0, 2.0, 0.0, 0.0]"
49529,Gotta blame it on the jews,high_disagreement,5,1.5219280948873621,0.6,1.0,1.0,1.0,"[7350, 3520, 2098, 10352, 3075]","[0.0, 2.0, 0.0, 1.0, 2.0]"
45549,You Canadicunts deserve to be raped and killed for being weak,high_disagreement,4,1.5,0.5,0.75,0.5,0.9574271077563381,"[11100, 3109, 6374, 10801]","[1.0, 0.0, 2.0, 0.0]"
49228,All white people are terrible! There can never be peace in this world with white men and their privlege,high_disagreement,3,1.584962500721156,0.6666666666666667,1.0,1.0,1.0,"[9404, 1516, 2063]","[0.0, 1.0, 2.0]"
26612,Aye I'm Laughing But This Shit Sad Asl Really ....Can't Believe Y'all Would Protect Some Bitches Over Y'all Own Member ...I Protected U Niggas On L'a ....Da Hood Really Let Me Down😞😔 I Risked It All For Yall💔,high_disagreement,4,1.5,0.5,0.75,0.5,0.9574271077563382,"[6434, 4049, 2322, 4429]","[0.0, 0.0, 2.0, 1.0]"
34539,I'm sure Chick-fil-A baptize and says a lil prayer before killing them,high_disagreement,3,1.584962500721156,0.6666666666666667,1.0,1.0,1.0,"[1928, 7778, 5951]","[2.0, 1.0, 0.0]"
1903,"I was told there would be storm troops in the streets by now to get the gays, the minorities, and all other non-Republicans, the sky would be gray, the world would be nuked, the world would be conquered, we would be conquered, and that Bernie can still win. WTF HAPPENED",high_disagreement,4,1.5,0.5,0.75,0.5,0.9574271077563381,"[8806, 3281, 3016, 9794]","[2.0, 0.0, 1.0, 0.0]"
46187,every americunt is a cocksucker from birth,high_disagreement,3,1.584962500721156,0.6666666666666667,1.0,1.0,1.0,"[8329, 11004, 7709]","[1.0, 2.0, 0.0]"
8496,I'd.love to fuck you that ass and pussy are superb,high_disagreement,4,1.5,0.5,0.75,0.5,0.9574271077563381,"[1039, 10832, 2021, 8050]","[0.0, 2.0, 1.0, 0.0]"
36160,people acted like ANIMALS in the concert like wtf you doin this why i hate some white gays,high_disagreement,4,1.0,0.5,1.0,1.0,1.1547005383792515,"[9672, 8833, 10568, 1202]","[2.0, 0.0, 2.0, 0.0]"
23969,They are not new to killing people in Ramadan.  Allah yejazeehum.,high_disagreement,3,1.584962500721156,0.6666666666666667,1.0,1.0,1.0,"[3331, 8923, 7545]","[1.0, 2.0, 0.0]"
10286,Go back to your third world shithole bitch,high_disagreement,3,1.584962500721156,0.6666666666666667,1.0,1.0,1.0,"[2093, 2157, 10845]","[0.0, 2.0, 1.0]"
19924,She's a useless cunt.,high_disagreement,4,1.0,0.5,1.0,1.0,1.1547005383792515,"[7773, 5748, 7843, 2820]","[0.0, 0.0, 2.0, 2.0]"
44059,"@Ded Head  Stick to your sewser rat !! when turks builded empires; your subhuman race did not even know how to take a shower ,So your are the last ones who are gona teach turks how to run their country",high_disagreement,4,1.0,0.5,1.0,1.0,1.1547005383792515,"[6410, 6316, 2346, 6964]","[0.0, 2.0, 0.0, 2.0]"
43076,People need to get off this dumb shit. The first slave owner in America was Black...flat out whipped his own people. Blacks are the biggest pack of cry babies. Your own people did it to you. Pretending like you all were kings and had your crown taken.,high_disagreement,3,1.584962500721156,0.6666666666666667,1.0,1.0,1.0,"[5944, 3113, 2852]","[0.0, 2.0, 1.0]"
3917,"Just remember that islams highest moral authourity, their version of Jesus, is a terrorist scumbag who raped and beat a 9 year old child. Their moral center in our society would be considered the lowest form of shit possible and would be ass raped every night in our prisons for being such a lowly little maggot.",high_disagreement,4,1.0,0.5,1.0,1.0,1.1547005383792515,"[7263, 9770, 8151, 922]","[0.0, 2.0, 2.0, 0.0]"
17880,"Showering daily. I went to an all boys school, and this hyper masculine dude called me out for showering daily, he said ""only pussies shower daily"". When I told that I found that disgusting, especially that he didn't wash his ass, he went on to call me gay repeatedly.",high_disagreement,3,1.584962500721156,0.6666666666666667,1.0,1.0,1.0,"[3695, 200, 807]","[2.0, 1.0, 0.0]"
23834,This is why you shouldn't date these niggas til they 43🤷🏾‍♀️ URL,high_disagreement,4,1.5,0.5,1.25,1.5,0.9574271077563381,"[3677, 6707, 1880, 4643]","[2.0, 1.0, 0.0, 2.0]"
38576,"yung miami, a pregnant woman, was just SHOT AT and you n-words are going on about ""city boys up _____ points"" URL",high_disagreement,4,1.5,0.5,1.25,1.5,0.9574271077563381,"[4205, 10889, 419, 1508]","[1.0, 0.0, 2.0, 2.0]"
10813,Fuck Israel and fuck religion in politics.,high_disagreement,4,1.0,0.5,1.0,1.0,1.1547005383792515,"[4773, 5545, 7858, 3442]","[2.0, 2.0, 0.0, 0.0]"
14894,Yeah dont i know it back in my day a woman didnt even have the right to say no and if she did youd give her a good wallop and these millenials woth tgeir phones and degrees buch of fucking nancies dont i know it jim boris is gonna sort us our and get rid of them nancies and womens rights fuck anybdy that say otherswise,high_disagreement,4,1.0,0.5,1.0,1.0,1.1547005383792515,"[8541, 8036, 5771, 34]","[2.0, 0.0, 2.0, 0.0]"
33220,"Hey, man. Check your phone & find more fuckers 🍆🍆🍆 for this whore while I shoot another load up his sleazy fuck chute. 💦💦💦🍑 Fuck that — his sloppy ass feels so good. Fucking cumdump! 😈😈😈 Source: @slave666nl #groupsex #gayorgy #gay #sex #fucking URL",high_disagreement,4,1.0,0.5,1.0,1.0,1.1547005383792515,"[515, 2336, 229, 4669]","[0.0, 2.0, 0.0, 2.0]"
27807,@AzzatAlsaleem @TarekFatah Such Inhumane Barbarious Brutal atrocities Against Kafurs are taught in Quran and Sharia.  Time has come to Destroy Animal Rule of Barbarian Mindset Laws. Will @realDonaldTrump @KremlinRussia_E #XiJinping @EmmanuelMacron think @summy1957,high_disagreement,4,1.5,0.5,0.75,0.5,0.9574271077563381,"[3637, 2119, 4837, 10062]","[0.0, 0.0, 1.0, 2.0]"
40690,"Facts , came out to flame niggas real quick and dip back home 😂 🏃‍♂️",high_disagreement,3,1.584962500721156,0.6666666666666667,1.0,1.0,1.0,"[1095, 5038, 851]","[2.0, 1.0, 0.0]"
39792,This is the belief of Muslims.  And This is our message to every enemy of Islam.  #لبیک_غزوہ_ہند URL,high_disagreement,3,1.584962500721156,0.6666666666666667,1.0,1.0,1.0,"[5310, 7649, 10808]","[1.0, 0.0, 2.0]"
17730,"""Muhammad was a warmongering pedophile who destroyed the Middle East"". Probably 1.4 billion.",high_disagreement,4,1.0,0.5,1.0,1.0,1.1547005383792515,"[1704, 1148, 9517, 6910]","[0.0, 2.0, 0.0, 2.0]"
44511,She honestly seems a little retarted.,high_disagreement,4,1.5,0.5,0.75,0.5,0.9574271077563381,"[2415, 5682, 5132, 2267]","[0.0, 0.0, 1.0, 2.0]"
22971,@PeteByron1 @realDonaldTrump When is the blood lust of vengeance going to leave? Millions isn't good enough? You want all 1.3 billion millions blown up? It's been two decades since 9/11! Stop it! Religion litterly wants to murder the world and everyone in it so Jesus/ God will make them his special creations,high_disagreement,3,1.584962500721156,0.6666666666666667,1.0,1.0,1.0,"[3317, 815, 6553]","[2.0, 1.0, 0.0]"
48294,"So...the islamification of Britain is moving further along, what with Prince Andrew selling his mansion to a terrorist from Kazakhstan",high_disagreement,4,1.5,0.5,0.75,0.5,0.9574271077563381,"[6533, 5413, 8714, 7685]","[2.0, 0.0, 1.0, 0.0]"
44955,"The dude broke German codes that helped win the war and you're focusing on his sex life? And fuck religion. It's made up fairy tale. Doesn't deserve any more respect than people who say they were kidnapped by aliens, saw Elvis recently, or the rapture is coming. Get some fucking evidence for you beliefs or keep that shit to yourself.",high_disagreement,3,1.584962500721156,0.6666666666666667,1.0,1.0,1.0,"[1640, 2879, 9546]","[2.0, 0.0, 1.0]"
23531,"@DevinNunesEgo @Franklin_Graham Go ahead. Pray. Pray for your own soul first. You all need it because you are going to hell. Actions speak louder than words. Fake Christians. Fake President. Hypocrites, all of you.",high_disagreement,4,1.5,0.5,0.75,0.5,0.9574271077563382,"[5639, 1939, 48, 2546]","[0.0, 0.0, 2.0, 1.0]"
31147,homophobe: gay people should be k*lled twitter: thats ok krek: i will die from dying twitter: this is evil and you are permabanned with no appeal wtf @TwitterSupport URL,high_disagreement,3,1.584962500721156,0.6666666666666667,1.0,1.0,1.0,"[4710, 713, 7331]","[1.0, 0.0, 2.0]"
30353,"@HomeRuleNow Shoot the *unts with hollow point bullets filled with pig fat, that'll ensure their eternal damnation, no virgins for them",high_disagreement,4,1.0,0.5,1.5,1.5,0.5773502691896257,"[10598, 9632, 8659, 2107]","[2.0, 2.0, 1.0, 1.0]"
32928,Thread reeks of jealous pakis and racist brits.  Massive DUB @isro URL,high_disagreement,4,1.5,0.5,1.0,1.0,0.816496580927726,"[292, 1286, 2558, 1103]","[1.0, 0.0, 2.0, 1.0]"
11354,"Because ""Jews greedy and bad"" and [Insert ""the Holocaust never happened"" here]",high_disagreement,4,1.0,0.5,1.0,1.0,1.1547005383792515,"[1130, 5410, 5277, 2167]","[0.0, 2.0, 0.0, 2.0]"
50009,+Professor Liberal Avenger you should get together with all of your leftist friends and throw a straight person appreciation Day... Because factually speaking... If it wasn't for straight people mating and reproducing like the rest of the animals on the planet homosexuals simply wouldn't exist. Any questions class?,high_disagreement,3,1.584962500721156,0.6666666666666667,1.0,1.0,1.0,"[6941, 1753, 937]","[1.0, 0.0, 2.0]"
12828,Asian women are so toxic. Just wait till they get their claws in you.,high_disagreement,4,1.5,0.5,0.75,0.5,0.9574271077563381,"[11091, 520, 6905, 9070]","[0.0, 1.0, 0.0, 2.0]"
35890,this is for @ SMTOWNGLOBAL u big fat white nasty smelling fat btch why you took me off the m@therfcking schedule with ur trifling dirty white racist ass u big fat oompa loompa body ass bitch i'm coming up there and i'm going to beat the fck out of u btch and don't even call the p,high_disagreement,4,1.0,0.5,1.0,1.0,1.1547005383792515,"[4042, 1408, 10181, 9861]","[0.0, 2.0, 0.0, 2.0]"
2187,"I'm just asking you about the words you claimed are fruity and gay, and how they're fruity and gay. You have not yet answered that question. I'm starting to believe you can't.",high_disagreement,3,1.584962500721156,0.6666666666666667,1.0,1.0,1.0,"[8858, 3812, 5566]","[0.0, 1.0, 2.0]"
21831,"@SuperiorEditMan That ""stop racism"" guy looks like the biggest twink imaginable",high_disagreement,4,1.0,0.5,1.0,1.0,1.1547005383792515,"[10656, 3626, 5700, 1010]","[2.0, 0.0, 0.0, 2.0]"
10801,No cause their two faggots,high_disagreement,4,1.0,0.5,1.0,1.0,1.1547005383792515,"[7371, 9057, 2466, 8794]","[2.0, 2.0, 0.0, 0.0]"
3936,Even I couldn't care less. Fuck Prides. Just live your lives without making a fool out of yourselves. Bunch of effeminate liberal whores!! A one way ticket to Saudi Arabia is what they need.,high_disagreement,3,1.584962500721156,0.6666666666666667,1.0,1.0,1.0,"[2958, 9556, 3020]","[0.0, 1.0, 2.0]"
15134,\>poison time to fap \>no 15 inch futa dick flopping everywhere with 2 big mouth watering sweaty balls time to not fap,high_disagreement,3,1.584962500721156,0.6666666666666667,1.0,1.0,1.0,"[7367, 9864, 6098]","[0.0, 2.0, 1.0]"
25043,"you could beat a bitch ass, ignore a bitch, block a bitch, even pray for a bitch & these bitches still gon sub and stalk you all day lol shit blows me. hoes special frfr",high_disagreement,4,1.0,0.5,1.0,1.0,1.1547005383792515,"[10993, 5729, 683, 3853]","[2.0, 2.0, 0.0, 0.0]"
42691,You Sodomites need a shaking up.,high_disagreement,4,1.5,0.5,1.25,1.5,0.9574271077563381,"[3764, 7232, 10028, 373]","[2.0, 0.0, 1.0, 2.0]"
9130,"Well, women deserve to be murdered. Incels should never have any consequences or repercussions. They are entitled to be wrapped up in fluffy cotton blankets while supermodel virgin angels suck their dicks because they're such great guys who are so misunderstood.  But women, yeah, they should be murdered, forced into slavery, beaten, tortured, you name it, they deserve it for having the audacity to be born female.",high_disagreement,4,1.5,0.5,0.75,0.5,0.9574271077563382,"[1328, 2704, 10644, 2660]","[0.0, 2.0, 0.0, 1.0]"
38551,"@dbongino It's no ""shooting 22 Mexicans"" but you gotta go with what you got. Dumbass.",high_disagreement,3,1.584962500721156,0.6666666666666667,1.0,1.0,1.0,"[7074, 8194, 1379]","[0.0, 2.0, 1.0]"
40862,"We are living in amazing times, a man is chosen by God to defeat the demoncrats and defund Planned Murder a Negro Hood. The propaganda war against him is crazy.",high_disagreement,5,1.5219280948873621,0.6,0.8,1.0,0.8366600265340756,"[10042, 10874, 862, 10212, 5739]","[2.0, 0.0, 0.0, 1.0, 1.0]"
25430,"girls will really not like you cus you had a nigga the way they wish they could have him😂😂😂 bitch, YOU SUCK.",high_disagreement,4,1.5,0.5,1.25,1.5,0.9574271077563382,"[6118, 6187, 1466, 8348]","[2.0, 0.0, 2.0, 1.0]"
21887,"""Tips to prevent rape"" = ""Rape other women instead""",high_disagreement,3,1.584962500721156,0.6666666666666667,1.0,1.0,1.0,"[8475, 2813, 7147]","[2.0, 0.0, 1.0]"
34321,"@FrankUnlawful @ThugnificentBi3 @__roman_19 Plz the true God doesnt hate jews. Allah hates jews, Yahweh is a father, allah is not. Yahweh has a Son .allah does not. Yahweh doesnt swear by anything except his name bcuz nothing is greater than him, Allah swears by moon ,stars, mountains even pens.",high_disagreement,3,1.584962500721156,0.6666666666666667,1.0,1.0,1.0,"[1169, 1275, 2517]","[0.0, 1.0, 2.0]"
29999,@tonyposnanski Send that brother f*cker back to her shithole country!!,high_disagreement,4,1.0,0.5,1.0,1.0,1.1547005383792515,"[8544, 1631, 5535, 6054]","[2.0, 0.0, 0.0, 2.0]"
33221,@shanexxxdiesel IS LEGEND! #interracial #bbclovers #myblackbffucksbetterthanyourwhitebf @jaelynfoxxx's pussy = #destroyed yet another #whitebitchsatisfied #pornisart URL,high_disagreement,3,1.584962500721156,0.6666666666666667,1.0,1.0,1.0,"[5550, 10186, 886]","[2.0, 0.0, 1.0]"
5076,I forgot women who go for men want them to act like lesbians and sissies by only using their hands and tongue to pleasure them.,high_disagreement,3,1.584962500721156,0.6666666666666667,1.0,1.0,1.0,"[8894, 472, 83]","[0.0, 2.0, 1.0]"
7436,U literally said to be African is to be connected to a race 🤦‍♂️🤦‍♂️🤦‍♂️ yea the black race did u think white Africans are getting AFRICAN in there dna results?? No there getting fucking European and if they get any fucking African it's from BLACK ASS Africans in there ancestry.,high_disagreement,3,1.584962500721156,0.6666666666666667,1.0,1.0,1.0,"[2037, 4541, 668]","[2.0, 1.0, 0.0]"
44685,"Rose your not a Mother, your a Mother F -- er . Don't encourage Family members to head to our Borders. Go down to Central America and do something Bitch. America can't take in the whole f -ing world. This Asylum Bull shit is a con job, to Destroy our economy and destroy our Nation !!!. FUCK OFF !!!. Trump 2O20.",high_disagreement,3,1.584962500721156,0.6666666666666667,1.0,1.0,1.0,"[4515, 3800, 4806]","[2.0, 1.0, 0.0]"
25483,I'll rather cut her off cus niggas kill bout hoes,high_disagreement,4,1.0,0.5,1.0,1.0,1.1547005383792515,"[253, 7632, 1127, 6285]","[0.0, 0.0, 2.0, 2.0]"
46922,Its amazing the white race in this country has done more harm to POC than POC have done to white people but yet the white race continue to hate POC then call themselves good CHRISTIANS. The devil is a lie. The white race is the most evil and dangerous race in this country cause death and destruction throughout this country. The white race is the race of the devil doing his dirty work.,high_disagreement,3,1.584962500721156,0.6666666666666667,1.0,1.0,1.0,"[2283, 1707, 6448]","[2.0, 0.0, 1.0]"
13015,These stupids are all white anyways.,high_disagreement,4,1.5,0.5,0.75,0.5,0.9574271077563381,"[4967, 8093, 8241, 9374]","[2.0, 1.0, 0.0, 0.0]"
41144,This must be sarcasm...lol The host is a flaming homosexual.,high_disagreement,4,1.0,0.5,1.0,1.0,1.1547005383792515,"[10577, 5002, 7950, 6808]","[2.0, 2.0, 0.0, 0.0]"
48275,STOP CASTING WOMEN WHO LOOK LIKE MEN JUST STOP IT,high_disagreement,3,1.584962500721156,0.6666666666666667,1.0,1.0,1.0,"[8848, 3799, 4900]","[2.0, 0.0, 1.0]"
29560,@MaudreyHepburn No. I'm also 44 and male it wouldn't be a great idea. Also teenage girls are a bloody awful species.,high_disagreement,4,1.5,0.5,1.25,1.5,0.9574271077563381,"[386, 7363, 4653, 5981]","[2.0, 0.0, 1.0, 2.0]"
25306,Toxic girls have the best pussy 🤣,high_disagreement,4,1.5,0.5,0.75,0.5,0.9574271077563381,"[4447, 1850, 7774, 10750]","[2.0, 0.0, 1.0, 0.0]"
11232,"It is definitely spot on. A slut shouldn't ever have standards to begin with. You were born with two holes, well two holes and a mouth, for a reason. There is a reason when you fuck a man fucks you, you don't fuck him. Those holes exist to be penetrated. What did your boyfriend say when you told him? He doesn't have to like it, but he has to accept that as a woman it's your duty to be a cum dumpster and male pleasurer. We need to see that cunt of yours spread open. Upload another photo for us so all of the guys can see inside.",high_disagreement,4,1.5,0.5,1.25,1.5,0.9574271077563381,"[2065, 8979, 5834, 6095]","[1.0, 2.0, 2.0, 0.0]"
27868,these are the girls that get treated the worst URL,high_disagreement,4,1.0,0.5,1.0,1.0,1.1547005383792515,"[8772, 5685, 1848, 3126]","[2.0, 0.0, 2.0, 0.0]"
24961,I have no luck with niggas ima just be gay 😂 fuck it,high_disagreement,4,1.0,0.5,1.0,1.0,1.1547005383792515,"[3782, 5542, 10478, 7670]","[2.0, 0.0, 2.0, 0.0]"
22528,@cassiesnyder191 White ass,high_disagreement,4,1.0,0.5,1.0,1.0,1.1547005383792515,"[403, 2281, 8308, 7618]","[2.0, 0.0, 2.0, 0.0]"
23767,someone rob this little nigga URL,high_disagreement,3,1.584962500721156,0.6666666666666667,1.0,1.0,1.0,"[7139, 2913, 5731]","[0.0, 2.0, 1.0]"
7681,"It's cool. China and Japan have massive economies and massive populations, they'll out breed us soon and eat up all the nutrients and then all the racists will die and it'll be worth it.",high_disagreement,3,1.584962500721156,0.6666666666666667,1.0,1.0,1.0,"[5525, 5724, 1700]","[1.0, 2.0, 0.0]"
49037,"You know, I was going to say something similar due to his attending a Jesuit college..........catholicism is some kind of evil",high_disagreement,4,1.5,0.5,1.25,1.5,0.9574271077563381,"[1585, 495, 2610, 3146]","[2.0, 1.0, 0.0, 2.0]"
40269,It's always about the pedophilia elitists from the synagogue of Satan who grab infants by the penis and cut off their foreskins. Are these protesters mostly racist Semites or anti Semites?,high_disagreement,4,1.5,0.5,1.25,1.5,0.9574271077563381,"[6232, 10399, 6206, 10147]","[1.0, 2.0, 2.0, 0.0]"
40044,filthy ass bitch,high_disagreement,4,1.0,0.5,1.0,1.0,1.1547005383792515,"[6619, 2671, 2920, 10482]","[0.0, 2.0, 2.0, 0.0]"
24999,y'all can stop clowning on masculine women. when those joggers come off there's a whole lot of ass waiting for you.,high_disagreement,4,1.5,0.5,1.0,1.0,0.816496580927726,"[7778, 5951, 8621, 8047]","[1.0, 0.0, 2.0, 1.0]"
18168,"You are sadly self loathing because of the way you express about gay men like you.  Unless you're not gay and you're just a sad troll. What are you doing here in that case? What does gay men make you feel?  Good luck getting professional help, it will make your life less sad and hopefully better ;)",high_disagreement,3,1.584962500721156,0.6666666666666667,1.0,1.0,1.0,"[6769, 9084, 5525]","[0.0, 2.0, 1.0]"
36176,"Spread your legs for me, slut. You better listen to daddy and do as you're told. Not unless you want to be punished. Fucking whore.",high_disagreement,3,1.584962500721156,0.6666666666666667,1.0,1.0,1.0,"[2912, 10615, 6795]","[1.0, 2.0, 0.0]"
2414,"Everything you are already doing, but gayer.",high_disagreement,4,1.0,0.5,0.5,0.5,0.5773502691896257,"[2785, 7000, 6165, 10481]","[1.0, 0.0, 1.0, 0.0]"
44280,"Radical atheists are so autistic. Where does praying to a God imply not praising the ""100 hospital workers""?",high_disagreement,5,1.5219280948873621,0.6,1.0,1.0,1.0,"[5034, 2456, 2860, 9117, 6329]","[1.0, 0.0, 2.0, 0.0, 2.0]"
8135,Just another career criminal second generation immigrant.,high_disagreement,4,1.5,0.5,1.0,1.0,0.816496580927726,"[9237, 4, 1291, 10111]","[1.0, 0.0, 1.0, 2.0]"
1645,Dump the nigga,high_disagreement,3,1.584962500721156,0.6666666666666667,1.0,1.0,1.0,"[7676, 7911, 5167]","[0.0, 2.0, 1.0]"
46560,lol thot acts all loving yet tries to go out with him once a day....,high_disagreement,3,1.584962500721156,0.6666666666666667,1.0,1.0,1.0,"[2722, 2212, 7567]","[1.0, 0.0, 2.0]"
13861,It is known that you guys are all about projection. I have no doubt you guys enjoy seeing your wives fucked by strangers. Now go clean up the semen left by other men you fucking cuckboy.,high_disagreement,4,1.5,0.5,0.75,0.5,0.9574271077563381,"[7715, 9454, 1296, 2372]","[1.0, 2.0, 0.0, 0.0]"
15378,I would fuck that pussy like a dog in heat,high_disagreement,3,1.584962500721156,0.6666666666666667,1.0,1.0,1.0,"[9216, 3001, 3653]","[2.0, 0.0, 1.0]"
37094,Question: Would @realDonaldTrump's response have been different if the #ElPaso shooter had been a Mexican or a Muslim?,high_disagreement,3,1.584962500721156,0.6666666666666667,1.0,1.0,1.0,"[10781, 1298, 8531]","[0.0, 1.0, 2.0]"
12657,"""Eating pussy - God thats so gay"" Every retard ever.",high_disagreement,4,1.0,0.5,1.0,1.0,1.1547005383792515,"[8614, 1450, 4282, 3832]","[0.0, 0.0, 2.0, 2.0]"
48638,"who me? My feet dont be stankin You cant ""directly hire them"" because they're illegal immigrants yea idiot",high_disagreement,3,1.584962500721156,0.6666666666666667,1.0,1.0,1.0,"[3448, 9370, 5584]","[1.0, 2.0, 0.0]"
32869,joke's on u bitchboy hashem's been trans this whole fckn time URL,high_disagreement,4,1.0,0.5,1.0,1.0,1.1547005383792515,"[9171, 4094, 3652, 3372]","[2.0, 0.0, 2.0, 0.0]"
12617,"I'd fuck you every which way I'd fuck a real girl, let you get dicked down like a slutty girl by some straight dick.",high_disagreement,4,1.5,0.5,1.25,1.5,0.9574271077563381,"[1716, 7053, 8216, 6516]","[2.0, 2.0, 1.0, 0.0]"
24162,@Bishopoftyler Maybe spend less time diddling children and more time licking your windows. Spreading hate because your imaginary friend said so in a book you read isn't a good look for anyone.,high_disagreement,4,1.0,0.5,1.0,1.0,1.1547005383792515,"[8475, 2813, 7147, 675]","[2.0, 0.0, 0.0, 2.0]"
17068,Except for women. Because they're too dumb duh,high_disagreement,4,1.0,0.5,1.0,1.0,1.1547005383792515,"[4119, 905, 2859, 359]","[0.0, 2.0, 0.0, 2.0]"
12982,I bet he had shit on his dick from your dirty wh--i--te ass. You disgusting piece of wh--i--te shit.,high_disagreement,3,1.584962500721156,0.6666666666666667,1.0,1.0,1.0,"[8237, 7262, 8892]","[2.0, 0.0, 1.0]"
36625,@Mr138Tats 10000% bitch even turned around to show her booty.,high_disagreement,3,1.584962500721156,0.6666666666666667,1.0,1.0,1.0,"[7332, 8497, 10553]","[0.0, 1.0, 2.0]"
13955,Depression Stress wait no women have those too yea this guys a dickbag,high_disagreement,3,1.584962500721156,0.6666666666666667,1.0,1.0,1.0,"[7144, 3457, 781]","[1.0, 2.0, 0.0]"
38562,"Some girls really cause problems for themselves by just constantly running their mouth, just shut up😴",high_disagreement,4,1.5,0.5,0.75,0.5,0.9574271077563381,"[1011, 11111, 10699, 3419]","[0.0, 2.0, 1.0, 0.0]"
4524,This bitch was made to suck cock,high_disagreement,4,1.0,0.5,1.0,1.0,1.1547005383792515,"[2934, 4995, 1983, 5965]","[0.0, 2.0, 0.0, 2.0]"
27166,@liliakgae Dumb bitch hop off her dick,high_disagreement,3,1.584962500721156,0.6666666666666667,1.0,1.0,1.0,"[2016, 3085, 4914]","[0.0, 2.0, 1.0]"
18586,"This thot is self destructive. He needs to run for the exit. Watch, her next move will be to declare she is pregnant.",high_disagreement,3,1.584962500721156,0.6666666666666667,1.0,1.0,1.0,"[10529, 8675, 8006]","[2.0, 1.0, 0.0]"
47647,815000 mentally disabled manchildren.,high_disagreement,3,1.584962500721156,0.6666666666666667,1.0,1.0,1.0,"[2630, 7823, 2621]","[2.0, 1.0, 0.0]"
49517,This gay ass blood is gay,high_disagreement,3,1.584962500721156,0.6666666666666667,1.0,1.0,1.0,"[6762, 910, 2035]","[0.0, 1.0, 2.0]"
12086,Meh. At least the Jews aren't fucking jihading,high_disagreement,4,1.5,0.5,1.0,1.0,0.816496580927726,"[2878, 3153, 10006, 8730]","[0.0, 2.0, 1.0, 1.0]"
44650,Put all mexicans in prison wit him,high_disagreement,5,1.5219280948873621,0.6,1.0,1.0,1.0,"[5493, 2893, 4930, 4670, 9626]","[2.0, 2.0, 0.0, 1.0, 0.0]"
8423,Kinda boring knowing we Singaporean won't dare to do anything. Meanwhile somewhere in murica you will have some crazies who might really do so,high_disagreement,4,1.0,0.5,0.5,0.5,0.5773502691896257,"[10142, 2458, 2738, 10531]","[0.0, 1.0, 1.0, 0.0]"
5917,It became mainstream to get radicalised. Islam has gone very mild in most places but nowadays is the radical reformation. It will take around 300 years for islam to get as mild as Christianity. They will fuck up everything by then.,high_disagreement,4,1.5,0.5,1.25,1.5,0.9574271077563381,"[7761, 5798, 7076, 1751]","[0.0, 1.0, 2.0, 2.0]"
22984,IS THIS WHAT GAYS DO   URL,high_disagreement,4,1.0,0.5,0.5,0.5,0.5773502691896257,"[10000, 8409, 2819, 3261]","[0.0, 1.0, 1.0, 0.0]"
7753,2019 America is so retarded and gay 😖,high_disagreement,3,1.584962500721156,0.6666666666666667,1.0,1.0,1.0,"[1604, 4095, 1636]","[2.0, 0.0, 1.0]"
12802,"Inb4 the fight disputing whether or not the cameraman is being a gross misogynist pig and him being ""a bro"".",high_disagreement,3,1.584962500721156,0.6666666666666667,1.0,1.0,1.0,"[7227, 491, 3089]","[0.0, 1.0, 2.0]"
40878,"Chemically castrate men for being gay then, castrate them now for speaking out agaianst pedophile grooming gangs. Did England just decide to play the bad guy forever?",high_disagreement,4,1.5,0.5,1.0,1.0,0.816496580927726,"[332, 3969, 10315, 7991]","[1.0, 1.0, 2.0, 0.0]"
12956,"I know right? Stupid kuffar pigs. We should honestly put these decadent and degenerate pigs in chains, so as to discipline them in our superior ways",high_disagreement,4,1.5,0.5,1.25,1.5,0.9574271077563381,"[1257, 2488, 759, 8289]","[2.0, 1.0, 0.0, 2.0]"
49216,Another worthless kafir.,high_disagreement,3,1.584962500721156,0.6666666666666667,1.0,1.0,1.0,"[7045, 10245, 5426]","[0.0, 2.0, 1.0]"
27027,"@AOC You care more about muslim extremists than you care about your fellow Americans!You hate Jews and love muslim extremists!You're a fucking disgrace!More people are killed by muslim terrorists than by ""white supremacists""!Good thing you will be thrown out of congress 2020!",high_disagreement,3,1.584962500721156,0.6666666666666667,1.0,1.0,1.0,"[3394, 10532, 8311]","[0.0, 2.0, 1.0]"
29995,Any of my followers want to train a sissy fag? #sissy #fag #hypno #girly #limp #cock #chastity #sub #slave #pink #bimbo #whore #sissyhood URL,high_disagreement,4,1.5,0.5,1.25,1.5,0.9574271077563381,"[10166, 11009, 607, 9213]","[1.0, 2.0, 0.0, 2.0]"
40225,Puerto Rican Georgie Fucked up.,high_disagreement,3,1.584962500721156,0.6666666666666667,1.0,1.0,1.0,"[2870, 9754, 6269]","[0.0, 2.0, 1.0]"
39641,Hit me with all the gay shit,high_disagreement,4,1.5,0.5,0.75,0.5,0.9574271077563381,"[6307, 2304, 3581, 1912]","[0.0, 1.0, 2.0, 0.0]"
7824,"20 seconds of this stupid bitch was more than enough, fuck that shit.",high_disagreement,3,1.584962500721156,0.6666666666666667,1.0,1.0,1.0,"[433, 6282, 9580]","[0.0, 1.0, 2.0]"
17289,I'm gonna stick my big black cock in your mouth. You want summa this bull seed down your throat? Take this black kings cum you crackkka ass amerikkkan.,high_disagreement,4,1.5,0.5,1.25,1.5,0.9574271077563381,"[6493, 10795, 4166, 3749]","[2.0, 1.0, 2.0, 0.0]"
40905,The fact that humans see a balancing rock and attribute it to some kind of god or higher power just shows how retarded religion is.,high_disagreement,3,1.584962500721156,0.6666666666666667,1.0,1.0,1.0,"[4583, 680, 8377]","[2.0, 1.0, 0.0]"
43156,Stop sending Messico aid money. Stop selling Messico anything made or grown in the US. Then Build The Wall and ignore them. With any luck they'll have a revolution and kill most of their population off!,high_disagreement,4,1.0,0.5,1.0,1.0,1.1547005383792515,"[6184, 142, 1584, 7856]","[2.0, 2.0, 0.0, 0.0]"
43123,+Kiki Melendez I don't know. Ask the middle easterners that they're gang raping and murdering. Dumbass,high_disagreement,4,1.5,0.5,0.75,0.5,0.9574271077563381,"[2983, 4757, 10456, 4285]","[0.0, 1.0, 0.0, 2.0]"
10588,Go die in a fucking hole bitch u/uwutranslator,high_disagreement,3,1.584962500721156,0.6666666666666667,1.0,1.0,1.0,"[4446, 130, 5835]","[1.0, 2.0, 0.0]"
25924,"@NavitZothamawi1 @Crocodile_Lyle @gaywonk @YouTube Get back to me when dudes in rainbow hoods are riding through town in the night targeting heterosexuals after 400 years of their being enslaved as breeders, finally securing their freedom, and buying some land that the Gay majority wants. (I don't expect you to get that either.)",high_disagreement,3,1.584962500721156,0.6666666666666667,1.0,1.0,1.0,"[10781, 1298, 8531]","[0.0, 2.0, 1.0]"
37965,Barbarians produced by Islam who gang raped Girija Tikku and then her body axed into parts and thrown on road . So they deserve divine punishment for committing heinous crimes like genocide of Hindus .,high_disagreement,3,1.584962500721156,0.6666666666666667,1.0,1.0,1.0,"[8025, 1964, 3122]","[0.0, 2.0, 1.0]"
20713,@AlexMorris826 @L0soJr tell him everyone on twitter says he a white lil bitch and to stop saying the n word,high_disagreement,4,1.0,0.5,1.0,1.0,1.1547005383792515,"[2979, 2221, 8925, 7162]","[2.0, 0.0, 0.0, 2.0]"
20601,"Coming from the woman who chants convert or die. Sit down Linda. Better yet, deport yourself to the nearest sandy 💩 hole. 🇺🇸 URL",high_disagreement,3,1.584962500721156,0.6666666666666667,1.0,1.0,1.0,"[3527, 9718, 969]","[0.0, 2.0, 1.0]"
47632,"@Kristi Marie u r right, her being a woman has nothing to do with her terrible decisions. However, i am sticking to my bigotted statement on white and old jus as they stick to their hatred of people of color",high_disagreement,3,1.584962500721156,0.6666666666666667,1.0,1.0,1.0,"[8059, 8317, 8652]","[1.0, 2.0, 0.0]"
33766,I hate bitches who haven't had an abortion. grow up,high_disagreement,4,1.0,0.5,1.0,1.0,1.1547005383792515,"[2902, 2335, 127, 7494]","[0.0, 2.0, 0.0, 2.0]"
5483,Dont got worry bout shit when your self employed and eating crab legs and steak at home. Your gay autist go eat your nightly can of beans,high_disagreement,4,1.5,0.5,1.25,1.5,0.9574271077563382,"[4486, 4321, 8741, 8294]","[0.0, 2.0, 2.0, 1.0]"
24816,"Yesterday,Fri. May 31st, my mother and I went to go eat at subway in the @Walmart in Southgate, MI. When we walked in we were yelled at by a women who tried to attack us. She screamed racial remarks at us and told us ""to go back to your damn country you foreigners"". Disgusting URL",high_disagreement,4,1.0,0.5,0.5,0.5,0.5773502691896257,"[4683, 1440, 3568, 4650]","[1.0, 0.0, 1.0, 0.0]"
38082,It's indoctrination of youth not mental health ya dumb bitch. You know nothing about mental health or medicine so why don't you shut the fuck up. URL,high_disagreement,4,1.5,0.5,1.25,1.5,0.9574271077563382,"[8358, 3825, 7082, 5068]","[0.0, 2.0, 2.0, 1.0]"
12504,Intern Muslims in reeducation camp like China until they love gay sex,high_disagreement,4,1.5,0.5,1.25,1.5,0.9574271077563381,"[5992, 409, 334, 4758]","[1.0, 2.0, 2.0, 0.0]"
9254,Called a joke you fuckin mongoloid,high_disagreement,4,1.0,0.5,1.5,1.5,0.5773502691896257,"[4712, 6392, 2708, 3125]","[1.0, 2.0, 2.0, 1.0]"
47744,Clearly you have NO understanding of women. Women aren't pigs. Like you misogynistic eunuch.,high_disagreement,4,1.5,0.5,0.75,0.5,0.9574271077563381,"[1140, 8352, 1339, 9258]","[0.0, 1.0, 0.0, 2.0]"
37948,"Ya the prime example of an unloyal Girlfriend you, and a fuckin pussy",high_disagreement,4,1.5,0.5,0.75,0.5,0.9574271077563381,"[5433, 10076, 1809, 362]","[2.0, 1.0, 0.0, 0.0]"
12303,"It's literally estrogen. If you go to a doctor and tell them you want a sex change they will give you estrogen pills. Why do you think that is? What do you think estrogen does? Are you really pretending you don't notice how soft this next generation is? Is that reality? How many guys that you grew up with cut their dicks off? I'm gonna bet none, but now it's becoming commonplace. ​ Gee, I wonder what these kids are ingesting that we didn't. Oh look, fucking soy everywhere being pushed by everyone. Let's see... what is soy. Oh, IT'S LITERALLY FUCKING E S T R O G E N",high_disagreement,4,1.0,0.5,1.0,1.0,1.1547005383792515,"[1536, 9054, 6990, 1428]","[2.0, 2.0, 0.0, 0.0]"
23765,@devilishsj_ fam one time i'll go india and slit the cows throats in front of them bunch of useless pricks wallahi may the curses of allah be upon them,high_disagreement,4,1.5,0.5,1.0,1.0,0.816496580927726,"[6424, 8475, 2813, 7147]","[1.0, 1.0, 2.0, 0.0]"
14924,Dumb asses using a broad paint brush to color all Muslims for what the brutality of those ISIS fucks did.,high_disagreement,3,1.584962500721156,0.6666666666666667,1.0,1.0,1.0,"[9459, 1710, 9640]","[2.0, 0.0, 1.0]"
26534,@RealMichaelKay when are these dumb whites going to stop buying tickets watching tv and buying all the gear these animals in the nfl and the nba are a bunch of thugs,high_disagreement,4,1.0,0.5,1.0,1.0,1.1547005383792515,"[4269, 8804, 9174, 2787]","[2.0, 2.0, 0.0, 0.0]"
37321,@MBuhari You should talk to your animal in skin clothing gun welding kinsmen who are sending men away from their farmland by killing and raping our women and taking our lands by the guns to cease doing so for us to be able to go back to farm. Heartless religious bigot,high_disagreement,3,1.584962500721156,0.6666666666666667,1.0,1.0,1.0,"[6655, 4974, 591]","[2.0, 0.0, 1.0]"
24881,"@thecannainsurer @paul_oils @CanopyGrowth Yes, lots of really stupid fucking people here in America. Lots!",high_disagreement,4,1.0,0.5,1.0,1.0,1.1547005383792515,"[7285, 8780, 9496, 8048]","[0.0, 2.0, 0.0, 2.0]"
15699,Eat [this](URL too along with your pile of halal shit,high_disagreement,3,1.584962500721156,0.6666666666666667,1.0,1.0,1.0,"[1398, 8298, 7286]","[2.0, 1.0, 0.0]"
24611,"@FaithGoldy Your god is imaginary but your money goes to a child raping, human sacrifice cult. Eat shit you moronic twunt.",high_disagreement,3,1.584962500721156,0.6666666666666667,1.0,1.0,1.0,"[1528, 7892, 10657]","[1.0, 2.0, 0.0]"
42059,"This coward better be careful, these ladies could kick bonespurs whiney white ass. All YOU do is complain so go home to Scotland you coward.",high_disagreement,4,1.5,0.5,1.25,1.5,0.9574271077563381,"[10501, 8742, 4529, 810]","[2.0, 2.0, 1.0, 0.0]"
16849,White male conservative terrorists.,high_disagreement,4,1.5,0.5,1.0,1.0,0.816496580927726,"[862, 10212, 5739, 10789]","[1.0, 1.0, 2.0, 0.0]"
5655,"""men"" isn't the right term I would use for these incompetent swine, despite the obvious lack of women in that sub.",high_disagreement,3,1.584962500721156,0.6666666666666667,1.0,1.0,1.0,"[8709, 4692, 1155]","[2.0, 1.0, 0.0]"
23535,😭😭😭so litt sus with the right bitch tho none of these fake stuck up hoes or hoes who gone double back on yo nigga,high_disagreement,3,1.584962500721156,0.6666666666666667,1.0,1.0,1.0,"[2738, 10531, 6297]","[1.0, 2.0, 0.0]"
28972,"@IlhanMN We're not racist, we don't believe in incestuous marriage period. All you play is a pigment card every 30 minutes. Our mission now is getting you home to Somalia. You lied & broke the law, after we opened our door to feed you, educate you, & care for your needs, nice thanks lady.",high_disagreement,3,1.584962500721156,0.6666666666666667,1.0,1.0,1.0,"[1695, 7205, 9550]","[0.0, 2.0, 1.0]"
13675,The only thing good about an MLB fight is watching old white dudes go apeshit.,high_disagreement,4,1.5,0.5,0.75,0.5,0.9574271077563381,"[10245, 5426, 4351, 8813]","[0.0, 0.0, 1.0, 2.0]"
30715,"@Pontifex The Jews crucified Christ and were proud of it, the Christians in the world must hate them. The Bible says that your greatest enemy is Jews, so do not be friends with them.",high_disagreement,4,1.0,0.5,1.0,1.0,1.1547005383792515,"[5310, 7649, 10808, 223]","[2.0, 0.0, 2.0, 0.0]"
24785,Why do all the crazy ass nasty white boys looks sick and deformed in the face?,high_disagreement,3,1.584962500721156,0.6666666666666667,1.0,1.0,1.0,"[7438, 3344, 1596]","[0.0, 2.0, 1.0]"
19187,Typical white trash.,high_disagreement,3,1.584962500721156,0.6666666666666667,1.0,1.0,1.0,"[7663, 5345, 1885]","[0.0, 2.0, 1.0]"
39651,Ari Aster is proof we gotta start giving these disturbed white boys A24 deals instead of guns,high_disagreement,4,1.0,0.5,1.0,1.0,1.1547005383792515,"[4307, 2866, 10265, 276]","[2.0, 0.0, 0.0, 2.0]"
22868,I can't fuck wit none of these hoes cause they run they mouth,high_disagreement,3,1.584962500721156,0.6666666666666667,1.0,1.0,1.0,"[8640, 774, 4378]","[2.0, 0.0, 1.0]"
6311,"Drown in your hypocrisy. Not once have you shown any empathy for victimised Muslism women, nor do you provide any source for your GARBAGE assertion Muslims can still learn from evil people who harmed Muslims. Where's you get that? What's your one lone reference? Why do you ignore the ayah of Qiyam bilQist and the Hadith of a Muslim's honour being greater than the Ka'bah? Run away, you little child, and one day maybe you'll weep when your own daughter or sister is vicgtimised by a Munafiq pig.",high_disagreement,4,1.0,0.5,1.0,1.0,1.1547005383792515,"[3309, 4830, 3124, 4001]","[2.0, 0.0, 0.0, 2.0]"
463,She looks like a jewish girl about to be exterminated in a concentration camp,high_disagreement,4,1.0,0.5,1.0,1.0,1.1547005383792515,"[2054, 301, 8775, 3175]","[2.0, 0.0, 2.0, 0.0]"
8277,"You went racist because your fat white girls kept dumping you for black guys. Actually, it was before then.",high_disagreement,4,1.0,0.5,1.0,1.0,1.1547005383792515,"[6115, 7340, 2786, 10113]","[0.0, 0.0, 2.0, 2.0]"
28727,Guess the teens' genders! I'll give you a hint - it wasn't girls who were the teenagers in a well-educated Maryland neighborhood who were easily busted via the school WiFi system for vandalizing high school with swastikas and N-word. Where are the white boys' dads on this topic? URL,high_disagreement,3,1.584962500721156,0.6666666666666667,1.0,1.0,1.0,"[6778, 10577, 5002]","[2.0, 0.0, 1.0]"
21896,There's so many fine niggas at my work I'm surprised I aint been fired for sexual harassment 🤣🤤😈,high_disagreement,3,1.584962500721156,0.6666666666666667,1.0,1.0,1.0,"[4500, 4942, 4961]","[1.0, 0.0, 2.0]"
24408,"*Meets a Hindi guy*  Thinks the entire world speaks in Hindi  Me: Bhai, you are still in your cow shed, wake up from your dream, your task for today is to lynch someone and vote for a terrorist URL",high_disagreement,4,1.5,0.5,0.75,0.5,0.9574271077563382,"[3094, 1890, 2977, 991]","[2.0, 0.0, 0.0, 1.0]"
15110,"""Locker room talk"" women complain about is simply a form of projection. When women gather together, all inhibitions go out the window. Dick size, partner count, fetishes, sex positions, whose engaged in dominatrix, how to filter out shit guys for the hot ones on dating apps.. you name it. I've never heard anything as vile in a male locker room than what I've heard female roommates and their friends talk about.",high_disagreement,4,1.5,0.5,0.75,0.5,0.9574271077563382,"[6267, 2358, 4135, 9987]","[0.0, 2.0, 0.0, 1.0]"
32730,@RampCapitalLLC And everyone is transgender and legally getting their balls waxed by a 13 year-old robot girl.,high_disagreement,4,1.5,0.5,0.75,0.5,0.9574271077563381,"[7778, 5951, 8621, 8047]","[1.0, 0.0, 2.0, 0.0]"
45330,"In this comment section -- The littlest of little dicks talking shit about the ""lesbo's"" who won one for our country, but cant get over the idea of them not liking or respecting President Grabbem By The Pussy.  Mad at some percieved "" personal"" disgrace as they claim superiority. Its fucking sad folks. These Incels are something else.  Also.. ALOT.. i mean.. ALOT of Eurotrash trolls trying to pass off as American.  This has been your Comment Section Health Advisory.",high_disagreement,4,1.5,0.5,1.0,1.0,0.816496580927726,"[10101, 6617, 1108, 10144]","[1.0, 2.0, 0.0, 1.0]"
47908,"PRESIDENT TRUMP is busy helping everyone, while this racist is ONLY helping blacks.",high_disagreement,3,1.584962500721156,0.6666666666666667,1.0,1.0,1.0,"[6341, 5012, 5790]","[2.0, 1.0, 0.0]"
11673,">asian men are not getting any women There you go Good luck with ""white male genocide"" so you can get left with a bunch of unattractive asocial men with poor hygiene and extremely misogynistic views on women. Because that will be the average male you are left with.  Society would continue to function without missing a beat if all trans people just vanished overnight. It would be complete chaos if any single ethnicity vanished overnight. Your comparison sucks.",high_disagreement,3,1.584962500721156,0.6666666666666667,1.0,1.0,1.0,"[10295, 9190, 6754]","[2.0, 1.0, 0.0]"
6396,I am going to rape every child ever to exist and get no punishment and go to heaven -AND NOBODY CAN FUCKING STOP ME,high_disagreement,4,1.5,0.5,0.75,0.5,0.9574271077563381,"[1774, 984, 4385, 10523]","[1.0, 2.0, 0.0, 0.0]"
21725,@Sthy01 @PublicProtector @ThuliMadonsela3 White ass lickers,high_disagreement,3,1.584962500721156,0.6666666666666667,1.0,1.0,1.0,"[7974, 3265, 9324]","[2.0, 0.0, 1.0]"
16083,I'm sorry but I do t see how people like Linda Sarsour point to the Hijab as a good thing.,high_disagreement,4,1.0,0.5,0.5,0.5,0.5773502691896257,"[10408, 2518, 590, 8997]","[1.0, 0.0, 1.0, 0.0]"
38224,inbred honkey,high_disagreement,3,1.584962500721156,0.6666666666666667,1.0,1.0,1.0,"[10065, 9631, 9464]","[2.0, 0.0, 1.0]"
46728,"All this whining from lefty Americans, it's boring 😴 be thankful you have got someone who is trying to help you in many ways. Obama the muslim didn't help with shit other than dropping weapons and equipment down for his pals isis!! Majority of migrants are economic migrants so stop acting like every person is running from wars. It's being patriotic to not want to be over run in your own home country, not racist!",high_disagreement,3,1.584962500721156,0.6666666666666667,1.0,1.0,1.0,"[8017, 3039, 5962]","[0.0, 1.0, 2.0]"
16556,FUCK ISRAEL,high_disagreement,4,1.5,0.5,0.75,0.5,0.9574271077563381,"[4311, 9689, 7158, 2214]","[2.0, 1.0, 0.0, 0.0]"
48620,Go Islam destroy Whole Amirca,high_disagreement,3,1.584962500721156,0.6666666666666667,1.0,1.0,1.0,"[325, 9586, 4793]","[1.0, 0.0, 2.0]"
20628,"@PrisonPlanet Motive?? Just like the rest, an intolerant Muslim bred with a hatred of western civilization and need to destroy and create fear aka terrorist!",high_disagreement,4,1.0,0.5,1.0,1.0,1.1547005383792515,"[6750, 9575, 55, 4897]","[2.0, 0.0, 0.0, 2.0]"
34568,"You boyfriend will never fuck you this way, slave. He won't demand you suck his cock until you swallow cum like a whore. He won't ruin your pussy while he fucks you, until you beg for mercy. He won't pick you up to drive his cock up your tight fucking ass, and pump it full of cum URL",high_disagreement,4,1.5,0.5,1.25,1.5,0.9574271077563381,"[10261, 2980, 4607, 8004]","[0.0, 2.0, 1.0, 2.0]"
18040,kys cracker,high_disagreement,4,1.5,0.5,1.25,1.5,0.9574271077563381,"[9439, 8732, 1894, 3801]","[1.0, 0.0, 2.0, 2.0]"
49995,"Go fuck yourself, Germany. Country of cucked white guilt pussies!",high_disagreement,4,1.5,0.5,1.25,1.5,0.9574271077563381,"[9952, 4004, 11038, 1665]","[2.0, 0.0, 1.0, 2.0]"
38554,God damn idiot Christians with their god damn Victorian morals. I'm going to need more smelling salts for these god damn morans. God dammit.,high_disagreement,4,1.0,0.5,1.0,1.0,1.1547005383792515,"[6500, 10334, 993, 328]","[2.0, 0.0, 0.0, 2.0]"
9685,Worthless sissy bitches like you make men look bad,high_disagreement,3,1.584962500721156,0.6666666666666667,1.0,1.0,1.0,"[3368, 3836, 2073]","[0.0, 2.0, 1.0]"
1735,Dress like a middle aged white man or his shitstain trustfund LAX bro future rapist son. Then you'll fit in,high_disagreement,4,1.5,0.5,1.0,1.0,0.816496580927726,"[1247, 8005, 7142, 8271]","[0.0, 1.0, 2.0, 1.0]"
47496,She is white privledge.,high_disagreement,4,1.0,0.5,0.5,0.5,0.5773502691896257,"[3406, 7422, 8227, 4801]","[1.0, 1.0, 0.0, 0.0]"
48913,You spelled women wrong. Women* and buttpumpers are getting reconfigured to be more attractive,high_disagreement,3,1.584962500721156,0.6666666666666667,1.0,1.0,1.0,"[7659, 8140, 4867]","[0.0, 1.0, 2.0]"
28132,Niggas so miserable 😖 go take that dark cloud to therapy.,high_disagreement,3,1.584962500721156,0.6666666666666667,1.0,1.0,1.0,"[3815, 4770, 10237]","[1.0, 0.0, 2.0]"
1363,Try me retard,high_disagreement,4,1.0,0.5,1.0,1.0,1.1547005383792515,"[1951, 11113, 1456, 4852]","[0.0, 2.0, 2.0, 0.0]"
3324,Aren't you a bit too white for a Redcoat to not get killed be all the migrants?,high_disagreement,4,1.5,0.5,0.75,0.5,0.9574271077563381,"[8684, 705, 2649, 4414]","[1.0, 0.0, 2.0, 0.0]"
8469,"Id bend you other and fuck both your girly holes and put you in a mini skirt, I'd rape you till you're a pregnant woman.",high_disagreement,4,1.0,0.5,1.0,1.0,1.1547005383792515,"[3017, 4857, 1317, 4786]","[0.0, 2.0, 2.0, 0.0]"
44516,"Geez. What a mess. I get we need to manage ALL borders. I dont understand how ppl get mad and protest when they are here illegally. It's a fucked up mess. Trump is a douche bag. Theres got to be a better way. Why cant we just go to mexico, and help them get there shit together so they will want to stay home.",high_disagreement,4,1.5,0.5,1.25,1.5,0.9574271077563381,"[2357, 9660, 844, 7751]","[2.0, 1.0, 2.0, 0.0]"
10843,"""Attention all you jews, slaughter each other please""",high_disagreement,4,1.0,0.5,1.0,1.0,1.1547005383792515,"[7093, 2676, 4500, 4942]","[2.0, 0.0, 2.0, 0.0]"
3352,"Woman: Cries Early 20th century psychiatrist: She's mentally ill, put her in the insane asylum!",high_disagreement,4,1.0,0.5,1.0,1.0,1.1547005383792515,"[9497, 6234, 3192, 2574]","[0.0, 0.0, 2.0, 2.0]"
23604,I love when bitches ion even know have me blocked LMAO,high_disagreement,4,1.5,0.5,0.75,0.5,0.9574271077563382,"[5529, 292, 1286, 2558]","[0.0, 2.0, 0.0, 1.0]"
3569,Slave owners above Jew.,high_disagreement,4,1.5,0.5,0.75,0.5,0.9574271077563381,"[6282, 9580, 4959, 10409]","[2.0, 1.0, 0.0, 0.0]"
48079,"my opinion any one want coming to the United States of American should coming through the border gate, any one sneak in or climp the fence means crimes angainst the USA law and deport right away no question!",high_disagreement,4,1.0,0.5,1.0,1.0,1.1547005383792515,"[6193, 7924, 2285, 6655]","[0.0, 0.0, 2.0, 2.0]"
49584,"Send all of these ""ladies"" back to mexico so they can fix that first.",high_disagreement,4,1.5,0.5,0.75,0.5,0.9574271077563382,"[2223, 203, 14, 10911]","[2.0, 0.0, 0.0, 1.0]"
22596,"@Ngumex321 @Mr_Posi @natubabe1 The average white man don't want to bow to a black man. On the issue of white wedding, never in anywhere does the Bible said white wedding. Jesus went to a traditional wedding in the Bible where he performed his first miracle.",high_disagreement,4,1.0,0.5,1.0,1.0,1.1547005383792515,"[7529, 180, 6534, 4392]","[2.0, 0.0, 0.0, 2.0]"
21755,"men are trash, no matter if it's humans or animals 😂 URL",high_disagreement,3,1.584962500721156,0.6666666666666667,1.0,1.0,1.0,"[8858, 3812, 4065]","[0.0, 2.0, 1.0]"
20911,"The reason why people associate the phrase ""I don't like darkskin men/women"" with a negative meaning is because there's ONLY negativity behind that thought process. Why don't you like darkskin ppl? It's most likely bc you don't want any ""black ass children"" or they're ""too black""",high_disagreement,4,1.0,0.5,1.5,1.5,0.5773502691896257,"[7786, 8660, 2870, 9754]","[2.0, 1.0, 1.0, 2.0]"
26663,I hate men omfg they all fucking suck,high_disagreement,4,1.0,0.5,1.0,1.0,1.1547005383792515,"[2812, 5464, 403, 2281]","[0.0, 2.0, 2.0, 0.0]"
48154,"go home muther fukers....you're not wanted here. bathe in your own p.o.s. country you fleeing pusssssies. we need to euthanize these scumbags who come here and demand our tax dollars to feed and house them. better yet, let loose some alligators and pythons into the holding areas. at least the reptiles could get a few good meals out of them",high_disagreement,4,1.0,0.5,1.0,1.0,1.1547005383792515,"[274, 1059, 6551, 6777]","[0.0, 2.0, 2.0, 0.0]"
29199,What a complete ignorant racist. This woman is a homosexual who supports a Democratic Party that favors Muslims over her . The same Muslims that preach she should be thrown off the highest point to her death.,high_disagreement,4,1.0,0.5,1.0,1.0,1.1547005383792515,"[9990, 6245, 7894, 7502]","[0.0, 2.0, 2.0, 0.0]"
35727,"Russia aint ever seeing me, ull think ppl are being nice inviting u places next thing u know ur in a pit offered as sacrifice to blood in their next race soldiers",high_disagreement,3,1.584962500721156,0.6666666666666667,1.0,1.0,1.0,"[4742, 9687, 4410]","[0.0, 1.0, 2.0]"
4066,I didnt need that additional footage to believe she's a cunt. NTA!,high_disagreement,3,1.584962500721156,0.6666666666666667,1.0,1.0,1.0,"[1191, 140, 4434]","[0.0, 2.0, 1.0]"
32531,@dbongino You are without a doubt the most vile pathetic disgusting disgusting racist radical. Go back to Somalia and leave our country alone. Screw your jihadist loving attitude . You can leave anytime you want and we hope it's real soon. Bye bye. @IlhanMN,high_disagreement,3,1.584962500721156,0.6666666666666667,1.0,1.0,1.0,"[4945, 3355, 9410]","[1.0, 0.0, 2.0]"
41306,I think she was just a thottie and banging him,high_disagreement,4,1.0,0.5,1.0,1.0,1.1547005383792515,"[1504, 123, 9178, 2940]","[2.0, 0.0, 0.0, 2.0]"
27068,America we need and have to take our Nation back from these Communist and Jihad Muslims in the White House.,high_disagreement,4,1.5,0.5,1.25,1.5,0.9574271077563382,"[1908, 2428, 3828, 2257]","[2.0, 0.0, 2.0, 1.0]"
43962,"Nobody even knows if they are really the children of those who they say they are. Come on. get real. The word is out. There's no more danger along the way here? Separating children from their parents? We shouldn't be accountable for the droves of people rushing the border. Sick? Bringing whatever it is into America? The words out. As for those Sociodemocrats, you're more of a hindrance than a resolve. As a country, we would be far better off without you. I would expect my walking papers if I were you...",high_disagreement,4,1.5,0.5,0.75,0.5,0.9574271077563382,"[2690, 10463, 10101, 6617]","[0.0, 2.0, 0.0, 1.0]"
26529,"Listen to that bitch as he get his hole rammed. You can hear his loose empty boipussy popping, crying to be to stretched & filled with a few loads, when he is done stay put bitch many more are queuing to pump their cum in you too & leave it overflowing URL",high_disagreement,3,1.584962500721156,0.6666666666666667,1.0,1.0,1.0,"[9983, 5012, 5790]","[1.0, 2.0, 0.0]"
14458,That's why I'm wearing my black muslim man costume,high_disagreement,3,1.584962500721156,0.6666666666666667,1.0,1.0,1.0,"[1618, 7181, 10149]","[2.0, 0.0, 1.0]"
39570,I'll never throw dirt on another nigga 4 some pussy that shyt dare b lame.,high_disagreement,3,1.584962500721156,0.6666666666666667,1.0,1.0,1.0,"[10501, 8742, 4529]","[0.0, 2.0, 1.0]"
28111,@dhtorch LOOOOL real asss bitch GAVE af bout a nigga,high_disagreement,3,1.584962500721156,0.6666666666666667,1.0,1.0,1.0,"[312, 4553, 2194]","[0.0, 1.0, 2.0]"
19076,"Tyfys. Nothing triggers me more than some little shit from Europe going ""America may be considered a first world country but everyone knows they are really a third world country in disguise. We all think they are so backwards"".",high_disagreement,4,1.0,0.5,1.0,1.0,1.1547005383792515,"[9816, 1658, 3033, 2486]","[2.0, 0.0, 0.0, 2.0]"
43270,Gina Miller is a selfish nasty foreigner. GO HOME.,high_disagreement,4,1.5,0.5,0.75,0.5,0.9574271077563381,"[7458, 10156, 4917, 4904]","[2.0, 0.0, 1.0, 0.0]"
18270,THE RUSSIANS! THE CHINESE! The Evil countries outside of the country we're bashing the shit out of that we live in!,high_disagreement,4,1.5,0.5,0.75,0.5,0.9574271077563381,"[317, 2398, 7736, 631]","[2.0, 0.0, 1.0, 0.0]"
30693,May Allah destroy all the blasphemer around the world!  May Allah destroy the Qadyani's Rabwah center! #قادیانی_دنیاکابدترین_کافر #FridayThoughts #JummahMubarak,high_disagreement,3,1.584962500721156,0.6666666666666667,1.0,1.0,1.0,"[4778, 5708, 3515]","[2.0, 0.0, 1.0]"
41174,Jaden Smith perfect example of being gay is in fact a choice he used to didn't laugh like a female n act all fruity,high_disagreement,4,1.5,0.5,1.25,1.5,0.9574271077563381,"[3585, 2249, 1708, 10025]","[2.0, 0.0, 1.0, 2.0]"
44893,that fag is gonna cut hit hand off soon,high_disagreement,4,1.5,0.5,1.25,1.5,0.9574271077563381,"[2237, 6458, 7615, 923]","[2.0, 1.0, 2.0, 0.0]"
20966,Deport this corrupt jihadie breeder and Islam from America.,high_disagreement,3,1.584962500721156,0.6666666666666667,1.0,1.0,1.0,"[5379, 5422, 227]","[1.0, 2.0, 0.0]"
27194,did this bitch really just tell me to charge right???? bitch you can gladly take my spot,high_disagreement,3,1.584962500721156,0.6666666666666667,1.0,1.0,1.0,"[5783, 7848, 1000]","[2.0, 1.0, 0.0]"
48939,White people are the got damn devil the bible speaks of straight evil wicked senseless violent inhuman animals demons Satan Esau according to the bible a bastards race....,high_disagreement,4,1.5,0.5,0.75,0.5,0.9574271077563381,"[6137, 7023, 10681, 2884]","[0.0, 2.0, 1.0, 0.0]"
32934,i hate bitches who grew up in a stable environment.. shut up horse,high_disagreement,4,1.5,0.5,1.25,1.5,0.9574271077563381,"[2631, 3202, 5666, 10285]","[0.0, 1.0, 2.0, 2.0]"
43628,"Execute the rabbi. The man who shot him is no different than massad hunting down a nazi supporter. judaism murders palestine babies. all synagogs support israel and preach zionism, a cult based on hatred and enslavement of non jews. He should be treated just ad mossad assassins and idf baby killers are. If you want to commit murder, rape women and children, spew racial and hateful statements and get away with it, convert to judaism and say anti-semite and the courts will make others pay YOU and be applauded for it as well.",high_disagreement,4,1.5,0.5,1.25,1.5,0.9574271077563381,"[2355, 10583, 3294, 8800]","[1.0, 0.0, 2.0, 2.0]"
26201,A Black woman being promoted into a role that has nothing to do with diversity & inclusion !!!??  But bare power and access!?!! 😍😍😍 URL,high_disagreement,5,1.3709505944546687,0.4,0.6,0.0,0.8944271909999159,"[2792, 8856, 5034, 2456, 2860]","[0.0, 2.0, 1.0, 0.0, 0.0]"
17104,Killing 8 Million Jews without a Reason,high_disagreement,4,1.5,0.5,0.75,0.5,0.9574271077563381,"[2288, 6216, 766, 10567]","[0.0, 2.0, 1.0, 0.0]"
48629,How disrespectful of these unhinged women to yell at the President and interrupt him while he is speaking! Who are those unhinged women!? Why no one reigns them in!?,high_disagreement,4,1.5,0.5,0.75,0.5,0.9574271077563381,"[48, 2546, 4673, 9588]","[0.0, 0.0, 1.0, 2.0]"
36589,"Russian troll accounts getting busy, but doing a shitty job. Your employees suck, @RusEmbUSA.",high_disagreement,4,1.0,0.5,1.0,1.0,1.1547005383792515,"[4450, 4651, 10376, 5249]","[2.0, 0.0, 0.0, 2.0]"
7094,Everything I did with your retarded mother was consensual. I would give her candy after and she would coo happily.,high_disagreement,3,1.584962500721156,0.6666666666666667,1.0,1.0,1.0,"[6880, 6493, 10795]","[0.0, 2.0, 1.0]"
7382,Yeah suck on my fat cock you disabled whore sac of meat lookin ass,high_disagreement,3,1.584962500721156,0.6666666666666667,1.0,1.0,1.0,"[10387, 171, 252]","[1.0, 0.0, 2.0]"
38650,"@TheJusticeDept shameful that hamit hayag a dangerous terrorist's 24 year conviction was overturned by a useless, weak judge! This should never happen! Better close down these dangerous muslim org in America, and is there an isis training camp near Tx? keep Americans safe!",high_disagreement,4,1.5,0.5,1.0,1.0,0.816496580927726,"[5230, 9573, 2689, 2911]","[1.0, 2.0, 1.0, 0.0]"
45781,Typical white male SCUM,high_disagreement,3,1.584962500721156,0.6666666666666667,1.0,1.0,1.0,"[1725, 3914, 1911]","[2.0, 1.0, 0.0]"
30040,Everyone go follow @bimbocharlotte1 she's a dirty cum slut who needs to suck your cock URL,high_disagreement,4,1.5,0.5,1.25,1.5,0.9574271077563382,"[7214, 8836, 6288, 2036]","[0.0, 2.0, 2.0, 1.0]"
5203,"This is why america is possibly the most retarded, dumbed down, fucking idiotic country in the world. If japan decided to get revenge for hiroshima and nuke america id be in *fits* of laughter.",high_disagreement,4,1.0,0.5,1.0,1.0,1.1547005383792515,"[8127, 8071, 10492, 4912]","[0.0, 0.0, 2.0, 2.0]"
34486,A bitch blink @ a nigga n he think its a sign she want him😂😂 that's yall problem u wana fuck everything,high_disagreement,4,1.0,0.5,1.0,1.0,1.1547005383792515,"[4622, 8806, 3281, 3016]","[0.0, 2.0, 2.0, 0.0]"
19679,"Fascism trancends ethinicities & she's still appropriating other cultures so no, she's dead to me & I can't believe you're defending this, you're dead to me as well. This is stochastic terrorism, same with all the incels that cry ""I hAvE a DaRk SeNsE oF hUmOuR"" No you don't, you just think black people aren't human.",high_disagreement,4,1.5,0.5,0.75,0.5,0.9574271077563381,"[7448, 7030, 4096, 4754]","[0.0, 1.0, 0.0, 2.0]"
8293,Putting women on pedestals in being an SIMP Should be a crime worthy of a public beat down,high_disagreement,3,1.584962500721156,0.6666666666666667,1.0,1.0,1.0,"[6500, 993, 328]","[1.0, 0.0, 2.0]"
4700,Veronica is a lesbian and married karen What a fucking thot,high_disagreement,4,1.0,0.5,1.0,1.0,1.1547005383792515,"[2597, 9598, 6885, 10745]","[2.0, 0.0, 2.0, 0.0]"
14207,"how about I follow you around in public every time you're outside and harass you? this is what that fuckface refugee did, followed and harassed them, and it's no surprise when you look at his criminal record. I'm not surprised a Swede is ready to get on their knees and suck off every Muslim refugee and defend them from all criticism.",high_disagreement,4,1.5,0.5,0.75,0.5,0.9574271077563381,"[1073, 480, 7897, 4479]","[0.0, 1.0, 2.0, 0.0]"
33509,"I remember when you could say Fag or faggot and never did the public ever take it as ""I hate Gay dudes""",high_disagreement,4,1.0,0.5,1.0,1.0,1.1547005383792515,"[10410, 7593, 7319, 1310]","[2.0, 2.0, 0.0, 0.0]"
48756,What a stupid brainless cunt that woman,high_disagreement,4,1.5,0.5,1.25,1.5,0.9574271077563381,"[1028, 6749, 3863, 739]","[0.0, 2.0, 1.0, 2.0]"
42422,"These anti semitism things are so boring, it's just such nonsense.",high_disagreement,4,1.0,0.5,1.0,1.0,1.1547005383792515,"[5685, 1848, 3126, 7437]","[2.0, 0.0, 0.0, 2.0]"
45514,ISLAM DETECTED.  He will blow himself up if he wins.,high_disagreement,4,1.5,0.5,1.0,1.0,0.816496580927726,"[8330, 453, 7953, 7106]","[1.0, 2.0, 1.0, 0.0]"
9535,"In before ... ""YoU gOtTa rEaD tHe qUrAn iN cOnTeXt yOu dUmBaSs iSlAmPhObIc eViL tErRoRiSt hInDuTvA sUpPoRtInG mOtHeRfUcKeR. i'm gOnNa gO fUcK a fUcKiNg bAbY cOw nOw, wHaT tHe fUcK aRe yOu gOnNa dO aBoUt iT.""",high_disagreement,4,1.0,0.5,1.5,1.5,0.5773502691896257,"[8520, 8992, 11060, 6262]","[2.0, 1.0, 1.0, 2.0]"
6073,"So what you're saying is, Jews are soulless and demonic people and this is exhibit A of why. How can people do things like this? The world is in shambles because some people have absolutely no character.",high_disagreement,4,1.0,0.5,1.0,1.0,1.1547005383792515,"[31, 5712, 2581, 3610]","[0.0, 2.0, 2.0, 0.0]"
45412,You are nothing but an Islamic radical! You will NEVER succeed here!,high_disagreement,3,1.584962500721156,0.6666666666666667,1.0,1.0,1.0,"[9656, 5534, 3455]","[1.0, 2.0, 0.0]"
9664,Those Christians are always so optimistic. Pieces of shit.,high_disagreement,4,1.0,0.5,1.0,1.0,1.1547005383792515,"[5432, 10846, 6956, 1795]","[0.0, 0.0, 2.0, 2.0]"
42473,"lol yeah, and spend the night on the south side. I hear white men are the biggest threat to the minority community, put that statement to the test for one night lol",high_disagreement,4,1.0,0.5,0.5,0.5,0.5773502691896257,"[774, 4378, 7341, 6408]","[0.0, 1.0, 1.0, 0.0]"
2084,Fuck I hate America. All of it. Should be wiped from the face of the earth.,high_disagreement,3,1.584962500721156,0.6666666666666667,1.0,1.0,1.0,"[8662, 1651, 10687]","[1.0, 2.0, 0.0]"
28526,A close up from last night #panties #thighs #femboy #femboi #dildo #anal #thighhigh #socks #stockings #gay #bi #crossdresser #crossdressing #twink URL,high_disagreement,4,1.5,0.5,0.75,0.5,0.9574271077563381,"[3788, 6635, 8225, 8424]","[0.0, 2.0, 1.0, 0.0]"
49815,Sundar pichai 100 percent south indian way smarter than all u white trash,high_disagreement,5,1.3709505944546687,0.4,1.4,2.0,0.894427190999916,"[495, 2610, 3146, 10042, 10874]","[0.0, 2.0, 2.0, 1.0, 2.0]"
34869,"@racismdestroys @ThatTrumpGuy @realDonaldTrump What would the vermin do without Russia as an excuse for losing !  Alexa , tell Stela to use her head for more than a hat rack.  1000% American . Gay Conservative brown man. Put that in your binky and suck it!",high_disagreement,3,1.584962500721156,0.6666666666666667,1.0,1.0,1.0,"[3638, 2520, 4919]","[1.0, 0.0, 2.0]"
41270,I like Japan you twit. Let me help you that sentence . WHITE American citizens don't give a crap about Japanese citizens abducted by North Korea. The Same White Americans who voted this Orange Shit Stain as our president.,high_disagreement,4,1.0,0.5,1.0,1.0,1.1547005383792515,"[7496, 2001, 5968, 2083]","[2.0, 2.0, 0.0, 0.0]"
37383,Gay jerk off his dick with vibro dildo in ass and cumshot URL,high_disagreement,3,1.584962500721156,0.6666666666666667,1.0,1.0,1.0,"[9352, 1565, 9288]","[1.0, 0.0, 2.0]"
49207,"Women are murderers of unborn babies, evil",high_disagreement,3,1.584962500721156,0.6666666666666667,1.0,1.0,1.0,"[4078, 2841, 10728]","[2.0, 1.0, 0.0]"
36534,"@suddenlywestan Because you are a country of mentally ill terrorists. Whoever says different is an enabler, ignorant and blind to endless/countless wars and aggression and the death rate by American terrorist acts. Fuck you American scum!",high_disagreement,4,1.5,0.5,1.25,1.5,0.9574271077563382,"[9312, 6889, 9102, 2635]","[2.0, 0.0, 2.0, 1.0]"
37870,"Not only is this a racist take... I am sure the defense for every white supremacist terrorist will now be ""mental illness""!",high_disagreement,4,1.0,0.5,1.0,1.0,1.1547005383792515,"[7289, 8687, 7194, 5387]","[0.0, 0.0, 2.0, 2.0]"
14799,"But really, Christian girls do suck. They're bitches. Source: am girl.",high_disagreement,4,1.0,0.5,1.0,1.0,1.1547005383792515,"[5941, 2645, 2077, 2362]","[2.0, 0.0, 0.0, 2.0]"
32088,This freaking rascal won't write names if miscreants but quote history to cover up Hindu terrorism. URL,high_disagreement,3,1.584962500721156,0.6666666666666667,1.0,1.0,1.0,"[8976, 7348, 11099]","[2.0, 1.0, 0.0]"
26152,I want a crazy gf who don't entertain these niggas and kinda mean 🤷🏽‍♂️,high_disagreement,4,1.0,0.5,1.0,1.0,1.1547005383792515,"[9324, 3770, 5639, 1939]","[2.0, 2.0, 0.0, 0.0]"
23543,Females are stupid dumb and ready to do anything for fucking clout,high_disagreement,4,1.5,0.5,0.75,0.5,0.9574271077563382,"[1716, 7053, 8216, 6516]","[2.0, 0.0, 0.0, 1.0]"
6860,"earlier today someone saw my body and thought I had had kids because of my saggy tits and loose pussy, but I've never had children, I'm just a loose slut",high_disagreement,3,1.584962500721156,0.6666666666666667,1.0,1.0,1.0,"[3087, 9121, 5551]","[1.0, 0.0, 2.0]"
35186,"A man is shot to death. Sohail is angry because he dead man 'was an idiot' to 'go after' cow smugglers. Tell me again how 'Hindu-Muslim' bhai bhai and how Hindus are ""bigots"" for pushing back URL",high_disagreement,4,1.5,0.5,0.75,0.5,0.9574271077563382,"[6702, 6419, 2844, 2229]","[0.0, 2.0, 0.0, 1.0]"
8753,She's a hoe. She's practically a hunk of meat. Treat her like she treats herself. We'd have less people like her if you treat them like the trash they are,high_disagreement,4,1.0,0.5,1.0,1.0,1.1547005383792515,"[8536, 7186, 9844, 4686]","[2.0, 0.0, 2.0, 0.0]"
28521,FUCK your HOMOPHOBIC ASS.,high_disagreement,4,1.5,0.5,1.25,1.5,0.9574271077563381,"[10900, 7775, 99, 3094]","[0.0, 1.0, 2.0, 2.0]"
45078,They're taking drugs so strong that they can pretend that thang is fe-male. ;-8)B,high_disagreement,3,1.584962500721156,0.6666666666666667,1.0,1.0,1.0,"[2872, 9487, 10030]","[1.0, 2.0, 0.0]"
17519,"Hiss at all women and yell ""BEGONE THOT""",high_disagreement,4,1.0,0.5,1.0,1.0,1.1547005383792515,"[10173, 9231, 694, 10558]","[2.0, 2.0, 0.0, 0.0]"
11065,Spanish cunts,high_disagreement,3,1.584962500721156,0.6666666666666667,1.0,1.0,1.0,"[8720, 8410, 2831]","[1.0, 0.0, 2.0]"
19100,"Christianity is a vile plague that brainwashes innocent victims; specifically targeting the young, ignorant, and vulnerable.",high_disagreement,4,1.5,0.5,1.25,1.5,0.9574271077563381,"[2782, 19, 1659, 10609]","[2.0, 1.0, 0.0, 2.0]"
17108,Same dude. Love knowing she's out there getting trains ran on her and loving it. Taking so many cocks. God damn I'd marry her in an instant and just watch guy after guy fuck the shit out of her,high_disagreement,3,1.584962500721156,0.6666666666666667,1.0,1.0,1.0,"[9420, 1918, 5758]","[1.0, 0.0, 2.0]"
47677,"All you guys over here like ""wow! :O"" like nigga it's just fire you can see this everywhere lmao",high_disagreement,3,1.584962500721156,0.6666666666666667,1.0,1.0,1.0,"[3265, 9324, 3770]","[0.0, 1.0, 2.0]"
29168,Life too short to be getting played by 🍤 dick niggas,high_disagreement,4,1.5,0.5,1.25,1.5,0.9574271077563382,"[2641, 9524, 6145, 8844]","[2.0, 2.0, 0.0, 1.0]"
43303,"The raids began Friday in many area. It was way over due. I.C.E should begin a city-by-city and state-by-state raid/sweep to find, arrest and deport all illegal aliens. Enough of the insanity. The U.S does not need any more 3rd world uneducated and ignorant leeches. Build the wall and deport them all. Problem solved.",high_disagreement,4,1.5,0.5,1.25,1.5,0.9574271077563381,"[7881, 778, 6272, 9537]","[1.0, 2.0, 2.0, 0.0]"
22343,"WTF is wrong people, here is what's wrong people coming into another country and taking it over. This is what the Mullah allow, this is the Hezbollah model. When will the West wake up to what Iran is doing #Ireq @WSJ @washingtonpost @CNN @cnni @CNNPolitics @WashTimes @dcexaminer URL",high_disagreement,3,1.584962500721156,0.6666666666666667,1.0,1.0,1.0,"[1907, 353, 1959]","[1.0, 0.0, 2.0]"
42325,"That woman wearing hijab... I never knew a woman with hijab could be that beautiful as a female flag race (sorry, ignore the fact that idk what's the name of it) 😂",high_disagreement,4,1.0,0.5,1.0,1.0,1.1547005383792515,"[3030, 5021, 3856, 4253]","[0.0, 2.0, 0.0, 2.0]"
26041,"@PabloNoBars yeah man. men that actually care bout gettin to know you, you don't treat em like that but see them niggas that feel entitled to pussy .. RAW EM OUT!!!!",high_disagreement,4,1.5,0.5,1.25,1.5,0.9574271077563381,"[1188, 3700, 8799, 7178]","[1.0, 2.0, 2.0, 0.0]"
31848,Women's are trash,high_disagreement,4,1.0,0.5,1.0,1.0,1.1547005383792515,"[7256, 8100, 4006, 2076]","[0.0, 2.0, 0.0, 2.0]"
33794,@lilbabysasha This is what they be doing now instead of getting jobs. Being sluts online. Mama must be proud🥺,high_disagreement,3,1.584962500721156,0.6666666666666667,1.0,1.0,1.0,"[3561, 8468, 4990]","[0.0, 2.0, 1.0]"
42973,Lmfaooo why the fuck are you scared if you're a legal immigrant???? She's probably an illegal immigrant someone needs to deport that fatass bitch,high_disagreement,3,1.584962500721156,0.6666666666666667,1.0,1.0,1.0,"[7660, 3048, 5049]","[2.0, 1.0, 0.0]"
22334,I was actually complacent in referring to her as Pocahontas. She can keep her 1/2400 Native American self proclaimed heritage.,high_disagreement,4,1.0,0.5,0.5,0.5,0.5773502691896257,"[11119, 9253, 9248, 8256]","[1.0, 1.0, 0.0, 0.0]"
45751,Bomb the middle east.,high_disagreement,5,1.5219280948873621,0.6,1.0,1.0,1.0,"[7463, 10077, 9259, 3846, 10223]","[2.0, 0.0, 0.0, 2.0, 1.0]"
40050,I personally would love to do a role reversed wedding where I am the bride in all the lingerie and beautiful dress as my wife wore a tuxedo but I guess I need to find a woman who would accept this small clitty sissy that I am first!,high_disagreement,4,1.0,0.5,1.0,1.0,1.1547005383792515,"[9237, 4, 1291, 10111]","[0.0, 2.0, 0.0, 2.0]"
26233,I'm sorry but this woman who hates America and calls American ppl ignornant has to be a viscous liar. Living here & filing fraudulent tax returns tells u what she's all about.....I'm tired of this anti American moron...leave our country..go back to Somalia or where ever ur from URL,high_disagreement,5,1.5219280948873621,0.6,0.8,1.0,0.8366600265340756,"[10238, 297, 6492, 6873, 4380]","[2.0, 1.0, 1.0, 0.0, 0.0]"
24339,"Powerful women control you, it's so easy #FemaleSupremacy #Femdom #FemPower #FemaleDomination #HerInCharge #TheFutureIsFemale URL",high_disagreement,3,1.584962500721156,0.6666666666666667,1.0,1.0,1.0,"[2728, 2554, 7606]","[1.0, 2.0, 0.0]"
26506,fell on his knees fag. finger in the ass and start to masturbate. word yes in the comments if everything is done😍😘😍😘😍😘😍😘 URL,high_disagreement,4,1.0,0.5,1.0,1.0,1.1547005383792515,"[7753, 7972, 5070, 3317]","[0.0, 2.0, 2.0, 0.0]"
41096,he's starting to look like an old jew,high_disagreement,4,1.5,0.5,1.25,1.5,0.9574271077563381,"[346, 6149, 3278, 642]","[1.0, 2.0, 0.0, 2.0]"
47693,"All the ""migrants "" and Latinos think chapo is a great guy and no different than someone in the government which is why we need that wall, ice enforcement and a firing squad. F la raza",high_disagreement,4,1.5,0.5,0.75,0.5,0.9574271077563381,"[10233, 3087, 9121, 5551]","[0.0, 1.0, 0.0, 2.0]"
31170,Tell your bitch I said fuck u,high_disagreement,3,1.584962500721156,0.6666666666666667,1.0,1.0,1.0,"[6801, 1639, 3401]","[0.0, 2.0, 1.0]"
39199,@shoe0nhead I call her cucumber head URL,high_disagreement,3,1.584962500721156,0.6666666666666667,1.0,1.0,1.0,"[5270, 2728, 2554]","[2.0, 1.0, 0.0]"
19713,NTA. We should genocide christians,high_disagreement,4,1.0,0.5,1.0,1.0,1.1547005383792515,"[7149, 2945, 5045, 4255]","[2.0, 2.0, 0.0, 0.0]"
38733,I wonder how long Candace Owens will last as the latest black sock puppet for conservative white people.,high_disagreement,4,1.5,0.5,1.0,1.0,0.816496580927726,"[11042, 1898, 9634, 6938]","[1.0, 2.0, 1.0, 0.0]"
32253,@ConservaMomUSA Then go back to where ever you came from and protect & defend your community there and to please Allah & only Allah! Your Allah is none other than the devil himself! Y'all are nothing but a bunch of shit eating dogs anyway!,high_disagreement,4,1.5,0.5,1.25,1.5,0.9574271077563382,"[669, 6273, 4687, 6080]","[2.0, 0.0, 2.0, 1.0]"
44565,Deport every single JUAN!! Take ur taco 🌮 and go home 🏠,high_disagreement,4,1.0,0.5,1.0,1.0,1.1547005383792515,"[7326, 5997, 10570, 6123]","[0.0, 2.0, 0.0, 2.0]"
36116,@AshleyW838 @Donna40517794 Those muslims are ass freaks. Just ask all the young boys they rape. Just because your daddy likes to do you in the ass doesn't make it right for you to do it to your family members. Sick puppies. Every last one.,high_disagreement,4,1.5,0.5,1.25,1.5,0.9574271077563381,"[9251, 3663, 4369, 9840]","[1.0, 2.0, 0.0, 2.0]"
8513,Because they identify with their religion past bigots that dislike them? Why do straight men still idealize with America? Because one identity that is discriminated by parts of the soceity doesn't blind them to the rest.,high_disagreement,4,1.0,0.5,0.5,0.5,0.5773502691896257,"[7603, 2209, 3907, 1301]","[1.0, 0.0, 0.0, 1.0]"
41379,ass head Indians are immigrants who did nothing to make America great @Gaudencio dominguez,high_disagreement,4,1.5,0.5,1.25,1.5,0.9574271077563381,"[2326, 4883, 5852, 2580]","[2.0, 2.0, 1.0, 0.0]"
47212,all you racist motherfuckers me la pelan. latinos make america run. fuck all you lazy bitch ass white people,high_disagreement,3,1.584962500721156,0.6666666666666667,1.0,1.0,1.0,"[6480, 9962, 1980]","[1.0, 2.0, 0.0]"
10998,"Oh please, dumbfuck men will do all the killing and dieing while the hoes suddenly discover their ""traditional"" sides en masse.",high_disagreement,4,1.0,0.5,1.0,1.0,1.1547005383792515,"[4445, 5778, 4849, 5402]","[0.0, 0.0, 2.0, 2.0]"
29448,"@AmeliaR93339763 @SocialPowerOne1 So the Pedophilia Temple burned down? That is a coincidence, isn't it, and very convenient for all these perverts.",high_disagreement,3,1.584962500721156,0.6666666666666667,1.0,1.0,1.0,"[375, 7769, 10107]","[2.0, 1.0, 0.0]"
7602,"Says every racist.  Honestly if India and Pakistan nuke the Middle East off the face of the earth, the world will sigh a lot of relief.",high_disagreement,4,1.5,0.5,0.75,0.5,0.9574271077563381,"[573, 3367, 2115, 10973]","[0.0, 1.0, 2.0, 0.0]"
30123,"@AlvinZhakata @MsilaBotha @robertmarawa This guy is a die hater of sodom, he goes to the fling and now thumbs down #Nairobi and even paints everyone corrupt no no that's why all Africans are shit as poop",high_disagreement,4,1.5,0.5,1.0,1.0,0.816496580927726,"[5823, 7758, 8628, 7947]","[1.0, 1.0, 2.0, 0.0]"
44159,"Broken King must not be too stupid if they had all those black as their slaves for so long 😂 and now that they finally gave them rights, here they all are wanting to do the same exact thing to white people. So really black people are no different. They'd have white slaves in a heartbeat if they were allowed to do so. Y'all don't even see the hypocrisy! I'm black and even I can see it!!",high_disagreement,3,1.584962500721156,0.6666666666666667,1.0,1.0,1.0,"[1049, 1668, 2999]","[2.0, 1.0, 0.0]"
43820,Obviously a dog whistle for black supremacists...,high_disagreement,3,1.584962500721156,0.6666666666666667,1.0,1.0,1.0,"[595, 4008, 8975]","[0.0, 2.0, 1.0]"
48836,Can't wait till Trump destroys Iran and Venezuela. Trump will import millions of refugees into USA. Make America Brown Again Movement.,high_disagreement,4,1.5,0.5,0.75,0.5,0.9574271077563381,"[4116, 10662, 8490, 4946]","[0.0, 1.0, 0.0, 2.0]"
41447,And the invaders will keep flooding in by the hundreds of thousands each month just like the talmudic jew oligarchs want,high_disagreement,3,1.584962500721156,0.6666666666666667,1.0,1.0,1.0,"[10251, 7903, 3593]","[0.0, 1.0, 2.0]"
39753,@EricaGrieder *It is an INVASION tho. These illegals are well aware that our Citizenry has had enough. Blame Illegals and Politicians. #ImpeachJoaquinCastro son of a La Raza Terrorist.,high_disagreement,4,1.0,0.5,1.0,1.0,1.1547005383792515,"[1495, 4894, 7038, 11037]","[0.0, 2.0, 2.0, 0.0]"
42583,@trumptard slayer nah it is your people getting orders to kill black and white people. Hispanization of America will fail! Assimilate to American culture or go back to your hell hole.,high_disagreement,3,1.584962500721156,0.6666666666666667,1.0,1.0,1.0,"[9049, 64, 52]","[0.0, 1.0, 2.0]"
6521,My wife wants you. She's Asian and fine as hell 😉,high_disagreement,3,1.584962500721156,0.6666666666666667,1.0,1.0,1.0,"[9695, 366, 9965]","[1.0, 2.0, 0.0]"
47679,Don't worry bro us Iranians have enough bombs for all these Arabs lol,high_disagreement,3,1.584962500721156,0.6666666666666667,1.0,1.0,1.0,"[7330, 269, 10785]","[2.0, 1.0, 0.0]"
44306,A female terminator? The Feminists are taking over! *I'm An Adult Virgin*,high_disagreement,4,1.0,0.5,0.5,0.5,0.5773502691896257,"[9553, 9829, 3820, 6042]","[0.0, 1.0, 0.0, 1.0]"
39154,@Sid18672054 @iAmSAqibb We r going to give his dead body soon. He is terrorist. India is also terrorist state who is doing terrorism in Asia. All world knows very well about Indian terrorism.,high_disagreement,3,1.584962500721156,0.6666666666666667,1.0,1.0,1.0,"[6178, 7016, 574]","[0.0, 2.0, 1.0]"
15095,">I'm a woman, you moron. Doesn't matter, female pack mentality is a real thing, you aging cunt.",high_disagreement,4,1.5,0.5,1.25,1.5,0.9574271077563381,"[10571, 3215, 9236, 10280]","[1.0, 2.0, 2.0, 0.0]"
1860,You guys are seriously spreading the conspiracy theory that the muzlamics are taking over? You do realise that the racist white person who created this image probably views all brown skinned people as Muslim? These people think all non white people are invaders trying to take over Europe. You're just spreading their conspiracy. Shame.,high_disagreement,4,1.0,0.5,1.0,1.0,1.1547005383792515,"[9043, 1837, 8508, 2356]","[2.0, 2.0, 0.0, 0.0]"
16361,Hahaha fucking white people,high_disagreement,4,1.5,0.5,0.75,0.5,0.9574271077563381,"[8806, 3281, 3016, 9794]","[2.0, 0.0, 1.0, 0.0]"
42173,Car full of terrorist and retards,high_disagreement,4,1.5,0.5,1.25,1.5,0.9574271077563382,"[3499, 7043, 278, 5500]","[2.0, 2.0, 0.0, 1.0]"
19214,Most guys are douche bags and don't know how to respect a lady!!,high_disagreement,4,1.5,0.5,1.25,1.5,0.9574271077563381,"[2870, 9754, 6269, 3163]","[2.0, 2.0, 1.0, 0.0]"
34973,"@IlhanMN You're an Anti-Semitic Anti-American #ShariaLawSupremacist #Totalitarian sporting the Largest Patriarchal Misogynist Plague on Earth w/a Rabid intent to Kill all""Infidels""=Anyone who won't be their/your Slave! Your #Taqiyya is transparent & also defines you as a Repugnant Liar!",high_disagreement,4,1.0,0.5,1.5,1.5,0.5773502691896257,"[6450, 4731, 3617, 7112]","[2.0, 1.0, 1.0, 2.0]"
42042,"""BRAINWASHED"" by dictator trump ???the more you listen same words over&over leroy baca did it 2 black&brown in L.A county jail even some fbi agents happened 2 me in 96to97 Im just getting over it still in therapy & medications white men are the end of the world we should have let them DIE when they got kicked -out people never change u die fuck trump",high_disagreement,4,1.5,0.5,1.25,1.5,0.9574271077563381,"[3786, 7669, 10704, 129]","[1.0, 2.0, 0.0, 2.0]"
20634,Fun fact: Only respecting women that you're attracted to isn't respecting women.,low_disagreement,4,-0.0,0.0,0.0,0.0,0.0,"[1930, 1639, 3401, 3762]","[0.0, 0.0, 0.0, 0.0]"
20951,@Sethdiddy @Andrewpic947 white people scared of they kids lmfaoooooo,low_disagreement,4,-0.0,0.0,0.0,0.0,0.0,"[1743, 5697, 5555, 3979]","[0.0, 0.0, 0.0, 0.0]"
40184,Keep deleting my comments!! And I'll just keep commenting. JESUS IS THE ONLY WAY TO ETERNAL LIFE. HE DIED FOR EVERYONES SINS. THESE PEOPLE WORSHIP SATAN. THEY SAY god ALL THE TIME BUT THEY ARE NOT TALKING ABOUT THE LIVING GOD. THEY ARE TALKING ABOUT THEIR FALSE GOD SATAN. REPENT AND ACCEPT JESUS CHRIST AS YOUR LORD AND SAVIOR. JOHN 3:16!!!!,low_disagreement,3,-0.0,0.0,0.0,0.0,0.0,"[3948, 1816, 5412]","[0.0, 0.0, 0.0]"
37497,"Respectfully, mental health issues and white supremacist ideologies can co-exist. Acknowledging this does not have to stigmatize the former nor dilute a critique of the latter.",low_disagreement,4,-0.0,0.0,0.0,0.0,0.0,"[2632, 6094, 2519, 3985]","[0.0, 0.0, 0.0, 0.0]"
31269,Why do I get asked if I'm part black so often.... I'm whiter than Casper.,low_disagreement,3,-0.0,0.0,0.0,0.0,0.0,"[2914, 10452, 4773]","[0.0, 0.0, 0.0]"
47279,and we want these people flooding our country unvetted......,low_disagreement,3,-0.0,0.0,0.0,0.0,0.0,"[6100, 5802, 10952]","[0.0, 0.0, 0.0]"
43976,@Seek The Truth Most of that stems from white men in the US being the only ones allowed in high positions of power for nearly 200 years.  In an ideal world race wouldnt matter but we cannot just Ignore American history and it's well documented cases of racial inequality.,low_disagreement,3,-0.0,0.0,0.0,0.0,0.0,"[6766, 2626, 3002]","[0.0, 0.0, 0.0]"
30733,"@GodDanC @Franklin_Graham In the mean time the ADULT may or may not be her parent. In the mean time they make the trek to America because people like yourself send a signal of hope, else they wouldn't attempt the journey. No amount of tax dollars can effectively help these poor trespassers.",low_disagreement,3,-0.0,0.0,0.0,0.0,0.0,"[8350, 4895, 3392]","[0.0, 0.0, 0.0]"
24818,i need new lgbt+ mutuals... if you want rt this please so I can find new ones?,low_disagreement,3,-0.0,0.0,0.0,0.0,0.0,"[4183, 10696, 11010]","[0.0, 0.0, 0.0]"
686,Probably the fact that I have worn a headscarf during sex and not because I wear it usually but just because I was putting on the naughty Muslim girl act. 😂,low_disagreement,4,-0.0,0.0,0.0,0.0,0.0,"[6719, 4144, 3898, 2990]","[0.0, 0.0, 0.0, 0.0]"
7996,"It pretty much is something like, ""the black man recorded the mean white man saying he needs to leave the building that the white man lives in or at least call whoever invited the black man to the building to come show that he is allowed to be in the building, what a mean white man. The black man told the white man that he's gonna be on tv now""",low_disagreement,3,-0.0,0.0,0.0,0.0,0.0,"[9695, 366, 9965]","[0.0, 0.0, 0.0]"
14253,"Triple talaq. You're saying it's in the Quran, but most people would say it isn't. It's a matter of interpretation.",low_disagreement,3,-0.0,0.0,0.0,0.0,0.0,"[2098, 10352, 3075]","[0.0, 0.0, 0.0]"
10749,Nah. We go by members of The Church of Jesus Christ,low_disagreement,3,-0.0,0.0,0.0,0.0,0.0,"[4006, 2076, 6606]","[0.0, 0.0, 0.0]"
49058,I hope this inspires more women of color to run for office. We need more of them in office. There is strength in numbers!,low_disagreement,4,-0.0,0.0,0.0,0.0,0.0,"[3268, 5554, 10490, 2550]","[0.0, 0.0, 0.0, 0.0]"
5597,"Wow I'm actually crying right now, thank you so much. It is super comforting to know that other people have experienced this too. It feels stupid to be embarrassed/in denial about being bisexual, especially when it's so ""desirable"" in a woman, but in reality i just need to accept myself and come to terms with it, no matter what anyone else says. Thank you thank you thank you",low_disagreement,4,-0.0,0.0,0.0,0.0,0.0,"[4103, 1505, 7087, 1321]","[0.0, 0.0, 0.0, 0.0]"
44720,The only due process is deportation. Seriously people? There should never be any RIGHTS guaranteed to any ILLEGAL other than a bus ride back to the country they snuck over the boarder from.,low_disagreement,3,-0.0,0.0,0.0,0.0,0.0,"[732, 8495, 1949]","[0.0, 0.0, 0.0]"
24520,"Happy Eid Mubarak from the #Jitaku Team, to all our esteemed Muslim clients, friends & family! #Jitaku  #EkoAtlantic  #LuxuryServicedApartments  #TravelLuxe #Everydayjoy  #EidMubarak  #HappyEid URL",low_disagreement,3,-0.0,0.0,0.0,0.0,0.0,"[4845, 598, 4684]","[0.0, 0.0, 0.0]"
11680,"Most of my male friends are 15-20 years younger than I am, and one thing I really appreciate is how affectionate they are, without fear of being emasculated for it. They often tell me they love me!",low_disagreement,3,-0.0,0.0,0.0,0.0,0.0,"[3934, 1485, 7504]","[0.0, 0.0, 0.0]"
1402,"I mean I agree with you, but focusing on Islam only instead of religion in general is like punishing 1 of your 2 kids for doing the same. Oppressive religion should be your focus, not oppressive Islam",low_disagreement,4,-0.0,0.0,0.0,0.0,0.0,"[4901, 529, 1883, 4774]","[0.0, 0.0, 0.0, 0.0]"
48622,Disney must make a story about Filipino,low_disagreement,3,-0.0,0.0,0.0,0.0,0.0,"[3600, 6872, 1157]","[0.0, 0.0, 0.0]"
1916,"Ex-Muslim here too. Yeah you are right, there are many good things that can be taken from Muhammad.",low_disagreement,3,-0.0,0.0,0.0,0.0,0.0,"[594, 1308, 4089]","[0.0, 0.0, 0.0]"
4842,Should have whooped those racist mayos,low_disagreement,3,-0.0,0.0,2.0,2.0,0.0,"[9642, 3778, 9361]","[2.0, 2.0, 2.0]"
15420,> atheism disproven by the various atheists who irrationally reject antisemitic theory URL.gif,low_disagreement,4,-0.0,0.0,0.0,0.0,0.0,"[5262, 1314, 7061, 2759]","[0.0, 0.0, 0.0, 0.0]"
7108,This seems to ignore that a lot of these companies have LGBT+ employees and celebrating Pride helps make the work environment more inclusive for those people. Most of the time I've seen Pride events for companies they are organized by mostly LGBT+ people.,low_disagreement,4,-0.0,0.0,0.0,0.0,0.0,"[1861, 6182, 7193, 6511]","[0.0, 0.0, 0.0, 0.0]"
34140,"""To say that [there is] equality for Iranian women and the Iranian men is a fantastic revolutionary word, so thank you very much."" - Bernard Kouchner, Fmr. French Foreign Minister & Co-founder of Doctors Without Borders #FreeIran #Iran @4FreedominIran #sp URL",low_disagreement,3,-0.0,0.0,0.0,0.0,0.0,"[608, 5632, 3655]","[0.0, 0.0, 0.0]"
24926,Ummmm my Maternal Grandfather came here from Italy (with the whole family) when he was 9 yrs old🤦🏻‍♀️ They came here LEGALLY! URL,low_disagreement,3,-0.0,0.0,0.0,0.0,0.0,"[531, 6238, 9510]","[0.0, 0.0, 0.0]"
42553,"It's kind of sad hearing so much talk about finding a church that works for me and looking for churches that agree with me. We should look for a church that preaches Truth and honors God, even if it challenges us and our choices.",low_disagreement,3,-0.0,0.0,0.0,0.0,0.0,"[28, 533, 8932]","[0.0, 0.0, 0.0]"
13517,LGBTQ+ sourced are grasping at straws? Lmao okay bud.,low_disagreement,3,-0.0,0.0,0.0,0.0,0.0,"[10878, 8112, 11075]","[0.0, 0.0, 0.0]"
1410,"Yeah, mid 20s, I think it's regional. My sister would say ""awwww, poor baby, want me to call the waaaaaa-mbulance?"" when I was little.",low_disagreement,3,-0.0,0.0,0.0,0.0,0.0,"[10514, 7717, 3038]","[0.0, 0.0, 0.0]"
10019,"Person of color. Dont get me wrong I don't want things to be white washed. In the books yen was very white, as well as fringilla vigo.",low_disagreement,4,-0.0,0.0,0.0,0.0,0.0,"[2267, 5776, 1138, 5591]","[0.0, 0.0, 0.0, 0.0]"
5135,"So heaven is a Christian band camp? Yea, I'll pass on that. I'm a grown man and I like sex. I expect to have it in paradise as I had it on earth but better. On account cuz it's, you know, paradise and such.",low_disagreement,4,-0.0,0.0,0.0,0.0,0.0,"[4290, 8819, 2190, 1766]","[0.0, 0.0, 0.0, 0.0]"
3297,"Not my fault you can't read, faggot.",low_disagreement,3,-0.0,0.0,2.0,2.0,0.0,"[6033, 1948, 10060]","[2.0, 2.0, 2.0]"
44815,Indians are a pack of dirty filthy cunts When they're not raping kids they're shitting in the street . Let the cunts swim in the Ganges hopefully they'll all die of some disease.,low_disagreement,3,-0.0,0.0,2.0,2.0,0.0,"[4860, 10555, 7638]","[2.0, 2.0, 2.0]"
569,I'm an atheist but believe it is wrong to murder people. The fact you think you can't be a moral atheist makes you as bad as the evangelicals.,low_disagreement,3,-0.0,0.0,0.0,0.0,0.0,"[9400, 3531, 10073]","[0.0, 0.0, 0.0]"
1713,I love cross-dressing.,low_disagreement,3,-0.0,0.0,0.0,0.0,0.0,"[10408, 2518, 590]","[0.0, 0.0, 0.0]"
29642,"Yessssssss. The idea that Blackness is constructed in the exact same ways outside of the US is one of the main reasons we're constantly going back n forth about which Caribbean-American people are & arent ""Black"". URL",low_disagreement,4,-0.0,0.0,0.0,0.0,0.0,"[9148, 6667, 7852, 9458]","[0.0, 0.0, 0.0, 0.0]"
23481,@DoYouEvenLIf @scarlettrabe Americans are prone to cults.,low_disagreement,3,-0.0,0.0,0.0,0.0,0.0,"[3447, 7641, 939]","[0.0, 0.0, 0.0]"
14937,"Women who act like a man is supposed to do everything because they're too ""Fragile"".",low_disagreement,3,-0.0,0.0,0.0,0.0,0.0,"[10851, 3622, 10380]","[0.0, 0.0, 0.0]"
29072,@IamSethR aww booboo - does the nasty woman intimidate your minuscule manhood? 🤣🤣🤣🤣,low_disagreement,4,-0.0,0.0,0.0,0.0,0.0,"[2878, 3153, 10006, 8730]","[0.0, 0.0, 0.0, 0.0]"
31121,@Jmruggiero84 @docrocktex26 @pricklyeater @pannlewis44 No that's not right either now you are marginalizing white people. There has to be coexistence And acceptance,low_disagreement,3,-0.0,0.0,0.0,0.0,0.0,"[3894, 4364, 11007]","[0.0, 0.0, 0.0]"
49429,Deport them immediately. These are inhumane conditions and look like concentration camp.,low_disagreement,4,-0.0,0.0,0.0,0.0,0.0,"[8713, 9038, 5474, 6824]","[0.0, 0.0, 0.0, 0.0]"
46974,"She included Muslim women wearing hijab in this video and it is just amazing... And also, she made this video in a country where women didn't have the right to drive till not so long ago! Good job Rita! <3",low_disagreement,4,-0.0,0.0,0.0,0.0,0.0,"[3932, 9024, 9009, 7745]","[0.0, 0.0, 0.0, 0.0]"
22409,URL   Two dick in my pussy. double penetration. gangbang. group - free Sex Videos incest Arab     URL   URL   URL #الترجي_الوداد,low_disagreement,3,-0.0,0.0,0.0,0.0,0.0,"[3795, 10900, 7775]","[0.0, 0.0, 0.0]"
31679,the fact that y'all females think being mean is cute is beyond me,low_disagreement,4,-0.0,0.0,0.0,0.0,0.0,"[7845, 4287, 2874, 6971]","[0.0, 0.0, 0.0, 0.0]"
4664,I have a lesbian friend. Although she's not really part of my typical guy friend group,low_disagreement,3,-0.0,0.0,0.0,0.0,0.0,"[7613, 6037, 4934]","[0.0, 0.0, 0.0]"
31067,@K_JeanPierre @IlhanMN Send all of them back to Somalia on a one way ticket,low_disagreement,3,-0.0,0.0,0.0,0.0,0.0,"[7454, 4747, 9421]","[0.0, 0.0, 0.0]"
43735,"*Black NBA players have a lot of power, and Bill Russell is a big reason why-Facts",low_disagreement,4,-0.0,0.0,0.0,0.0,0.0,"[2550, 5062, 9843, 290]","[0.0, 0.0, 0.0, 0.0]"
23833,"According to these anti Ahmadi Muslims,we fabricated the Qur'an Allah has Promised to Protect His book.These opponents of Jamaat think human beings made Allah Break His Promise!  Our Qur'an is the same and we have translated it into more languages than the entire ummah combined URL",low_disagreement,3,-0.0,0.0,0.0,0.0,0.0,"[6236, 5768, 10256]","[0.0, 0.0, 0.0]"
14994,"Quite a few. Some of my friends have really religious parents, some of them just come from a country/culture where being trans is not common. But most of the time it's people who they thought were their friends that just get weird after being told.",low_disagreement,3,-0.0,0.0,0.0,0.0,0.0,"[9151, 3872, 3322]","[0.0, 0.0, 0.0]"
1313,too many fags on this sub wtf,low_disagreement,3,-0.0,0.0,2.0,2.0,0.0,"[1804, 6589, 295]","[2.0, 2.0, 2.0]"
41090,i am from germany ... we have every day knife attacks from ilegal migrants almost every day..hope trump will win again in 2020,low_disagreement,3,-0.0,0.0,0.0,0.0,0.0,"[5561, 4167, 9667]","[0.0, 0.0, 0.0]"
11790,You guys are all so kindddd 😭😭 thank you so much this makes me feel better about coming out,low_disagreement,3,-0.0,0.0,0.0,0.0,0.0,"[6196, 9488, 8511]","[0.0, 0.0, 0.0]"
36930,Because ISIS is an existing terrorist group. Young white men are a demonized demographic. How do you create outbursts of nihilistic violence? By doing exactly what you are doing and refusing to see young white men as anything more than the sum total of all the evil in the world. URL,low_disagreement,3,-0.0,0.0,0.0,0.0,0.0,"[4948, 5001, 3961]","[0.0, 0.0, 0.0]"
29352,Once I Be With A Female And She Do Anything Else With Another Nigga Ion Want Her Nomo .. Shit Be Cooked For Me,low_disagreement,3,-0.0,0.0,2.0,2.0,0.0,"[6784, 2515, 39]","[2.0, 2.0, 2.0]"
13764,The first people that shot up the sign were white so chances are it was white people again.,low_disagreement,4,-0.0,0.0,0.0,0.0,0.0,"[4360, 6499, 6317, 3044]","[0.0, 0.0, 0.0, 0.0]"
11613,Thank goodness all men don't think like you do.,low_disagreement,3,-0.0,0.0,0.0,0.0,0.0,"[3317, 815, 6553]","[0.0, 0.0, 0.0]"
22476,"at least the women youre talking about know how to do something, men can't cook or fuck URL",low_disagreement,4,-0.0,0.0,0.0,0.0,0.0,"[6236, 11108, 5768, 10256]","[0.0, 0.0, 0.0, 0.0]"
34703,"@farleycharl @BunburyLady @PointlessSpike @notCursedE @Christy_Char ""Transsexual"" acknowledges that it's possible to change sex",low_disagreement,3,-0.0,0.0,0.0,0.0,0.0,"[256, 1241, 684]","[0.0, 0.0, 0.0]"
9904,How long till ur balls finally drop after I'm done sodomizing ur sister u cuckold faggot!!!!!!,low_disagreement,3,-0.0,0.0,2.0,2.0,0.0,"[2483, 10788, 2052]","[2.0, 2.0, 2.0]"
40412,Thank you for being Real Ellen. Zip your lip mean people. I don't agree with LGTB but I love my fellow humans. Bless you and mom Ellen. Hugs!,low_disagreement,3,-0.0,0.0,0.0,0.0,0.0,"[9567, 1496, 4748]","[0.0, 0.0, 0.0]"
3926,"Two of my friends have 4 parents, all gay. It was surprising at first but they're all great people. They're on good terms with the kids so my friends just have more adult guidance in their lives. It was interesting to piece together when they talked about their families.",low_disagreement,4,-0.0,0.0,0.0,0.0,0.0,"[8142, 8277, 10794, 2265]","[0.0, 0.0, 0.0, 0.0]"
24684,False beliefs about nonexistent biological differences between Black people vs. white is still incredibly prevalent in the medical field. Excellent article exploring how this harms hurt/ill Black people & contributes to police & other kinds of violence URL,low_disagreement,3,-0.0,0.0,0.0,0.0,0.0,"[1203, 1831, 10724]","[0.0, 0.0, 0.0]"
20200,Nevada Student Posts Racist Rant To Snapchat: 'N*ggers Burn In Hell' URL,low_disagreement,3,-0.0,0.0,2.0,2.0,0.0,"[4697, 10016, 9332]","[2.0, 2.0, 2.0]"
27479,"U right, probably some old nigga named Clyde",low_disagreement,4,-0.0,0.0,2.0,2.0,0.0,"[9642, 3778, 9361, 2464]","[2.0, 2.0, 2.0, 2.0]"
19061,"Damn she's hot, great ass. Almost looks like an ex of mine with that tattoo. Looks like she's getting some thick dick!",low_disagreement,3,-0.0,0.0,0.0,0.0,0.0,"[5360, 31, 5712]","[0.0, 0.0, 0.0]"
24311,@majorgauravarya @rahuldewan True. The spirit and intent of religion centric initiatives must be put to scrutiny.,low_disagreement,4,-0.0,0.0,0.0,0.0,0.0,"[7279, 2901, 5449, 6207]","[0.0, 0.0, 0.0, 0.0]"
37859,"Trump laughs after audience member suggests shooting migrants - May 2019 #Trump had asked the crowd: 'How do you stop these people?' After laughing at the response, he added: 'Only in the panhandle can you get away with that statement #massshootings #WhiteNationalistTerrorism URL",low_disagreement,3,-0.0,0.0,0.0,0.0,0.0,"[3475, 7266, 4019]","[0.0, 0.0, 0.0]"
13557,"Native Americans were all killing each other the whole time. If Natives were the culturally advanced society invading Europe nothing would've changed. They aren't any different, better or worse, than any other culture they simply didn't have the means to oppress the Europeans en masse because they were living in the Stone Age. The Native American history is extremely sad but historically completely in line with how most advanced cultures treated technologically inferior ones.",low_disagreement,3,-0.0,0.0,0.0,0.0,0.0,"[9262, 10680, 7789]","[0.0, 0.0, 0.0]"
49461,"That argument for diversity was true last century but we have much more diversity now (case in point: God Friended Me). SJ is just stunningly beautiful as well as talented, and most important to producers, attracts more people to see her movies. When Morgan Freeman can play God, you've arrived. To get ahead, it helps to be the best, if a transgender person wants that role, maybe start by producing film shorts showcasing their talent?",low_disagreement,3,-0.0,0.0,0.0,0.0,0.0,"[10721, 3989, 6853]","[0.0, 0.0, 0.0]"
16287,"Not all of us, some are just refugee moderates.",low_disagreement,3,-0.0,0.0,0.0,0.0,0.0,"[9551, 5825, 9371]","[0.0, 0.0, 0.0]"
10612,Ruling party is using the dehumanisation of LGBT people as a rallying thing before the elections this fall. Basically NSDAP tactics.,low_disagreement,3,-0.0,0.0,0.0,0.0,0.0,"[8207, 6989, 10495]","[0.0, 0.0, 0.0]"
6595,This man... This man deserves respect. And use Indian costumes too.,low_disagreement,3,-0.0,0.0,0.0,0.0,0.0,"[3653, 1661, 5698]","[0.0, 0.0, 0.0]"
46873,"It's not Mexico. Most immigrants aren't from Mexico, they're from other parts of South America, like the Honduras and Guatamala.",low_disagreement,4,-0.0,0.0,0.0,0.0,0.0,"[2441, 8834, 20, 3119]","[0.0, 0.0, 0.0, 0.0]"
45200,"THANK YOU! PRESIDENT TRUMP! YES!!! SEND ALL ILLEGALS BACK TO THEIR COUNTRY, WE HAVE TO TAKE CARE OF ALL HOMELESS AMERICAN VETERANS SLEEPING IN THE STREETS, WHILE ILLEGALS ARE ENJOYING GOVERNMENT HOUSING, FREE FOOD STAMPS, FREE SCHOOLS, AND FREE HEALTH CARE. SADLY ILLEGALS ARE KILLING AMERICANS.",low_disagreement,4,-0.0,0.0,0.0,0.0,0.0,"[646, 2293, 5481, 1229]","[0.0, 0.0, 0.0, 0.0]"
15509,"Canada has an ""Express Entry"" fast-tracked (~6-9 months) immigration program for foreigners with education and experience in tech, medicine, education, science, and other specialized professional fields. They approve over 6000 applicants each month.",low_disagreement,3,-0.0,0.0,0.0,0.0,0.0,"[1395, 1814, 2195]","[0.0, 0.0, 0.0]"
7416,Everyone knows that muslims are the real rulers of the world,low_disagreement,3,-0.0,0.0,0.0,0.0,0.0,"[3516, 6538, 5590]","[0.0, 0.0, 0.0]"
44199,"LEVITICUS 19:34 The alien that resides with you shall be to you as the citizen among you: you shall love the alien as yourself, for you were aliens in the land of Egypt: I am the Lord your God.  Pretty clear what God thinks of immigration. He didn't cage, arrest, or deny the needy. It's funny how conservatives choose mans law over gods law when it suits them politically. God is watching conservatives and he is VERY disappointed. For ye are the wolves in sheep's clothing.",low_disagreement,3,-0.0,0.0,0.0,0.0,0.0,"[2219, 3458, 4134]","[0.0, 0.0, 0.0]"
16502,Bill Nye all Jews should die,low_disagreement,3,-0.0,0.0,2.0,2.0,0.0,"[1976, 7451, 3193]","[2.0, 2.0, 2.0]"
48423,And...how about their barbaric laws against homosexuality? Throwing gays off of rooftops is a common past time in this theocratic Islamic country. And so so much more,low_disagreement,3,-0.0,0.0,0.0,0.0,0.0,"[11054, 6834, 8693]","[0.0, 0.0, 0.0]"
41101,"Being I've had girls 6"" shorter than me tell me I'm too short for them i can see how guys would assume you wouldn't be interested in a short guy.",low_disagreement,3,-0.0,0.0,0.0,0.0,0.0,"[3461, 3671, 2251]","[0.0, 0.0, 0.0]"
10157,Wow what a giant faggot,low_disagreement,4,-0.0,0.0,2.0,2.0,0.0,"[1367, 2501, 8001, 725]","[2.0, 2.0, 2.0, 2.0]"
39176,AZERBAIJAN: Pray for outreach and ministry work to the nearly 1 million displaced people in Azerbaijan. URL,low_disagreement,3,-0.0,0.0,0.0,0.0,0.0,"[1516, 2063, 10446]","[0.0, 0.0, 0.0]"
43726,Send them back where? The irony in how everything around Trump ends up in stupidity is they're all American citizens and Trump pretty much was talking about America when he says their country is infested with violence and a bad government😂😂,low_disagreement,3,-0.0,0.0,0.0,0.0,0.0,"[5755, 3949, 9467]","[0.0, 0.0, 0.0]"
40404,Y'all ain't put the black kid that brought me here on the video,low_disagreement,3,-0.0,0.0,0.0,0.0,0.0,"[3992, 3773, 2029]","[0.0, 0.0, 0.0]"
17279,That's not a nice thing to say about a woman...,low_disagreement,4,-0.0,0.0,0.0,0.0,0.0,"[8943, 4418, 2323, 2313]","[0.0, 0.0, 0.0, 0.0]"
23,"Build the wall, and put these spics in prison with the nogs.",low_disagreement,3,-0.0,0.0,2.0,2.0,0.0,"[1007, 10392, 770]","[2.0, 2.0, 2.0]"
23913,"As Ramadan comes to an end, is like to wish you guys a ""special"" Eid Mubarak 😇😂 URL",low_disagreement,3,-0.0,0.0,0.0,0.0,0.0,"[439, 9208, 4314]","[0.0, 0.0, 0.0]"
11210,"MaddRespect to you man, it feels good that overseas pakistani actually still care about Pakistan despite the fact that they are living good life abroad. God give you all long life.",low_disagreement,4,-0.0,0.0,0.0,0.0,0.0,"[10210, 1719, 10177, 8]","[0.0, 0.0, 0.0, 0.0]"
8334,"Well you know what nigga? Lots of angry niggas have ruled the world, and you why, nigga? Cause them angry niggas got drive, nigga, and I got the drive to send enough angry messages to send you packin, nigga.",low_disagreement,3,-0.0,0.0,2.0,2.0,0.0,"[8082, 5008, 7146]","[2.0, 2.0, 2.0]"
9832,"Hello fellow Iranian here, we use Iranian because we are Iranians, Persians were actually what we call ""Pars ha"" ""پارس ها"" they are part of our ancestors and they spoke complete parsi and we speak iranian which is a mix of parsi and arabic.",low_disagreement,3,-0.0,0.0,0.0,0.0,0.0,"[9030, 3984, 2143]","[0.0, 0.0, 0.0]"
3073,Fuck her mouth.,low_disagreement,3,-0.0,0.0,0.0,0.0,0.0,"[7136, 4624, 5668]","[0.0, 0.0, 0.0]"
5363,"My biggest regret in college (I just graduated) was not finding queer friends that were specifically women. I know several cis gay men and unfortunately we rarely relate to one another. I never really found queer friends in college and it's one of my biggest regrets. That being said, I did witness a girl I know make a lot of friends through my university's twitter crowd. She basically tweeted ""who wants to be in my queer girl squad"" and that worked for her! People started messaging her to hangout!",low_disagreement,4,-0.0,0.0,0.0,0.0,0.0,"[10920, 6847, 1253, 3944]","[0.0, 0.0, 0.0, 0.0]"
5583,"Fuck the president, fuck the police, and fuck your ass backwards religion.",low_disagreement,3,-0.0,0.0,0.0,0.0,0.0,"[3928, 9609, 9331]","[0.0, 0.0, 0.0]"
34961,"Don't waste my time fags, if you're in my DMs then you're gonna be my fag to exploit so I don't want excuses!  If you're following me then get messaging me to start serving your alpha 💵 #findom #paypig #payslave #Humiliation #blackmail #circlepay #paypal #sissy #cuck #alpha",low_disagreement,4,-0.0,0.0,2.0,2.0,0.0,"[323, 32, 5057, 7743]","[2.0, 2.0, 2.0, 2.0]"
6042,I'm half Chinese and Taiwanese :P,low_disagreement,4,-0.0,0.0,0.0,0.0,0.0,"[1725, 3914, 1911, 2995]","[0.0, 0.0, 0.0, 0.0]"
28714,The #Holocaust was real and so is #ChristianGenocide #STOPChristianGenocide At least 100 Christians incinerated in 'well-targeted attack' - WND URL via @worldnetdaily,low_disagreement,3,-0.0,0.0,0.0,0.0,0.0,"[9559, 8178, 4637]","[0.0, 0.0, 0.0]"
45286,"@Thankyou3403 Elizabeth Warren is nearly as old as Bernie, and just as white.",low_disagreement,3,-0.0,0.0,0.0,0.0,0.0,"[1611, 2485, 5135]","[0.0, 0.0, 0.0]"
16346,"I'm the opposite, I think he's gay and I understand why he feels the need to hide it. His fan base is made up of pre-teen and teen girls who need to think they stand a chance to one day get married to the heart throb on the poster in their bedroom. He is doing it to protect his career until he's at an age where he is no longer a heart throb. He will come out in his mid 30s.",low_disagreement,3,-0.0,0.0,0.0,0.0,0.0,"[3987, 6732, 3866]","[0.0, 0.0, 0.0]"
3288,"Mainly that when I tell people ""oh I'm not really attracted to any one gender, just kinda people"" (my copy-paste response to questions about my attraction) it doesn't mean that I'm sexually attracted to EVERYONE and would just lay down and let anyone have a go at my genitals. As much as I love when non-lgbt people have genuine curiosity in my lgbt stuff, I really dislike it when they assume I want to have sex with them just because I'm not bothered by gender.",low_disagreement,4,-0.0,0.0,0.0,0.0,0.0,"[5281, 10459, 6850, 3972]","[0.0, 0.0, 0.0, 0.0]"
49924,No it's the White Man's Fault,low_disagreement,3,-0.0,0.0,0.0,0.0,0.0,"[4684, 5198, 10303]","[0.0, 0.0, 0.0]"
48386,Send her back! Deport ALL infiltrators NOW! Is the USA the garbage can of the world?,low_disagreement,3,-0.0,0.0,0.0,0.0,0.0,"[684, 3684, 6790]","[0.0, 0.0, 0.0]"
5205,Someone dose this gaylord with a few tabs of LSD. Maybe then he'll finally realize how gay his chain looks on him.,low_disagreement,3,-0.0,0.0,2.0,2.0,0.0,"[6979, 1826, 9325]","[2.0, 2.0, 2.0]"
29378,If I wasn't gay before seeing this i definitely would be after URL,low_disagreement,3,-0.0,0.0,0.0,0.0,0.0,"[7794, 2184, 1931]","[0.0, 0.0, 0.0]"
5894,"she's the type of girl you'd rather fuck her face than her pussy, jesus she's beautiful",low_disagreement,3,-0.0,0.0,0.0,0.0,0.0,"[7554, 7913, 4234]","[0.0, 0.0, 0.0]"
45555,"Lesbian sister married to a black woman. Lesbian and interracial. Killing two PC birds with one stone I see. ""Johnny, tell them what they've won!""",low_disagreement,4,-0.0,0.0,0.0,0.0,0.0,"[5465, 4007, 9735, 6639]","[0.0, 0.0, 0.0, 0.0]"
28391,"On Shabbos, The Jewish People lost one of its greats, R' Nosson Kamenetzky Z""L.  Here is our tribute to the man who brought alive the legacy of the Lithuanian Yeshiva World and is one the inspirations behind #JewishHistorySoundbites: URL",low_disagreement,4,-0.0,0.0,0.0,0.0,0.0,"[8925, 7162, 544, 8875]","[0.0, 0.0, 0.0, 0.0]"
46125,Not if they continue to pay these women more than the men.. the women take home more percentage of the revenue than the men's team..,low_disagreement,4,-0.0,0.0,0.0,0.0,0.0,"[10602, 1745, 2064, 8638]","[0.0, 0.0, 0.0, 0.0]"
43967,"Sister, you can NEVER see a A1 Reporter from India, during Communication, in these WESTERN & AMERICAN MEDIA😂😂😂",low_disagreement,5,-0.0,0.0,0.0,0.0,0.0,"[8728, 6359, 6351, 10731, 5954]","[0.0, 0.0, 0.0, 0.0, 0.0]"
19016,"Good for you. When my daughter told me that she was bi at 14, I just told her that ""this means no more sleepovers"". Who you're attracted to doesn't matter. Who you ARE does. Who you are is a courageous person. That's not a bad thing!",low_disagreement,3,-0.0,0.0,0.0,0.0,0.0,"[1437, 6903, 1122]","[0.0, 0.0, 0.0]"
33434,jesus was not white. israel is not a real country. religion is nonsense. climate change is real and we have to do our part to minimize it. overthrow the bourgeoisie. stop measuring potential with money,low_disagreement,4,-0.0,0.0,0.0,0.0,0.0,"[9931, 11133, 7796, 8017]","[0.0, 0.0, 0.0, 0.0]"
17323,Fuck off faggot lol,low_disagreement,4,-0.0,0.0,2.0,2.0,0.0,"[7439, 1681, 8326, 2070]","[2.0, 2.0, 2.0, 2.0]"
8693,"Nope. Women are equals. If they steal, they get talked to like a thief.",low_disagreement,4,-0.0,0.0,0.0,0.0,0.0,"[3512, 2436, 10738, 3543]","[0.0, 0.0, 0.0, 0.0]"
19751,prOud tO bE pINoy,low_disagreement,4,-0.0,0.0,0.0,0.0,0.0,"[2502, 5560, 10822, 2702]","[0.0, 0.0, 0.0, 0.0]"
2415,Lmao im a lesbian too. Its just something ive picked up on. No one ever mentions the black male Li being their favorite,low_disagreement,4,-0.0,0.0,0.0,0.0,0.0,"[5523, 8744, 342, 3661]","[0.0, 0.0, 0.0, 0.0]"
10315,"> okay, so way to pretty much confirm that youre a fag.  Homophobia. Anything else you say = dismissed.",low_disagreement,3,-0.0,0.0,2.0,2.0,0.0,"[7783, 8075, 3300]","[2.0, 2.0, 2.0]"
45496,These women are a disgrace,low_disagreement,5,-0.0,0.0,0.0,0.0,0.0,"[4144, 3898, 2990, 3104, 5541]","[0.0, 0.0, 0.0, 0.0, 0.0]"
7283,NTA at all. She can go fuck herself.,low_disagreement,3,-0.0,0.0,0.0,0.0,0.0,"[11138, 1112, 691]","[0.0, 0.0, 0.0]"
49950,"Start another regime change war ,,,,,if you think Americans are retarded.",low_disagreement,3,-0.0,0.0,0.0,0.0,0.0,"[3559, 5929, 9935]","[0.0, 0.0, 0.0]"
47447,The Zionist Triangle of Chaos and destruction controlled by Israel They will fight to the last American and British soldier in Iran,low_disagreement,3,-0.0,0.0,0.0,0.0,0.0,"[9158, 2937, 1193]","[0.0, 0.0, 0.0]"
14878,"Thanks for your response. You have a good point that my own question could be equally applied to cis-gendered. As a male myself I hate many aspects of the male gender role, but I still want to be male and see myself as such. Finding how your identity fits in with the rest of society is hard enough for cis-gendered, I respect all the struggles trans people have with that.",low_disagreement,3,-0.0,0.0,0.0,0.0,0.0,"[4180, 9449, 7983]","[0.0, 0.0, 0.0]"
21967,It's almost hard to believe the shayateen were locked away this Ramadan with the way some of you were acting.,low_disagreement,3,-0.0,0.0,0.0,0.0,0.0,"[6653, 4313, 8051]","[0.0, 0.0, 0.0]"
43288,We will annihilate Iran this time. It would be wise if they would shut the hell up and stop with the nukes.,low_disagreement,3,-0.0,0.0,0.0,0.0,0.0,"[5309, 1434, 7387]","[0.0, 0.0, 0.0]"
34367,@celeste01r no offense but i can't stand college niggas,low_disagreement,3,-0.0,0.0,2.0,2.0,0.0,"[5249, 928, 1100]","[2.0, 2.0, 2.0]"
2603,>Rameez Raja: West Indies fans bring a lot of colour. hmmmmmmm,low_disagreement,3,-0.0,0.0,0.0,0.0,0.0,"[8168, 6304, 3551]","[0.0, 0.0, 0.0]"
2481,"I don't think anyone should be supported just because of their race but I do think we should motivate more Asian Americans to run for political positions. That said, he's a good look for Asian Americans. He's well spoken and is liked by the younger generation. Whether or not he gets president I think he is representing us positively and will have plenty of other chances to run for political positions.",low_disagreement,3,-0.0,0.0,0.0,0.0,0.0,"[10763, 9817, 7909]","[0.0, 0.0, 0.0]"
33505,"@ReadMoreScience When guys make jokes about ""loose"" women not having tight vaginas, it's always attributed to them having sex with multiple partners. Because no dude seems to think that they should be careful not to have too much sex with their own partners to avoid vaginal overuse. Bro logic.",low_disagreement,4,-0.0,0.0,0.0,0.0,0.0,"[2394, 5138, 3546, 6633]","[0.0, 0.0, 0.0, 0.0]"
32458,True Christians don't... Defend white supremacists Deny blatant acts of racism Apologize for rape and sexual assault Disregard the poor Turn away refugees Make excuses for adulterers Defend extrajudicial murder by police & excuse injustice Vote fo… URL URL,low_disagreement,3,-0.0,0.0,0.0,0.0,0.0,"[9161, 8454, 2782]","[0.0, 0.0, 0.0]"
43603,"@asad bashir You are a everyday fucked American PIG , American Concentration camps, Americans are fucked stupid PIG PEOPLE inbred white trash",low_disagreement,3,-0.0,0.0,2.0,2.0,0.0,"[1401, 6923, 8195]","[2.0, 2.0, 2.0]"
25170,Sending my very best wishes to Muslims in the UK and around the world celebrating the festival of Eid al-Fitr. #EidMubarak⁠ URL URL,low_disagreement,4,-0.0,0.0,0.0,0.0,0.0,"[4823, 9005, 4066, 8110]","[0.0, 0.0, 0.0, 0.0]"
21606,"Sisters, don't ever take your rights for granted. Before the anti-liberal- feminist backlash- Robyn Urback, Nikki Ashton- women fought for what you take for granted. In other countries, they still are. Argentina: Crowds gather to back pro-choice URL",low_disagreement,3,-0.0,0.0,0.0,0.0,0.0,"[9386, 4021, 3824]","[0.0, 0.0, 0.0]"
14905,"The Philippines loooooves their foreigners. A lot of their leading actors are half Filipino/half white artists who were born outside the country and flew back to capitalize on their European looks. I don't know how much has changed since I left the country in 2005, but Koreans were doing really well in Philippine media too. Heck, I'm pretty sure they've only sent one full-blooded Filipino to compete in Miss Universe since 2015.",low_disagreement,3,-0.0,0.0,0.0,0.0,0.0,"[3993, 7875, 9460]","[0.0, 0.0, 0.0]"
40289,"Your muslims are starving, being mistreated, no place to live and you spend your money on this?",low_disagreement,3,-0.0,0.0,0.0,0.0,0.0,"[5377, 10355, 9824]","[0.0, 0.0, 0.0]"
20585,yea im sure the reason why u dont have a girlfriend is because of abortion...sure....thats it....Vatican flag twitter guy. URL,low_disagreement,3,-0.0,0.0,0.0,0.0,0.0,"[5191, 5356, 7230]","[0.0, 0.0, 0.0]"
11577,Well I dont feel THAT bad for them. I just mean that I'm glad I'm a dude and it's in my control to approach people and ask them out,low_disagreement,3,-0.0,0.0,0.0,0.0,0.0,"[7958, 8404, 10487]","[0.0, 0.0, 0.0]"
11921,"As a Pakistani I've never considered myself middle eastern. Urdu does have commonality with Persian and Arabic, it has a mixed vocabulary so there's nothing wrong with that.",low_disagreement,3,-0.0,0.0,0.0,0.0,0.0,"[10380, 4275, 6233]","[0.0, 0.0, 0.0]"
5502,"A family friend is 6% Sub-Saharan African, and nearly half Native-American, but she looks white.",low_disagreement,4,-0.0,0.0,0.0,0.0,0.0,"[6719, 4144, 3898, 2990]","[0.0, 0.0, 0.0, 0.0]"
14974,thats hole is where putin puts the gays,low_disagreement,3,-0.0,0.0,0.0,0.0,0.0,"[8316, 11070, 5611]","[0.0, 0.0, 0.0]"
30895,@SpeakerPelosi @RepAndreCarson @HouseDemocrats What about the women and the children at the border don't there lives count is it because they're brown or is it because politically you just don't want to make it appear that Trump is winning something change the Asylum laws,low_disagreement,3,-0.0,0.0,0.0,0.0,0.0,"[7626, 10997, 2572]","[0.0, 0.0, 0.0]"
49898,"Being trans in Sweden is ok but we have to deal with so much bureaucracy when we turn to the trans specific healthcare. There's a lot of waiting involved. I reached out to a gender therapist in mid 2016 and waited two years for hormones and 2,5-3 years for top surgery and legal gender reassignment. That sucks when you just need help to live your life as yourself.",low_disagreement,4,-0.0,0.0,0.0,0.0,0.0,"[10422, 8716, 7933, 3386]","[0.0, 0.0, 0.0, 0.0]"
37949,Every Indian happy except @INCIndia members URL,low_disagreement,3,-0.0,0.0,0.0,0.0,0.0,"[1997, 3307, 4402]","[0.0, 0.0, 0.0]"
5266,Execute a nigga right across from you.,low_disagreement,3,-0.0,0.0,2.0,2.0,0.0,"[10484, 4702, 5153]","[2.0, 2.0, 2.0]"
28208,"I am not a super-Christian. But I do know that: Performance-based Christianity is that form of legalism that tries to earn God's love or favor by what we do, or how we perform.... that says that the way to be right with God in every religion is by earning your way.",low_disagreement,3,-0.0,0.0,0.0,0.0,0.0,"[6800, 10346, 5361]","[0.0, 0.0, 0.0]"
11831,"When society began to accept it more, and more people were coming out, I realized ""Hey, what if that's me too?"" I brushed it off for a little while, but slowly realized I liked girls and guys. And that's alright. Youtubers like Eugene from the Try Guys, Dan and Phil, and Thomas Sanders have been a huge inspiration too.",low_disagreement,4,-0.0,0.0,0.0,0.0,0.0,"[6221, 5761, 678, 2559]","[0.0, 0.0, 0.0, 0.0]"
10402,"I went through most of my life so far being ""straight."" Found it super easy to talk to guys, whatever. Then I started to realize all those ""girl crushes"" I was having for YEARS were actually real crushes and quietly decided I'm bisexual. Now I realize maybe talking to guys was easy because I wasn't super into them? I'm really confused, to be honest, but when a woman strikes up a conversation with me (and it feels even slightly flirty) I turn into a giggly trying-to-be-charming mess. So I get this. Hard.",low_disagreement,3,-0.0,0.0,0.0,0.0,0.0,"[4401, 4280, 4112]","[0.0, 0.0, 0.0]"
7404,"Was hoping I'd see your username! You are the cool gay dad to us all in this sub, and you've personally inspired me bloody loads. Congratulations pops!",low_disagreement,3,-0.0,0.0,0.0,0.0,0.0,"[3781, 7668, 1144]","[0.0, 0.0, 0.0]"
22366,@TheTrillAC We of the Faithful Black Men Association nominate you to be the next speaker at our national conference 2020,low_disagreement,4,-0.0,0.0,0.0,0.0,0.0,"[7382, 9128, 7480, 6314]","[0.0, 0.0, 0.0, 0.0]"
3097,"Both are crimes. Influx in crime doesn't mean you ignore it. It takes time to build structures, and until then more criminals means cramped space. When over one hundred thousand people are crossing illegally a month, what else besides this should be expected. There is no best case scenario, unless you want to include people not trying to enter another country illegally.",low_disagreement,4,-0.0,0.0,0.0,0.0,0.0,"[8651, 2078, 3986, 8419]","[0.0, 0.0, 0.0, 0.0]"
5749,"Cis-ally here. Obviously, I would never, ever clock anyone if they don't exactly ""pass"" by society standards. But I do like to go out of my way to offer a sincere compliment on their outfit, purse, hair, etc. I've always received a big smile in return and hopefully I brightened their day. (Of course I compliment random cis people too but it has a little more pride love to my trans bros and sisters.)",low_disagreement,4,-0.0,0.0,0.0,0.0,0.0,"[4720, 1357, 4729, 7701]","[0.0, 0.0, 0.0, 0.0]"
34876,@goodnightnselgo You're literally gay too,low_disagreement,3,-0.0,0.0,0.0,0.0,0.0,"[4019, 5016, 7165]","[0.0, 0.0, 0.0]"
12378,"Honestly ive never really stopped questioning my sexuality, and constantly go back and forth between gay and Ace/Aro, ive just started thinking ""welp if i like someone i like them if i dont i dont"" and just identify as gay because thats whats easy/ comfortable for me. Labels are just there to help you feel comfortable with yourself and find other people who are like you, but if you cant settle on one that's perfectly fine, just take it one day at a time my guy. No stress.",low_disagreement,3,-0.0,0.0,0.0,0.0,0.0,"[1827, 2694, 9069]","[0.0, 0.0, 0.0]"
41735,"🐨Zaza needs  the Holy Spirit dwelling in her to properly under stand whom Jesus is in the Bible, research this site ""gci.org""., and stay a Way from the ""black"" Consciousness community!  👼🐨",low_disagreement,3,-0.0,0.0,0.0,0.0,0.0,"[2964, 2338, 3371]","[0.0, 0.0, 0.0]"
38303,"Although I am in Makkah preparing for Hajj, my prayers and thoughts are with the Muslims of Kashmir. Ominous news from the Hindutva regime that does not bode well for anyone. Allah help the people of Kashmir during these terrifying times.  #Kashmir",low_disagreement,4,-0.0,0.0,0.0,0.0,0.0,"[4110, 6750, 9575, 55]","[0.0, 0.0, 0.0, 0.0]"
46113,+LilSwizzyRecords fuck yourself cunt bitch faggot,low_disagreement,3,-0.0,0.0,2.0,2.0,0.0,"[7096, 3114, 8203]","[2.0, 2.0, 2.0]"
49906,At least he's not gay,low_disagreement,4,-0.0,0.0,0.0,0.0,0.0,"[1299, 8402, 10588, 4335]","[0.0, 0.0, 0.0, 0.0]"
14110,I really wanna destroy her in a gangbang,low_disagreement,3,-0.0,0.0,0.0,0.0,0.0,"[7441, 5501, 4831]","[0.0, 0.0, 0.0]"
40987,"HIDE YO KIDS, HIDE YO WIVES, HIDE YO HUZZBANDS... EVERYBODY RACIST UP IN HERE!",low_disagreement,3,-0.0,0.0,0.0,0.0,0.0,"[6691, 1028, 6749]","[0.0, 0.0, 0.0]"
44998,He is great.. but i like the chinese better at asias got talent.. cause the chinese looks like thhe hoop as his lover.. he is more intimate to the hoop..,low_disagreement,3,-0.0,0.0,0.0,0.0,0.0,"[519, 4552, 8167]","[0.0, 0.0, 0.0]"
22926,Happy pride month!!🏳️‍🌈 Your administration: - banned transgenders from the military  - proposed a law that would allow health-care providers to discriminate based on gender identity  - left it up the Supreme Court to decide if the LGBT community are humans/treated like one URL,low_disagreement,4,-0.0,0.0,0.0,0.0,0.0,"[2622, 5323, 2576, 3105]","[0.0, 0.0, 0.0, 0.0]"
37573,@AnwarLodhi How can you leave such a comment. Pakistan is on the verge of sinking totally. Where on earth are you living without knowing the facts. Even a Pakistani will laugh at your comment. If you are so intolerant better leave india or new law may emerge to deport you.,low_disagreement,4,-0.0,0.0,0.0,0.0,0.0,"[9957, 8620, 8184, 6312]","[0.0, 0.0, 0.0, 0.0]"
37360,@MickMulvaneyOMB - @realDonaldTrump lambastes immigrants on a daily basis & blames them for all of America's problems. He is contributing to the rise of hateful attacks in this country. #calloutwhitesupremacy #DomesticTerrorism (1/2),low_disagreement,3,-0.0,0.0,0.0,0.0,0.0,"[7720, 6375, 700]","[0.0, 0.0, 0.0]"
31454,@marcorubio Fake ass Christian,low_disagreement,3,-0.0,0.0,0.0,0.0,0.0,"[3503, 11043, 4220]","[0.0, 0.0, 0.0]"
47478,She deserves the utmost respect. What she's doing for the Black Community is exceptional. Using her power and privilege the right way.,low_disagreement,3,-0.0,0.0,0.0,0.0,0.0,"[7014, 11053, 94]","[0.0, 0.0, 0.0]"
40131,Fuck you queers you ain't coming to my city cuz we hate you people will fucking kill you and sleep good at night,low_disagreement,3,-0.0,0.0,2.0,2.0,0.0,"[1640, 2879, 9546]","[2.0, 2.0, 2.0]"
24157,Fck those niggas,low_disagreement,3,-0.0,0.0,2.0,2.0,0.0,"[5095, 4515, 3800]","[2.0, 2.0, 2.0]"
13225,sending messages of infinite support and validity as an amab trans person who feels similarly!,low_disagreement,3,-0.0,0.0,0.0,0.0,0.0,"[1021, 1595, 2810]","[0.0, 0.0, 0.0]"
19876,"Wow, god bless you man. Endless respect. Feels genuinely beautiful being a BI enthusiast!",low_disagreement,3,-0.0,0.0,0.0,0.0,0.0,"[7504, 3700, 8799]","[0.0, 0.0, 0.0]"
41499,"10,000 BC? There is no Christ in Westeroes.",low_disagreement,4,-0.0,0.0,0.0,0.0,0.0,"[2070, 8064, 3338, 8435]","[0.0, 0.0, 0.0, 0.0]"
36058,Police have arrived to the #JewsAgainstICE action in Portland. How long will they continue to arrest Jews protesting Concentration Camps?  URL,low_disagreement,4,-0.0,0.0,0.0,0.0,0.0,"[9496, 8048, 1870, 2055]","[0.0, 0.0, 0.0, 0.0]"
48398,These are dumb faggots I ever knew wow,low_disagreement,4,-0.0,0.0,2.0,2.0,0.0,"[7736, 631, 8713, 9038]","[2.0, 2.0, 2.0, 2.0]"
12017,"Im chinese but have really dark skin due to my parent's genes,and I agree,my country's(singapore) people are all friends with different races and religions.",low_disagreement,3,-0.0,0.0,0.0,0.0,0.0,"[3956, 6026, 5816]","[0.0, 0.0, 0.0]"
32021,Dave chappelle literally said biggie was down the street selling Tupac T shirts lmao y'all niggas hella soft 😂😂😂😂😂😂😂,low_disagreement,3,-0.0,0.0,2.0,2.0,0.0,"[6267, 2358, 4135]","[2.0, 2.0, 2.0]"
28159,"Cher says, ""women are the future!"" Sounds sexist to me. I mean, I'd like to be the future too.",low_disagreement,4,-0.0,0.0,0.0,0.0,0.0,"[5227, 3917, 8077, 1674]","[0.0, 0.0, 0.0, 0.0]"
7591,That may be the case for some people but I wasn't properly raised in the church. Technically I was but my parents never by pressure on me and my siblings to be a part of it and I even have a sibling who doesn't. I genuinely didn't believe in the church until recently and I would only go to church to see my friends when I wanted to. But I decided to make the change for myself and not because anyone pressured me. So in my case you're wrong,low_disagreement,3,-0.0,0.0,0.0,0.0,0.0,"[8775, 3175, 11011]","[0.0, 0.0, 0.0]"
2944,women be crazy when they dont get the D,low_disagreement,3,-0.0,0.0,0.0,0.0,0.0,"[1802, 2210, 3187]","[0.0, 0.0, 0.0]"
12100,"Maybe it's because lesbians like vaginas and you don't have one, or maybe because you still look like a man.",low_disagreement,4,-0.0,0.0,0.0,0.0,0.0,"[10012, 3788, 6635, 8225]","[0.0, 0.0, 0.0, 0.0]"
7736,"Me and my girlfriend argued about this for a solid 40 minutes before we realized it wasn't worth it But my point is that it's impossible to be uncomfortable with a change in skin color without coming off racist, especially since this is the SECOND black Disney princess.",low_disagreement,3,-0.0,0.0,0.0,0.0,0.0,"[1084, 2478, 10694]","[0.0, 0.0, 0.0]"
176,"I feel this so hard. Cis folks seem to have this weird idea that being trans is all suffering and hating ourselves, but things tend to get better for us when we come out, not worse. The isolation and misery is usually related to trying to live the way they expect us to.  My happiness, relationship health, and overall well-being improved drastically when I came out and keeps getting better every day.",low_disagreement,4,-0.0,0.0,0.0,0.0,0.0,"[5512, 7148, 10664, 2174]","[0.0, 0.0, 0.0, 0.0]"
25763,"Good news for gay rights in Hong Kong, with caveats (e.g. the court didn't rule on whether same-sex couples have the right to marry under HK law) URL",low_disagreement,3,-0.0,0.0,0.0,0.0,0.0,"[3834, 6608, 9222]","[0.0, 0.0, 0.0]"
3545,"i agree,solidarity between people of color is important! the AAPI group and the BSU group at my college work together some and it's been super important since we're on a majority white campus in a majority white state",low_disagreement,4,-0.0,0.0,0.0,0.0,0.0,"[10063, 715, 8993, 10011]","[0.0, 0.0, 0.0, 0.0]"
3216,"She'd cum so hard from being used. Imagine her eyes rolling back in her head as two long, fat cocks drill balls-deep into her cunt and asshole while her mouth gets used as a fleshlight for the other cocks waiting their turn for her holes.",low_disagreement,3,-0.0,0.0,0.0,0.0,0.0,"[8738, 7624, 4706]","[0.0, 0.0, 0.0]"
22208,Everything about America comes from other countries' cultures b/c a bunch of immigrants came when America had a tiny ass population. Stopping that when brown & black people come is inherently racist when immigrants were ok with slavery as the only way for brown people to enter URL,low_disagreement,3,-0.0,0.0,0.0,0.0,0.0,"[9216, 3001, 3653]","[0.0, 0.0, 0.0]"
40734,She is refugee too from Kosovo,low_disagreement,4,-0.0,0.0,0.0,0.0,0.0,"[10241, 1697, 7369, 7176]","[0.0, 0.0, 0.0, 0.0]"
38309,I want to destroy your pussy,low_disagreement,3,-0.0,0.0,0.0,0.0,0.0,"[1175, 8478, 10734]","[0.0, 0.0, 0.0]"
28497,"Is it valid to not want to be a girl for social reasons? To reject it for the sake of empowerment, despite the fact that I should be expected to find empowerment without abandoning my expected gender?",low_disagreement,4,-0.0,0.0,0.0,0.0,0.0,"[624, 8738, 3130, 7624]","[0.0, 0.0, 0.0, 0.0]"
37683,@oldhandhyd Lets not forget that we have more such people in India.  URL,low_disagreement,3,-0.0,0.0,0.0,0.0,0.0,"[3104, 5541, 4648]","[0.0, 0.0, 0.0]"
42471,"""Don't open your door"" ice isn't the police they'll get you one way or another",low_disagreement,3,-0.0,0.0,0.0,0.0,0.0,"[6435, 8503, 5324]","[0.0, 0.0, 0.0]"
37656,@IfraJan_ You guys backstabbed us Kashmiris by siding with the occupational forces. Enough with your pity party.,low_disagreement,3,-0.0,0.0,0.0,0.0,0.0,"[1252, 7136, 4624]","[0.0, 0.0, 0.0]"
12264,"> Where do we disagree on the term logos? The Torah / Word defines God's logos. it's less a sense of ""torah"" instruction, and more a platonic form of rationality. > How do you interpret John 1:1? that john thinks jesus was the incarnation of philo's coming messiah, who would be the logos. > Many twist Paul.  i don't think i am. paul clearly thinks jews are still held to the law, but that christians do not have to convert judaism. christians are outside the law by merit of ancestry.",low_disagreement,3,-0.0,0.0,0.0,0.0,0.0,"[3618, 3357, 6433]","[0.0, 0.0, 0.0]"
3296,no you fucker we don't want reparations. what are you? a non-european?,low_disagreement,4,-0.0,0.0,0.0,0.0,0.0,"[9261, 522, 2384, 7864]","[0.0, 0.0, 0.0, 0.0]"
46330,Bi-racial lesbian...? Why did I feel like she shouldn't have to say that?,low_disagreement,3,-0.0,0.0,0.0,0.0,0.0,"[6884, 7614, 7314]","[0.0, 0.0, 0.0]"
23235,@Mooglet1 @c3convertase @MasterMorgan317 @Crystal_belle lol im not sure in the current transgender climate that you guys qualify as female.. ;P,low_disagreement,3,-0.0,0.0,0.0,0.0,0.0,"[9522, 4257, 615]","[0.0, 0.0, 0.0]"
24351,"I really got no remorse when it come to this behavior , I hope they find n KILL THESE NIGGAS waste of humans URL",low_disagreement,3,-0.0,0.0,2.0,2.0,0.0,"[2006, 3747, 6290]","[2.0, 2.0, 2.0]"
28781,We can never forget that the fight for trans lives is global. #RestInPower #SantiagoCarvajal URL,low_disagreement,3,-0.0,0.0,0.0,0.0,0.0,"[9461, 555, 2302]","[0.0, 0.0, 0.0]"
30394,Jump who nigga u støøpid I really wish so everyone in the wood can stomp you out like the cockroach face u are,low_disagreement,4,-0.0,0.0,2.0,2.0,0.0,"[10277, 8815, 10168, 6928]","[2.0, 2.0, 2.0, 2.0]"
10109,"This is the type of guy that blames women for not sleeping with him, while having no idea it's really because he has a shitty personality",low_disagreement,3,-0.0,0.0,0.0,0.0,0.0,"[7017, 1873, 5809]","[0.0, 0.0, 0.0]"
14849,"You know been like other girls isn't actually as great as it could look like, cause society don't expect you to be like that and you lice and that society. I have been in both sides and I prefer to be a normie by far",low_disagreement,3,-0.0,0.0,0.0,0.0,0.0,"[1878, 5719, 265]","[0.0, 0.0, 0.0]"
20499,I don't think men understand that women will burn this country to the ground if they keep going on this path,low_disagreement,4,-0.0,0.0,0.0,0.0,0.0,"[8601, 5058, 10602, 1745]","[0.0, 0.0, 0.0, 0.0]"
48533,I recently met a woman from El Salvador and this woman is amazing!!! I will never date another western woman again!,low_disagreement,3,-0.0,0.0,0.0,0.0,0.0,"[10028, 373, 5118]","[0.0, 0.0, 0.0]"
19545,It's okay as girls are not too good at chess coz they are busy playing with barbie dolls,low_disagreement,4,-0.0,0.0,0.0,0.0,0.0,"[8569, 2959, 1473, 5862]","[0.0, 0.0, 0.0, 0.0]"
14054,I would love to fill your pregnant womb with more seed and watch it drip from your pussy down to your quivering little asshole.,low_disagreement,4,-0.0,0.0,0.0,0.0,0.0,"[639, 10299, 8353, 7131]","[0.0, 0.0, 0.0, 0.0]"
30512,"I've heard many horror stories about female best friends, but alhamdulillah I've never experienced anything bad. Some of my fiancé's best friends are girls and I love them. They've known each other longer and they were there through his roughest times. I'm glad they're around. URL",low_disagreement,4,-0.0,0.0,0.0,0.0,0.0,"[8978, 638, 6735, 1657]","[0.0, 0.0, 0.0, 0.0]"
5798,"""Go and attack the Amalekites! Destroy them and all their possessions. Don't have any pity. Kill their men, women, children, and even their babies. Slaughter their cattle, sheep, camels, and donkeys"" Then there is Jephthah, who burned his only daughter alive for God at his command. I wonder how many of these people have read the bible.",low_disagreement,4,-0.0,0.0,0.0,0.0,0.0,"[1911, 2995, 3274, 9452]","[0.0, 0.0, 0.0, 0.0]"
5307,I feel zero attraction towards woman taller than me. This is my taste.,low_disagreement,3,-0.0,0.0,0.0,0.0,0.0,"[7590, 1831, 5722]","[0.0, 0.0, 0.0]"
44411,is this woman right in her head,low_disagreement,4,-0.0,0.0,0.0,0.0,0.0,"[9231, 694, 10558, 7954]","[0.0, 0.0, 0.0, 0.0]"
7359,You are going to be okay. I had to struggle with accepting my sexuality: I asked God to take it from me when I was younger. Understand that this is part of what makes you awesome. Maybe connect with others who are going through something similar that you may know. Other gay people? I support you!,low_disagreement,4,-0.0,0.0,0.0,0.0,0.0,"[10998, 3089, 10716, 4759]","[0.0, 0.0, 0.0, 0.0]"
23402,"@BettyWBC So fuck ya, and the fags nobody cares . Its just people you never took time with. Got a neighborhood of fag haters. And a fag house looking at ya",low_disagreement,3,-0.0,0.0,2.0,2.0,0.0,"[8404, 10487, 5065]","[2.0, 2.0, 2.0]"
37777,"When you go to the grocery store, shop around the edges because that's where you can find fresh produce, dairy, proteins and exits for when a white supremacist enters with an assault rifle to kill you in cold blood.",low_disagreement,4,-0.0,0.0,0.0,0.0,0.0,"[5782, 6434, 4049, 2322]","[0.0, 0.0, 0.0, 0.0]"
11347,Why would women make this? They dont know that when men are not man spreading their bollocks are getting squished by their legs. A woman cannot understand what this is like due to them not having any bollocks. Men man spread because it helps them relax after a stressful day only to be told by a woman (who has probably done nothing all day) that they can't do it.,low_disagreement,4,-0.0,0.0,0.0,0.0,0.0,"[2378, 4425, 1045, 8849]","[0.0, 0.0, 0.0, 0.0]"
10562,Typical American trash,low_disagreement,3,-0.0,0.0,0.0,0.0,0.0,"[7865, 653, 2039]","[0.0, 0.0, 0.0]"
48250,These four women should be kicked out of this country. They're are all spreading hate for no reason.,low_disagreement,4,-0.0,0.0,0.0,0.0,0.0,"[5319, 10665, 10698, 787]","[0.0, 0.0, 0.0, 0.0]"
25665,He should have rebuked his entire church not apologize. Ol soft Christianity URL,low_disagreement,3,-0.0,0.0,0.0,0.0,0.0,"[284, 3295, 896]","[0.0, 0.0, 0.0]"
38365,if my boy is hetero i will be disappointed but im still gonna accept him bc hes my baby,low_disagreement,3,-0.0,0.0,0.0,0.0,0.0,"[4806, 7123, 6682]","[0.0, 0.0, 0.0]"
48114,Illegal immigrants should be called illegal immigrants and not migrants. They entered the country illegally and that makes them guilty of a crime. Stop it with the silly liberal Democrat double-speak.,low_disagreement,3,-0.0,0.0,0.0,0.0,0.0,"[10825, 10383, 4373]","[0.0, 0.0, 0.0]"
16468,"Looking for a ""family"" to support him, because he is great in bed and well hung.  What. The. Fuck?",low_disagreement,3,-0.0,0.0,0.0,0.0,0.0,"[10680, 7789, 1413]","[0.0, 0.0, 0.0]"
23972,Love being told how I should feel by men on twitter.. Guys: I wish women would tell us how they feel Women: literally tell you how we feel Guys: mainsplain why they wouldn't feel that way if they were in that position Women: ............,low_disagreement,4,-0.0,0.0,0.0,0.0,0.0,"[4162, 8941, 10298, 7150]","[0.0, 0.0, 0.0, 0.0]"
5441,"I think it takes time to get to that point when LGBT was beaten down collectively for so long, now it's swung clear in the opposite direction, when it would be awesome to just get to a point where sexual orientation is as normal as any other trait. But hey, for the time being, the rainbow aesthetic is pretty lit.",low_disagreement,4,-0.0,0.0,0.0,0.0,0.0,"[6865, 9440, 9417, 6271]","[0.0, 0.0, 0.0, 0.0]"
11773,"I've literally never come out as bi but if anyone asks I'll tell them, it's not a big deal so I never made a declaration about it lol",low_disagreement,3,-0.0,0.0,0.0,0.0,0.0,"[6124, 2506, 1765]","[0.0, 0.0, 0.0]"
23922,From 2017: #Muslims Who Saved #Jewish People During the #Holocaust URL,low_disagreement,3,-0.0,0.0,0.0,0.0,0.0,"[7595, 3498, 7539]","[0.0, 0.0, 0.0]"
3150,Are you implying that a __true__ mgtow would pass a chance to insult women as a __species__?,low_disagreement,4,-0.0,0.0,0.0,0.0,0.0,"[1471, 2606, 3752, 4791]","[0.0, 0.0, 0.0, 0.0]"
17918,"Suck my dick, faggot. Chapo banned me for calling them niggers.",low_disagreement,3,-0.0,0.0,2.0,2.0,0.0,"[10683, 3475, 7266]","[2.0, 2.0, 2.0]"
41279,Ugh boy I feel your pain... it's so hard. It's really hard. But I am beyond happy the world slowly becomes a more and more better place for LGBTQ+ people.,low_disagreement,4,-0.0,0.0,0.0,0.0,0.0,"[5731, 9908, 677, 563]","[0.0, 0.0, 0.0, 0.0]"
31678,Is awkwafina the only female east asian in hollywood..... can we get rid of her please,low_disagreement,4,-0.0,0.0,0.0,0.0,0.0,"[9408, 1132, 669, 6273]","[0.0, 0.0, 0.0, 0.0]"
1701,"My husband and I are an inter-ethnic couple but he cemented my Asian pride overall as well and being with him has made me more resilient. We've had many obstacles in our relationship; from maintaining a LDR after graduating college, completing mandatory service, and now jumping through hurdles for his immigration. As a result, I had no patience for my so-called friends who cried about their ""unique"" WMAF relationship merely being judged.",low_disagreement,3,-0.0,0.0,0.0,0.0,0.0,"[4415, 8140, 4867]","[0.0, 0.0, 0.0]"
20666,Cutting these niggas off,low_disagreement,4,-0.0,0.0,2.0,2.0,0.0,"[10332, 6528, 8701, 8783]","[2.0, 2.0, 2.0, 2.0]"
30713,Hot muscular tattooed dude jerks off and blows a nice load. URL,low_disagreement,3,-0.0,0.0,0.0,0.0,0.0,"[6410, 6316, 2346]","[0.0, 0.0, 0.0]"
47352,"I'm Mormon I don't think our church is that strict I just think it's harder to live as the world becomes increasingly wicked. I've seen things, I've read things, and I felt too much to know that God dosent exist.  The lds church is actually very particular to each person and their intimate relationship with God.",low_disagreement,3,-0.0,0.0,0.0,0.0,0.0,"[7924, 2285, 6655]","[0.0, 0.0, 0.0]"
5349,"Statistically, even with school shootings I have a higher probability of a long life than your typical Nig. You know, because Nigs gonna Nig.",low_disagreement,3,-0.0,0.0,2.0,2.0,0.0,"[10254, 7090, 10475]","[2.0, 2.0, 2.0]"
31699,Idk how the important females I dealt with put up with my ass,low_disagreement,3,-0.0,0.0,0.0,0.0,0.0,"[9851, 4175, 2516]","[0.0, 0.0, 0.0]"
11977,"Although it's primarily an American concept and ""white"" is an American cultural group, so really Europeans, even Swedes as Norwegians, are not white.",low_disagreement,4,-0.0,0.0,0.0,0.0,0.0,"[1472, 6166, 9483, 1867]","[0.0, 0.0, 0.0, 0.0]"
28619,I always felt there was a conflict in what India does at the UN and says in Palestine. At least now the #Palestinians know the true fascist face of #India  URL,low_disagreement,3,-0.0,0.0,0.0,0.0,0.0,"[3307, 4402, 3886]","[0.0, 0.0, 0.0]"
5870,Your pussy fucked first while my fingers be on that ass hole,low_disagreement,3,-0.0,0.0,0.0,0.0,0.0,"[6948, 903, 4269]","[0.0, 0.0, 0.0]"
15137,Where i can get this kind of girl to fuck,low_disagreement,3,-0.0,0.0,0.0,0.0,0.0,"[7283, 4092, 2855]","[0.0, 0.0, 0.0]"
20838,"@omobobola247 @TomiwaSage This is one of, if not the best posts I've ever read on twitter. May Allah accept his and our prayers. We can sin all we want but our hearts always yearn for our Creator.",low_disagreement,3,-0.0,0.0,0.0,0.0,0.0,"[73, 5820, 10512]","[0.0, 0.0, 0.0]"
30232,People pointing out privileges you benefit from because of your light skin ≠ people diminishing the fact that you've experienced racism.  But there's a difference between the way dark skinned people are viewed/treated in comparison to our lighter counterparts & it's systemic.,low_disagreement,4,-0.0,0.0,0.0,0.0,0.0,"[10698, 787, 2561, 7948]","[0.0, 0.0, 0.0, 0.0]"
24100,"Bishop Robert Barron: SB 360, a piece of proposed legislation currently making its way through the California state senate, should alarm not only every Catholic in the country, but indeed the adepts of any religion. #dioceseoforange #occatholic URL URL",low_disagreement,4,-0.0,0.0,0.0,0.0,0.0,"[792, 10605, 3540, 11036]","[0.0, 0.0, 0.0, 0.0]"
1866,"Over 90% of the Indian population makes less than $5,000 per year. So $600 per month would put you in a position of privilege.",low_disagreement,3,-0.0,0.0,0.0,0.0,0.0,"[259, 4466, 951]","[0.0, 0.0, 0.0]"
6410,"Good luck! I find that i general, girls are far more open to try more masculine things, they see it 'empowering' but boys aren't at all tolerant of feminine things. Of course, there are some feminine boys, but the exception, not the norm.",low_disagreement,4,-0.0,0.0,0.0,0.0,0.0,"[10511, 10415, 4446, 130]","[0.0, 0.0, 0.0, 0.0]"
48454,"Not racist at all, this looks awesomely fair to me. White billionaire pays the class of 2019 of a mostly white college would be labeled. So what about 2020 and on? This is craziness.",low_disagreement,4,-0.0,0.0,0.0,0.0,0.0,"[7119, 8024, 5491, 5879]","[0.0, 0.0, 0.0, 0.0]"
35317,"Don't vote for that Jew is you don't want to be a Jew supporter. Signed, Nazi Germany",low_disagreement,3,-0.0,0.0,2.0,2.0,0.0,"[8716, 7933, 3386]","[2.0, 2.0, 2.0]"
47292,Good luck on that one China should drop you all on your fat heads .,low_disagreement,3,-0.0,0.0,0.0,0.0,0.0,"[5464, 403, 2281]","[0.0, 0.0, 0.0]"
3942,"> If a gay person said that they were uncomfortable with watching heterosexual sex scenes, most of us would consider that okay.  You don't even need discomfort. I am not *uncomfortable* watching heterosexual sex scenes, but straight sex does nothing for me, and each year you can count with your fingers the number of movies where the sex scene is plot relevant in any way.  So I would be perfectly happy with watching over 95% of the movies that have them with the sex scenes removed.",low_disagreement,3,-0.0,0.0,0.0,0.0,0.0,"[1516, 2063, 10446]","[0.0, 0.0, 0.0]"
32704,"@shoe0nhead Fun fact: Disney wouldn't be ""making"" Valkyrie gay/bi, they'd be keeping true to the comics. URL",low_disagreement,3,-0.0,0.0,0.0,0.0,0.0,"[1966, 9491, 6419]","[0.0, 0.0, 0.0]"
49766,"18 % latinos here ,imagine in 2050 ,I have 27 sibbling ,boom you the minority ,sorry",low_disagreement,3,-0.0,0.0,0.0,0.0,0.0,"[8625, 6523, 6513]","[0.0, 0.0, 0.0]"
20384,i don't take that shit serious at all only insecure weird ass niggas complain about that URL,low_disagreement,3,-0.0,0.0,2.0,2.0,0.0,"[4220, 5891, 3788]","[2.0, 2.0, 2.0]"
31268,"@judgejules75 @ForwomenScot @VictoriaPeckham @Miss_Leeze @gordon_struth @MumofC @RedQueenRising @maitlis @scotgov In the UK a male doctor is required to have a female chaperone when carrying out intimate examinations. This too is been disregarded by some males who id as transwomen. It disregards female patients protections, consent issues, safeguards & best practice. URL",low_disagreement,3,-0.0,0.0,0.0,0.0,0.0,"[7074, 8194, 1379]","[0.0, 0.0, 0.0]"
27530,"@interesteLILA YES, WE'RE BOTH GAY",low_disagreement,3,-0.0,0.0,0.0,0.0,0.0,"[3046, 11139, 10377]","[0.0, 0.0, 0.0]"
11001,Sounds like the kinda wholsesome life I'd die for ❤️ never met any black Lesbians before so i guess you're my first ever.,low_disagreement,3,-0.0,0.0,0.0,0.0,0.0,"[527, 7003, 8433]","[0.0, 0.0, 0.0]"
43325,"Simple try to relocate the Immigrants to another state.provide accomodation,a make shift school, where they can do agriculture ,provide them with the necessary tools and leadership with guidance , and security to prevent burglary/theft,crime within themselves thus in the meantime processing their documents",low_disagreement,3,-0.0,0.0,0.0,0.0,0.0,"[958, 6459, 4861]","[0.0, 0.0, 0.0]"
13391,"I say make sure you're safe coming out, and then come out when you feel comfortable about coming out. Don't let anyone force you to come out or make you feel bad for not being out. We're all on our own journey.",low_disagreement,3,-0.0,0.0,0.0,0.0,0.0,"[1665, 8639, 552]","[0.0, 0.0, 0.0]"
15894,"The reason why you find it okay is because you and your friend have a mutual understanding with each other. Now try doing the same in front of an Indian stranger. The fact of the matter is different people have different level of tolerance towards stereotyping and this affects their understanding of what constitutes casual racism. So when dealing with the public, it's best to prepare for the worst. Sometimes, you can get away with it but things like this can happen too.",low_disagreement,3,-0.0,0.0,0.0,0.0,0.0,"[5654, 11026, 7283]","[0.0, 0.0, 0.0]"
23194,"happy pride month. i don't care if you stan skz or not, everyone who sees this is obligated to reply with ""minsung gay"". URL",low_disagreement,3,-0.0,0.0,0.0,0.0,0.0,"[8011, 11068, 1257]","[0.0, 0.0, 0.0]"
18739,"Partly true. The Catholic sacrament of marriage is part of the seven sacraments. I'm just saying that to say ""hindi pagmamay-ari ng religion ang marriage"" is not entirely correct in the context of the sacraments.",low_disagreement,3,-0.0,0.0,0.0,0.0,0.0,"[4742, 9687, 4410]","[0.0, 0.0, 0.0]"
901,It's the same as bisexual.,low_disagreement,3,-0.0,0.0,0.0,0.0,0.0,"[7961, 871, 4102]","[0.0, 0.0, 0.0]"
7241,"Majority of my best friends have been straight guys. We can gush about girls together, share similar interests and hobbies, and overall there's no worry about being attracted to them (on my end at least lol). Whereas with girl friends I'll usually end up crushing on them at first (or maybe for a while) which I think changes the way I act around them slightly? Anywho ya I like having straight guy friends. Glad you found a good one too!",low_disagreement,4,-0.0,0.0,0.0,0.0,0.0,"[4246, 8728, 6359, 6351]","[0.0, 0.0, 0.0, 0.0]"
33513,Bitch u was at my graduation and just starred at me u ugly fuck ur hella fuckin gay u faggot ass bitch go suck gang dick bitch before i gotta go nigga mode n slap u myself u dusty ass ashy ass bitch,low_disagreement,3,-0.0,0.0,2.0,2.0,0.0,"[10979, 5557, 4966]","[2.0, 2.0, 2.0]"
6594,I agree with you but supporting the LGBT+ community as a straight person in Hip-hop is big and kind of paves the way for others to come out or express their support for the community.,low_disagreement,3,-0.0,0.0,0.0,0.0,0.0,"[4813, 5711, 2112]","[0.0, 0.0, 0.0]"
14745,I'd fuck her like a wild laminal.,low_disagreement,4,-0.0,0.0,0.0,0.0,0.0,"[10106, 6946, 9779, 10925]","[0.0, 0.0, 0.0, 0.0]"
30342,"""I believe it is important for me to make clear my support for the rights of women, the LGBTQ community and freedom of expression."" In a statement to the AP, rapper @NICKIMINAJ announced that she will not perform at a July 18 concert in Saudi Arabia. URL",low_disagreement,4,-0.0,0.0,0.0,0.0,0.0,"[1839, 4395, 3370, 5352]","[0.0, 0.0, 0.0, 0.0]"
5613,Strip off the top tease every inch of her body then peel those panties off and eat that pink pussy till she begs me to fuck her,low_disagreement,3,-0.0,0.0,0.0,0.0,0.0,"[9128, 7480, 6314]","[0.0, 0.0, 0.0]"
22354,"I really wish I could save all women wishing to escape the evil that is Islamic tyranny and enslavement. All this BS in the 21st Century, wait, they are stuck in 7th Century barbarism.",low_disagreement,3,-0.0,0.0,0.0,0.0,0.0,"[2322, 4429, 7452]","[0.0, 0.0, 0.0]"
5309,"Well, the Bible is silent on abortion but does occasionally dabble in child murder. Can't dash the unborn against a stone, yannoe?",low_disagreement,4,-0.0,0.0,0.0,0.0,0.0,"[5159, 5221, 335, 4358]","[0.0, 0.0, 0.0, 0.0]"
1284,"poor: polish sea, polish mountains rich: polish sea, polish mountains we also like to occupy croatia/spain/italy for some reason",low_disagreement,3,-0.0,0.0,0.0,0.0,0.0,"[9158, 2937, 1193]","[0.0, 0.0, 0.0]"
47579,"this video makes me so uncomfortable because tbh Shawn gives me such gay vibes, to see him getting sexual with a girl while i think he's gay just doesn't look pretty",low_disagreement,3,-0.0,0.0,0.0,0.0,0.0,"[5147, 5510, 5286]","[0.0, 0.0, 0.0]"
6906,The following comment by wolfwolfz was *[openly](URL greylisted. The original comment can be found(in censored form) at this link: URL CryptoCurrency/comments/bxhan3/-/eq7bpu2?context=4 The original comment's content was as follows: --- > Stop giving this fag exposure,low_disagreement,4,-0.0,0.0,2.0,2.0,0.0,"[101, 1267, 2172, 8718]","[2.0, 2.0, 2.0, 2.0]"
27190,i really don't understand females..,low_disagreement,4,-0.0,0.0,0.0,0.0,0.0,"[9712, 8206, 2530, 5908]","[0.0, 0.0, 0.0, 0.0]"
270,"fuck yeah trans rights! be who you wanna be and not what society tries to impose upon you, no matter what anybody says, YOU ARE YOU. and you are NOT the generic cookie cutter blueprint society has for you and everyone else! i hope this message gives someone hope, or happiness, or anything. 😁",low_disagreement,3,-0.0,0.0,0.0,0.0,0.0,"[557, 2219, 3458]","[0.0, 0.0, 0.0]"
50049,@Loving Israel I'm speaking in regards to America! We don't care about what happens in other places.,low_disagreement,3,-0.0,0.0,0.0,0.0,0.0,"[10397, 10919, 2568]","[0.0, 0.0, 0.0]"
13099,"I watched a doc about AAs returning to Ghana, western Africa being the home of most people with African heritage (who were descendants of slaves) in the US. They are welcomed and looked upon as apart of the Africans diaspora.",low_disagreement,4,-0.0,0.0,0.0,0.0,0.0,"[10989, 5461, 2089, 10548]","[0.0, 0.0, 0.0, 0.0]"
42406,@jeremiah sams Exactly. You can tell most of our people don't have any money or talk to folks with a little change because if they did they'd get off that Democratic BS. The Democrats want Black folks broke with their hands out.,low_disagreement,4,-0.0,0.0,0.0,0.0,0.0,"[2237, 6458, 7615, 923]","[0.0, 0.0, 0.0, 0.0]"
46668,All white people are pedophile enablers becuase white men lead the world in pedophiliia. From the church to the classroom.,low_disagreement,3,-0.0,0.0,2.0,2.0,0.0,"[7871, 1920, 4320]","[2.0, 2.0, 2.0]"
5595,fuck that fag,low_disagreement,3,-0.0,0.0,2.0,2.0,0.0,"[174, 1078, 9296]","[2.0, 2.0, 2.0]"
20618,Saint Dr. @Gurmeetramrahim ji has always guided human being for girl rights and safety all girls are #कुल_का_क्राउन a title given by guruji to who are the only child of their parent and doesn't leave their home post marriage..  #बेटियां_लाएंगी_बारात URL,low_disagreement,3,-0.0,0.0,0.0,0.0,0.0,"[7444, 2887, 1150]","[0.0, 0.0, 0.0]"
37904,Keep killing us white boys. You have made america a war zone. Trump and #MAGATerrorism you own this. Republicans are terrorist that only want the white race to live. And those wil even kill dems to own a libtard. Kill all out babies for sport and fun. Kkk nazi fuck.We will fight. URL,low_disagreement,3,-0.0,0.0,2.0,2.0,0.0,"[1890, 2977, 817]","[2.0, 2.0, 2.0]"
23653,we are equal  we are Muslims URL,low_disagreement,3,-0.0,0.0,0.0,0.0,0.0,"[8286, 2807, 5972]","[0.0, 0.0, 0.0]"
44237,Love from pakistan your brotherhood country,low_disagreement,3,-0.0,0.0,0.0,0.0,0.0,"[1275, 2517, 7168]","[0.0, 0.0, 0.0]"
35404,"We're here, we're queer, we're gonna know that you have to be good and kinky and then maybe you could just go home",low_disagreement,3,-0.0,0.0,0.0,0.0,0.0,"[1704, 1148, 9517]","[0.0, 0.0, 0.0]"
49276,Many people are forgetting that the one who was murdered was black too.,low_disagreement,4,-0.0,0.0,0.0,0.0,0.0,"[10577, 5002, 7950, 6808]","[0.0, 0.0, 0.0, 0.0]"
29696,@alex_girl97 @PontiacMadeDDG Your pussy bouncing all on a nigga dick,low_disagreement,3,-0.0,0.0,2.0,2.0,0.0,"[1330, 10254, 7090]","[2.0, 2.0, 2.0]"
48145,"These women are absolutely shameful, how did they get elected? Illegal immigrants are impatient plain and simple, while others go through the proper channels of entering the United States legally, they impatiently try to skip ahead in line. Wait your Turn",low_disagreement,3,-0.0,0.0,0.0,0.0,0.0,"[7074, 8194, 1379]","[0.0, 0.0, 0.0]"
3918,YMMV but I didn't come out to most people until I was 6-7 months on HRT. That just happened to feel like the right time to come out for me.,low_disagreement,4,-0.0,0.0,0.0,0.0,0.0,"[836, 4129, 474, 2534]","[0.0, 0.0, 0.0, 0.0]"
32538,"@Pope_news @JonathanMerritt The Lord doesn't recognize false religion such as Catholics. There's one mediator between man and God, that's Jesus. You don't need a priest or a pope to talk to Jesus!",low_disagreement,5,-0.0,0.0,0.0,0.0,0.0,"[4797, 6129, 8913, 5214, 5224]","[0.0, 0.0, 0.0, 0.0, 0.0]"
35716,I hate when straight guys ask where the bitches at like bro I'm right here,low_disagreement,3,-0.0,0.0,0.0,0.0,0.0,"[3160, 10754, 8821]","[0.0, 0.0, 0.0]"
21467,GOD IS FAITHFUL! ❤️ May Bible reading plan. Learning to rely on God wholeheartedly! #bible #gospel #jesuschrist #biblecollege #jesusculture #rhema #pastor#theology #christian URL,low_disagreement,3,-0.0,0.0,0.0,0.0,0.0,"[8351, 5992, 334]","[0.0, 0.0, 0.0]"
33938,"Nigeria is like the absentee father who never contributed to your upbringing but comes to, shamelessly with no remorse or apologies for wrongdoing, claim you when you become successful. URL",low_disagreement,3,-0.0,0.0,0.0,0.0,0.0,"[7021, 6354, 3922]","[0.0, 0.0, 0.0]"
18223,shut the fuck up faggot,low_disagreement,3,-0.0,0.0,2.0,2.0,0.0,"[1565, 9288, 2380]","[2.0, 2.0, 2.0]"
44178,good thing he learnin how to cook since he gay now,low_disagreement,3,-0.0,0.0,0.0,0.0,0.0,"[1946, 2042, 6410]","[0.0, 0.0, 0.0]"
10275,"Awwww, for me its more about relaxing, I came from a very christian family that don't accept me as bi, I'm working hard a lot and just want to go relax and look at some other amazing woman!",low_disagreement,3,-0.0,0.0,0.0,0.0,0.0,"[1327, 6770, 6772]","[0.0, 0.0, 0.0]"
27361,"@WorkMoneyLife @hbryant42 I say Minorities don't attend games because that's not how theynwant to spend their money, not because they don't have it. Black people especially spend tremendous 💰 in retail & entertainment, many even beyond their means.They will buy the gear and shoes before tickets. Why?",low_disagreement,4,-0.0,0.0,0.0,0.0,0.0,"[7098, 1171, 10679, 2857]","[0.0, 0.0, 0.0, 0.0]"
4528,"White pride, nothing wrong that. I'm proud to be white",low_disagreement,4,-0.0,0.0,0.0,0.0,0.0,"[7108, 4017, 3691, 5767]","[0.0, 0.0, 0.0, 0.0]"
35090,No way cunts like this exist lmao kys,low_disagreement,3,-0.0,0.0,2.0,2.0,0.0,"[6227, 9851, 4175]","[2.0, 2.0, 2.0]"
253,"You can't. Being female, she already has many more options than you have. Being hot, she has infinitely more options than you have.",low_disagreement,3,-0.0,0.0,0.0,0.0,0.0,"[3507, 1540, 10470]","[0.0, 0.0, 0.0]"
16367,That people think they can choose their own sex/gender. (Or claiming that sex and gender are different),low_disagreement,3,-0.0,0.0,0.0,0.0,0.0,"[10399, 6206, 10147]","[0.0, 0.0, 0.0]"
48901,"+Liz Samaroo what's so hard to understand? I respect the fact that he wants to identify as a female, but that doesn't mean that I'm going to identify him that way. Everybody has the right to there own opinion, I gave mine, you disagree. You gave yours and I disagree. I still respect your opinion but I'm not going to change mine. And gave my condolences and prayers to the family. That's all that matters.",low_disagreement,3,-0.0,0.0,0.0,0.0,0.0,"[325, 9586, 4932]","[0.0, 0.0, 0.0]"
39862,🗣TELL THEM PUSSY CRACKAS THEY CAN BRING THE DOGS,low_disagreement,5,-0.0,0.0,2.0,2.0,0.0,"[7589, 4315, 7942, 626, 5812]","[2.0, 2.0, 2.0, 2.0, 2.0]"
23724,"@KhanDM @shariquenomani Dowry is the thing that keeps the Hindu society divided. There is no love in marriages, only division and hate in their families",low_disagreement,4,-0.0,0.0,0.0,0.0,0.0,"[7239, 4179, 10264, 9907]","[0.0, 0.0, 0.0, 0.0]"
25872,@HillaryClinton U know what...send them back to their home country,low_disagreement,4,-0.0,0.0,0.0,0.0,0.0,"[168, 8197, 1502, 9445]","[0.0, 0.0, 0.0, 0.0]"
45288,get rid of all illegals! close our border and get rid of all traitors to We The People and our country!,low_disagreement,3,-0.0,0.0,2.0,2.0,0.0,"[10377, 8441, 8533]","[2.0, 2.0, 2.0]"
48081,Americans forgot get that they are the invaders! This wasn't they're land ! You guys took it by raping and murdering innocent people !,low_disagreement,4,-0.0,0.0,0.0,0.0,0.0,"[2980, 4607, 8004, 8560]","[0.0, 0.0, 0.0, 0.0]"
12345,They are racist liars who punt the 'white genocide' conspiracy theory.,low_disagreement,4,-0.0,0.0,0.0,0.0,0.0,"[5653, 7951, 7408, 2524]","[0.0, 0.0, 0.0, 0.0]"
21793,"Central Information Secretary of PPPP and MNA Dr @ShahNafisa attend General Assembly Meeting of Women's Parliamentary Caucus, Secretary @MunazaHassan highlighted the facilitation and services for Women MPs at the Caucus & building consensus on the #childmarriage Restraint Bill. URL",low_disagreement,4,-0.0,0.0,0.0,0.0,0.0,"[1436, 23, 8665, 2803]","[0.0, 0.0, 0.0, 0.0]"
14383,"Naked gay guy spreading ass doggy looking back coy  NO MEAT OR DAIRY 24 HOURS BEFORE, HOW ABOUT FOREVER?   *Meat and dairy give you gas and really stinky shit, if you're going to butt fuck, make sure to avoid it so your dick doesn't smell like an Indian family slept there and hey, maybe just go full vej you fag.* PETA",low_disagreement,4,-0.0,0.0,2.0,2.0,0.0,"[3676, 8109, 6464, 10561]","[2.0, 2.0, 2.0, 2.0]"
1692,So...a white guy borrowed a black cock,low_disagreement,3,-0.0,0.0,0.0,0.0,0.0,"[9481, 10198, 1564]","[0.0, 0.0, 0.0]"
43514,Send the people back to where ever tf 💀😠 USA 💯,low_disagreement,3,-0.0,0.0,0.0,0.0,0.0,"[5134, 9351, 10759]","[0.0, 0.0, 0.0]"
32742,@BeyLegion This exactly why bey did this song. Such a powerful song. So empowering. Black energy definitely won here. Africa to the world!!! 👸🏽🔥❤️,low_disagreement,4,-0.0,0.0,0.0,0.0,0.0,"[7459, 8160, 3022, 9234]","[0.0, 0.0, 0.0, 0.0]"
45228,I was Born and raised in the Netherlands but I'm Iranian! Dutch people are very nice people!,low_disagreement,3,-0.0,0.0,0.0,0.0,0.0,"[582, 7943, 3526]","[0.0, 0.0, 0.0]"
47811,This is amazing!! Those women worked hard and deserve equal pay!!!! Congrats girls!,low_disagreement,4,-0.0,0.0,0.0,0.0,0.0,"[3261, 1504, 123, 9178]","[0.0, 0.0, 0.0, 0.0]"
32343,@DVATW This was bound to happen ... you guys spend more money on sending Christian missionaries to 10/40 belt ... take care of your people first,low_disagreement,3,-0.0,0.0,0.0,0.0,0.0,"[1128, 4558, 1711]","[0.0, 0.0, 0.0]"
31280,"Well, men still trash",low_disagreement,3,-0.0,0.0,0.0,0.0,0.0,"[6207, 1734, 7833]","[0.0, 0.0, 0.0]"
28276,"SHAVUOT THIS WEEKEND MARKS THE DATE GOD GAVE THE 10 COMMANDMENTS TO MOSES AND THE JEWISH PEOPLE ON MT SINAI 3,331 YRS AGO-CHANGED THE WORLD",low_disagreement,4,-0.0,0.0,0.0,0.0,0.0,"[5318, 8709, 4692, 1155]","[0.0, 0.0, 0.0, 0.0]"
45671,Who is from Iran like and sub if you are from Iran,low_disagreement,4,-0.0,0.0,0.0,0.0,0.0,"[8483, 1923, 6258, 4958]","[0.0, 0.0, 0.0, 0.0]"
4006,"Yep. I like suuuuper trashy looking girls in porn, but not at all in real life.",low_disagreement,3,-0.0,0.0,0.0,0.0,0.0,"[217, 1418, 6526]","[0.0, 0.0, 0.0]"
610,Our song must have been the worst thing we ever did to the jews...,low_disagreement,3,-0.0,0.0,0.0,0.0,0.0,"[3192, 2574, 6411]","[0.0, 0.0, 0.0]"
31297,@RyanAFournier They deserve it. Open borders equals rampant diseases.,low_disagreement,3,-0.0,0.0,0.0,0.0,0.0,"[6936, 7826, 4401]","[0.0, 0.0, 0.0]"
6296,"Reminder that Saudi Arabia is destroying Yemen with money fed to them by the US. If you live in the US, your taxes are keeping Yemen in famine.",low_disagreement,3,-0.0,0.0,0.0,0.0,0.0,"[1609, 2569, 2315]","[0.0, 0.0, 0.0]"
39890,RT please! @UN just watch how Pakistan is sending terrorists into Kashmir.👇 Hope they should reach UN or heaven soon.,low_disagreement,3,-0.0,0.0,0.0,0.0,0.0,"[130, 5835, 9432]","[0.0, 0.0, 0.0]"
25891,"@joshi_bp @t_d_h_nair No, the other way. Social scientists support intolerant Muslims and thwart liberal Muslims.",low_disagreement,3,-0.0,0.0,0.0,0.0,0.0,"[7024, 7254, 4043]","[0.0, 0.0, 0.0]"
4787,"My parents had us attend a Presbyterian and a Methodist church growing up (switched churches when we moved towns). In the grand scheme of religion in the USA, These are two very mild denominations. In fact, Presbyterians (PCUSA) now allow for openly gay/lesbian ordained Pastors. They still have a long ways to go regarding equality and LGBTQ issues, but they are moving in the right direction.",low_disagreement,4,-0.0,0.0,0.0,0.0,0.0,"[3638, 8691, 2520, 4919]","[0.0, 0.0, 0.0, 0.0]"
11692,"Made a mistake, i have. Angry with me, Allah is.",low_disagreement,3,-0.0,0.0,0.0,0.0,0.0,"[10235, 1899, 7467]","[0.0, 0.0, 0.0]"
15074,"So I'm bi but I feel this subreddit is still somewhat relevant to me, but heres my thoughts.  I myself wear band tees and other stuff that isnt the usual LGBT associated attire, sometimes I do but not often. But I've hardly ever had issues out at gay bars or with my gay friends.   Some have asked why but most people dont really care I think. But you'll always have haters no matter how you dress. Just do you and dress how you want, not for others approval",low_disagreement,4,-0.0,0.0,0.0,0.0,0.0,"[229, 4669, 7111, 9378]","[0.0, 0.0, 0.0, 0.0]"
34677,The erasure of Black people/POC from the Deep South by those who work at publications such as the New York Times like @jonathanweisman is why a diverse newsroom is necessary and vital. These harmful narratives are not only factually wrong but toxic.,low_disagreement,3,-0.0,0.0,0.0,0.0,0.0,"[8270, 6886, 3445]","[0.0, 0.0, 0.0]"
6529,"Transgender people* (know you have good intentions, just helping you fine tune them)",low_disagreement,3,-0.0,0.0,0.0,0.0,0.0,"[4881, 2248, 4980]","[0.0, 0.0, 0.0]"
45732,Get ready for riots New York. When black folks don't get their lynch mob justice. They start breaking stuff.,low_disagreement,3,-0.0,0.0,0.0,0.0,0.0,"[6268, 6615, 1410]","[0.0, 0.0, 0.0]"
8392,"My boyfriend used to work in Hollywood Studios. While waiting in line for ToT a cast member stopped us and talked to my boyfriend for a little bit... Then she told us that we didn't have to wait in line and gave us fastpasses ( the wait was ~120 minutes). I really wanted to give her a hug.  Not really an ""experience"" but there's a trans bellhop and whenever I see her it makes me smile and appreciate the fact that Disney is 100% fine with trans people, and that the world in general is more accepting of LGBT+ individuals. Apparently she's a really nice person too.",low_disagreement,3,-0.0,0.0,0.0,0.0,0.0,"[7037, 6421, 6403]","[0.0, 0.0, 0.0]"
499,This. Prepare for white / Christian genocide.,low_disagreement,3,-0.0,0.0,0.0,0.0,0.0,"[9825, 1613, 7]","[0.0, 0.0, 0.0]"
37576,Men less likely than women to cite impact of parental leave on career URL,low_disagreement,3,-0.0,0.0,0.0,0.0,0.0,"[1619, 8740, 7380]","[0.0, 0.0, 0.0]"
47503,"Wow, I... I have no words. This is so beautiful and so tragic all at once. All of you LGBT+ out there... Stay strong ♥",low_disagreement,4,-0.0,0.0,0.0,0.0,0.0,"[10892, 337, 1741, 11013]","[0.0, 0.0, 0.0, 0.0]"
15050,"coming out to your  parents and friends  and family who you  see all the time  coming out to your  cousin, who you  havent seen in ten  years and probably  wont see again for  a while  --- v0.6.0 | This message was posted by a bot. | [FAQ](URL | [Source](URL | Questions? [Message the mods!](URL",low_disagreement,3,-0.0,0.0,0.0,0.0,0.0,"[9683, 6540, 85]","[0.0, 0.0, 0.0]"
39022,Hates fags,low_disagreement,3,-0.0,0.0,2.0,2.0,0.0,"[916, 4794, 881]","[2.0, 2.0, 2.0]"
20488,@BulletsBacon @RealOmarNavarro @realDonaldTrump Eat shit white trash!,low_disagreement,4,-0.0,0.0,2.0,2.0,0.0,"[8064, 3338, 8435, 2291]","[2.0, 2.0, 2.0, 2.0]"
16893,"That's racist and stupid. 100% of white men speak out against it. NOT 100% of Muslims speak out against Muslim terrorism. There are billboards in Palestine CELEBRATING suicide bombers. > A majority of Pakistanis surveyed in a poll appeared to be aggrieved over the death of Osama bin Laden, with 51 per cent describing their emotions as 'grief'  I could go on be you get the point. That's one of the stupidest false equivalencies I've seen in a long time. You should consider reevaluating your entire belief system.",low_disagreement,3,-0.0,0.0,0.0,0.0,0.0,"[11141, 1699, 3488]","[0.0, 0.0, 0.0]"
15512,There's nothing wrong with being mixed race.,low_disagreement,4,-0.0,0.0,0.0,0.0,0.0,"[1569, 9446, 248, 3027]","[0.0, 0.0, 0.0, 0.0]"
14151,Whatever fag.,low_disagreement,4,-0.0,0.0,2.0,2.0,0.0,"[10936, 7279, 2901, 5449]","[2.0, 2.0, 2.0, 2.0]"
47687,"@Jrickman8 bro... Some of these people are brainwashed. They see a black man, they see his blond act up and they go, ""yup he's abusing her""",low_disagreement,4,-0.0,0.0,0.0,0.0,0.0,"[2674, 7556, 168, 8197]","[0.0, 0.0, 0.0, 0.0]"
25660,@senatemajldr There r millions of homeless Americans including vets with diseases & rampant crime among them. You have done nothing 4 them but support millions illegally in the US & 10's of thousands more illegally entering the US every week. Despicable. We won't forget this in November 2020.,low_disagreement,3,-0.0,0.0,0.0,0.0,0.0,"[9395, 10199, 5439]","[0.0, 0.0, 0.0]"
49840,You know what I like more than cookies? An Asian with the ability to speak English without an Asian accent. Good Job!,low_disagreement,4,-0.0,0.0,0.0,0.0,0.0,"[2107, 3358, 4038, 6645]","[0.0, 0.0, 0.0, 0.0]"
6646,"You know, believing in God isn't about religion, or a specific denomination. It's about your own personal relationship with God. But it's lovely to have people around you with the same beliefs at church. Especially people with knowledge and experience to help you discover more.",low_disagreement,3,-0.0,0.0,0.0,0.0,0.0,"[1774, 984, 4385]","[0.0, 0.0, 0.0]"
1508,"Totally understand your uncle and appreciate your post. It's something I accepted a long time ago and really there is no need for anyone to recognize it in a celebratory way. My family has known for years but at every family celebration or gathering my cousin has to bring it up like its a badge of honor or something. ""I think its so marvelous that j has been with x all these years. The world needs more gay people like them."" Oh WTF? Shut up! It actually embarrasses her more than us because she's trying too hard to be inclusive or something. ""Bless her heart."" lol",low_disagreement,4,-0.0,0.0,0.0,0.0,0.0,"[8533, 414, 1399, 4693]","[0.0, 0.0, 0.0, 0.0]"
12526,I a happily married Bi man. I hear you with this; I am almost 54 and I greatly enjoy making friends with too. I didn't come to recognize and accept being Bi until I was in my forties and married with kids. I would simply like to meet and be friends with someone else who I can relate with.,low_disagreement,3,-0.0,0.0,0.0,0.0,0.0,"[5969, 11072, 8043]","[0.0, 0.0, 0.0]"
4323,"I don't understand. You say you find women attractive, and you prefer women over men, yet you wouldn't do anything with women? Is the attraction only platonic, or are you afraid to do anything with women for some reason?",low_disagreement,4,-0.0,0.0,0.0,0.0,0.0,"[3162, 312, 4553, 2194]","[0.0, 0.0, 0.0, 0.0]"
19498,"Thanks for sharing your story, /u/get_to_the_choppahh. The plight of the Eastern European nation of 'Doesntexistitania' truly resonates with me and all of my white nationalist brothers.",low_disagreement,3,-0.0,0.0,0.0,0.0,0.0,"[1683, 10606, 1443]","[0.0, 0.0, 0.0]"
35900,@MJClawson @LadyDemosthenes I just went on a date with a Filipino woman the other day. I've dated my share of Asian women when I was younger but this date was such a drag 😒,low_disagreement,3,-0.0,0.0,0.0,0.0,0.0,"[7428, 10290, 8212]","[0.0, 0.0, 0.0]"
43945,"Women are incapable of handling anything that doesn't involve creating public humiliation. The idea that she would tell people to unsub from James' channel is unthinkable. And, she even goes so far as to accuse him of flirting with straight men. Just exactly how is that any of her business? I am gay and have had countless women flirt with me, even hit on me but I haven't gotten hysterical about it. Westbrook is one sick bitch and it's unfortunate that PeopleTV is helping her spread her vitriol as if James has had enough. Thanks to Westbrook he is receiving death threats.",low_disagreement,4,-0.0,0.0,0.0,0.0,0.0,"[1449, 3243, 5736, 128]","[0.0, 0.0, 0.0, 0.0]"
47587,"Don't send them back. Create a ""final solution"" by putting them in concentration camps. Maybe make them wear a symbol and then trump will get his arian race.",low_disagreement,3,-0.0,0.0,0.0,0.0,0.0,"[2196, 10505, 1256]","[0.0, 0.0, 0.0]"
33252,@IMightBeWyatt @AndyDoubleYoo Confession: I truly believe my High School friends were a real anomaly. We all had sex with each other (not together). It was truly bi-sexual and never discussed until years later.,low_disagreement,3,-0.0,0.0,0.0,0.0,0.0,"[8563, 2459, 5204]","[0.0, 0.0, 0.0]"
45746,"I wish they had gotten the boat. That would have been fair. REMEMBER THIS: The only thing that IRAN did that caused this was abandon the US dollar. That's the only thing they did. EVERYTHING ELSE started with US And UK as the BAD GUYS. We rolled those people in 1953.... We STOLE their democracy. WE STOLE their OIL... LEAVE IRAN ALONE. JUST PULL BACK 1000 miles... This will all stop. THEY DID NOT START THIS. Despite what the ""news"" tells you. They are all chomping at the war bit now... Our military contractors are smacking their lips.",low_disagreement,3,-0.0,0.0,0.0,0.0,0.0,"[8065, 10607, 11014]","[0.0, 0.0, 0.0]"
6937,"What does ""advocating for a society mirroring Christ's ideals"" mean to you? That sounds like pushing for a theocracy to me, but I don't think that's what you meant. To me, the giving back anecdotes *are* churches trying to change society.",low_disagreement,4,-0.0,0.0,0.0,0.0,0.0,"[1681, 8326, 2070, 8064]","[0.0, 0.0, 0.0, 0.0]"
6378,"Chabad... at least give it a try a minimum of 3 times before you decide yay or nay.  A lot of people feel self conscious about being less religious than others, but Chabad members generally don't care, or if they do it's because they're happy to have you as you are: as a Jew.",low_disagreement,3,-0.0,0.0,0.0,0.0,0.0,"[9028, 8418, 6521]","[0.0, 0.0, 0.0]"
42155,The human race has a history of treating women badly.,low_disagreement,3,-0.0,0.0,0.0,0.0,0.0,"[1894, 3801, 4474]","[0.0, 0.0, 0.0]"
13483,"Never understood why someone feels the need to proud of their race at all. You did nothing to earn it, you can't change it, it doesn't (shouldn't) matter to anyone and if it does that's their problem not yours. If a person wants to look back through history and take pride in their ancestors accomplishments well, OK, but that's not a personal achievement. You could as well claim to be proud of your gender, or your height, and that would all seem pretty meaningless. If we define ourselves by our colour, then others will too. Not a good thing in general, if history is any lesson.",low_disagreement,4,-0.0,0.0,0.0,0.0,0.0,"[8201, 2165, 7713, 10917]","[0.0, 0.0, 0.0, 0.0]"
26979,"If you hit gay women on a bus, you're hitting every single gay person that has to get a bus. You're hitting every single gay person who worries about being isolated because they don't fit a heteronormative lifestyle. Try keeping your opinions (and your fists) to yourselves.",low_disagreement,3,-0.0,0.0,0.0,0.0,0.0,"[8467, 5458, 10514]","[0.0, 0.0, 0.0]"
2242,You literally just generalized all immigration attorneys as hacks who hate America. Smoke some weed and chill out bro. Brown people aren't out there to kill you.,low_disagreement,4,-0.0,0.0,0.0,0.0,0.0,"[8327, 6439, 10345, 5513]","[0.0, 0.0, 0.0, 0.0]"
15322,This has always annoyed me. Stop the subtle hints and just make it obvious already. Pfft women.,low_disagreement,3,-0.0,0.0,0.0,0.0,0.0,"[6067, 2032, 5511]","[0.0, 0.0, 0.0]"
34311,"@RFupdates ...it appears the self-delusion and self-righteousness is on display once again! Mind you, about 70% of the world's population thinks exactly the same about your Christian religion! What do you have to tell them, Mr. Hubris? Shove your man-made religion where it hurts!🤣",low_disagreement,3,-0.0,0.0,0.0,0.0,0.0,"[10639, 308, 1464]","[0.0, 0.0, 0.0]"
4058,Rowley is trans and lesbian and we love and accept her.,low_disagreement,3,-0.0,0.0,0.0,0.0,0.0,"[3497, 8608, 1607]","[0.0, 0.0, 0.0]"
27588,Pakistan: Offended Muslims riot after Trump cut the $200 Million aid - Now they hate America for free URL,low_disagreement,3,-0.0,0.0,0.0,0.0,0.0,"[8574, 7967, 8807]","[0.0, 0.0, 0.0]"
37545,girls literally only want one thing and it's fucking disgusting URL,low_disagreement,3,-0.0,0.0,0.0,0.0,0.0,"[11136, 9317, 9925]","[0.0, 0.0, 0.0]"
22328,@thehill The first pro-gay president.,low_disagreement,3,-0.0,0.0,0.0,0.0,0.0,"[8127, 10492, 4912]","[0.0, 0.0, 0.0]"
40640,"I think Mulan should be played by a white blonde woman, the role fits perfectly for a white woman, don't u all think?",low_disagreement,3,-0.0,0.0,0.0,0.0,0.0,"[10115, 7747, 8644]","[0.0, 0.0, 0.0]"
1952,this stupid bitch im gonna clock her over the head with a masonry hammer until she passes out and lock her inside a grandfather clock and rape her with a pendulum and keep her there until she starves to die,low_disagreement,3,-0.0,0.0,2.0,2.0,0.0,"[2989, 8382, 10525]","[2.0, 2.0, 2.0]"
25588,The bitch I used to call my sis I filled the lil hoe up with dick now she call niggas her brothers but I know I'm used to it,low_disagreement,3,-0.0,0.0,2.0,2.0,0.0,"[1473, 5862, 8918]","[2.0, 2.0, 2.0]"
15895,I just don't feel like it tho cuz I'm not black,low_disagreement,3,-0.0,0.0,0.0,0.0,0.0,"[8686, 8279, 2790]","[0.0, 0.0, 0.0]"
25457,if a lesbian can control herself in a room full of changing women a man can control himself around a woman wearing fucking clothes URL,low_disagreement,3,-0.0,0.0,0.0,0.0,0.0,"[843, 741, 11077]","[0.0, 0.0, 0.0]"
32873,"I don't know where I'd be in my life without @autostraddle and the amazing community, friends, and family I've found in the space they built. They are currently fundraising and I urge you to donate. Support queer owned, queer staffed, queer media. URL",low_disagreement,4,-0.0,0.0,0.0,0.0,0.0,"[10346, 5361, 3284, 8187]","[0.0, 0.0, 0.0, 0.0]"
33171,@luvrages_ @miragehxtchy Cause ur a fat nigger with no goals just a cod ego,low_disagreement,4,-0.0,0.0,2.0,2.0,0.0,"[7182, 4462, 10033, 9134]","[2.0, 2.0, 2.0, 2.0]"
9491,Oh yeah I forgot that Germans have no personality and just go with the flow like a pack of sheep.,low_disagreement,4,-0.0,0.0,0.0,0.0,0.0,"[7898, 7098, 1171, 10679]","[0.0, 0.0, 0.0, 0.0]"
46179,"Yet in chruches here in the european countries,Gay people are getting married.",low_disagreement,3,-0.0,0.0,0.0,0.0,0.0,"[3038, 10284, 1116]","[0.0, 0.0, 0.0]"
3178,"Gotcha. Also to make another thing crystal. By definition, religious means I am part of religion, which I am not. I just believe in God. But that doesn't make me religious in any way.",low_disagreement,3,-0.0,0.0,0.0,0.0,0.0,"[4738, 8803, 9267]","[0.0, 0.0, 0.0]"
27368,Surgery at 19/20/21 ? A lot of you women are actually cowards,low_disagreement,3,-0.0,0.0,0.0,0.0,0.0,"[8220, 204, 5800]","[0.0, 0.0, 0.0]"
17086,Gendered and has face. Toss her into the abyss.,low_disagreement,3,-0.0,0.0,2.0,2.0,0.0,"[6183, 6700, 5893]","[2.0, 2.0, 2.0]"
19620,Imagine if they had girls that looked good,low_disagreement,4,-0.0,0.0,0.0,0.0,0.0,"[6173, 7678, 10287, 5869]","[0.0, 0.0, 0.0, 0.0]"
19899,If you were an Arab u wouldn't get that cuz the write from the right to the left...,low_disagreement,3,-0.0,0.0,0.0,0.0,0.0,"[366, 9965, 1444]","[0.0, 0.0, 0.0]"
30091,"In a new Gallup survey, two in three Americans (66%) said they support statehood for Puerto Rico.  URL URL",low_disagreement,3,-0.0,0.0,0.0,0.0,0.0,"[761, 7790, 6077]","[0.0, 0.0, 0.0]"
49255,"I always regret to be a yoruba man very useless tribe that cares not about the future they have changed the story, is she killed by armed robbers, unknown men or fulani herdsman.",low_disagreement,3,-0.0,0.0,0.0,0.0,0.0,"[10301, 11140, 1002]","[0.0, 0.0, 0.0]"
7225,"So by this logic, mens' biggest asset is also sex, right? Long-term stable relationships go both ways.",low_disagreement,3,-0.0,0.0,0.0,0.0,0.0,"[1257, 759, 8289]","[0.0, 0.0, 0.0]"
22628,Take your dicking like a good girl! After I'm done with this hole I'll move onto that tight ass of yours! URL,low_disagreement,4,-0.0,0.0,0.0,0.0,0.0,"[4746, 6227, 9851, 4175]","[0.0, 0.0, 0.0, 0.0]"
34945,Someone should cage these niggas URL,low_disagreement,3,-0.0,0.0,2.0,2.0,0.0,"[2438, 5740, 7406]","[2.0, 2.0, 2.0]"
17035,>Oh come on. It's mostly white people using that hashtag.  why would would anti white sentiment be espoused mostly by white people?,low_disagreement,3,-0.0,0.0,0.0,0.0,0.0,"[10164, 10361, 3524]","[0.0, 0.0, 0.0]"
17421,Would love to pull your hair while I beat up that pussy,low_disagreement,4,-0.0,0.0,0.0,0.0,0.0,"[6479, 10860, 6517, 148]","[0.0, 0.0, 0.0, 0.0]"
31145,Indian people Help PM Shri @narendramodi Ji congratulations 💐💐🙏👏 people ealme Congress #PriyankaFightsForPeople #PriyankaGandhi #PriyankaForPeople URL,low_disagreement,4,-0.0,0.0,0.0,0.0,0.0,"[6391, 2387, 1806, 9307]","[0.0, 0.0, 0.0, 0.0]"
427,"The first (and only) time I experienced racism in real life was in kindergarten, when one of my friends (who was from the middle east) was getting bullied because of his race by the other kids",low_disagreement,4,-0.0,0.0,0.0,0.0,0.0,"[4904, 3609, 6391, 2387]","[0.0, 0.0, 0.0, 0.0]"
48800,Would have been more shocked if he came out as straight XD But seriously great video and you rock Eugene,low_disagreement,3,-0.0,0.0,0.0,0.0,0.0,"[5303, 2536, 9555]","[0.0, 0.0, 0.0]"
411,Just check my feed I have the true N-Word pass,low_disagreement,3,-0.0,0.0,1.0,1.0,0.0,"[5002, 7950, 10192]","[1.0, 1.0, 1.0]"
5115,"They don't fall for her at all, they just wanna f*ck",low_disagreement,3,-0.0,0.0,0.0,0.0,0.0,"[4531, 7952, 3995]","[0.0, 0.0, 0.0]"
44821,"I knew Jacob Batalon is a Filipino, Like if you're Filipino Too. Pinoy here",low_disagreement,3,-0.0,0.0,0.0,0.0,0.0,"[10487, 5065, 2450]","[0.0, 0.0, 0.0]"
21654,"People in the US always watch and comment their shows on social media while we, non Americans, have to avoid going on twitter, etc if we don't wanna see any spoilers BUT the moment Europe airs a show before them, we aren't allowed to tweet about it because they might see spoilers URL",low_disagreement,3,-0.0,0.0,0.0,0.0,0.0,"[2158, 792, 10605]","[0.0, 0.0, 0.0]"
49516,"+Mariah Whitney Did I question how much of a good person she was??? STOP overreacting and making up shit. Being transgender DOES not make anyone a bad person. And STOP acting like the MAJORITY Hollywood actors and actresses ain't trans. I actually loved her as an actress, but I also like to stay 'WOKE' and REAL about what's going on in this effed up world.",low_disagreement,4,-0.0,0.0,0.0,0.0,0.0,"[2587, 10944, 251, 9346]","[0.0, 0.0, 0.0, 0.0]"
25128,"@_elibaum Ah just romance, as in ""a romance as ans other romance"", yes THAT would be the ultimate goal! Cause Love. Is. Love! On another level one could always define the term BL or Queer literature on different levels. One could see it as a historically cultural social term...",low_disagreement,3,-0.0,0.0,0.0,0.0,0.0,"[4445, 5778, 4849]","[0.0, 0.0, 0.0]"
7451,being trans is a great thing and i'm glad people are finally getting the courage to embrace their true selves. but i think you shouldn't let it become your personality and you definitely shouldn't look down on other people using gender identity. it sparks and creates the very type of people you don't want to deal with,low_disagreement,4,-0.0,0.0,0.0,0.0,0.0,"[2489, 8049, 8443, 10999]","[0.0, 0.0, 0.0, 0.0]"
23520,you're trash luv. homophobic trash. get off this app,low_disagreement,3,-0.0,0.0,2.0,2.0,0.0,"[4732, 7353, 3400]","[2.0, 2.0, 2.0]"
37801,"@LakotaMan1 Also, you want Indians? Refer to India. And no, they're not Hindi. Hindi is the language. Have some respect for other cultures as well.",low_disagreement,3,-0.0,0.0,0.0,0.0,0.0,"[4031, 8564, 10402]","[0.0, 0.0, 0.0]"
22047,WOMEN ARE WORSE THAN HITLER,low_disagreement,4,-0.0,0.0,0.0,0.0,0.0,"[1297, 4132, 2848, 8700]","[0.0, 0.0, 0.0, 0.0]"
39363,"Whoever is hittin it, ain't hittin right cause he actin like he need some pussy in his life",low_disagreement,3,-0.0,0.0,0.0,0.0,0.0,"[3461, 3671, 2251]","[0.0, 0.0, 0.0]"
47921,black people are so ignorant smh,low_disagreement,3,-0.0,0.0,0.0,0.0,0.0,"[1525, 8362, 4685]","[0.0, 0.0, 0.0]"
22154,"🇰🇼 Attention faggot - its time for your daily hole opening. Kuwaiti Mohamed might bring his friends over or he might just rape your pussy for a few hours by himself. He'll decide, you'll obey. URL",low_disagreement,4,-0.0,0.0,2.0,2.0,0.0,"[8696, 4157, 369, 3420]","[2.0, 2.0, 2.0, 2.0]"
3977,The man absolutely molests the smelly retards.,low_disagreement,3,-0.0,0.0,2.0,2.0,0.0,"[5848, 7853, 7633]","[2.0, 2.0, 2.0]"
43418,"If you criticize a person of color you're racist.  If you criticize islam you're islamaphobic.  If you criticize the LGBT you're a homophobe. If you criticize Christians, there's no word for that.  If you criticize whites, there's no word for that.  If you criticize males, no word for that either. Hmmmmm 🤔",low_disagreement,3,-0.0,0.0,0.0,0.0,0.0,"[433, 6282, 9580]","[0.0, 0.0, 0.0]"
22576,happy pride month to my fellow gays i love you all,low_disagreement,3,-0.0,0.0,0.0,0.0,0.0,"[6883, 10097, 6630]","[0.0, 0.0, 0.0]"
43014,What kind of South Asian cry eating spice? We disown him.,low_disagreement,3,-0.0,0.0,0.0,0.0,0.0,"[9208, 904, 4314]","[0.0, 0.0, 0.0]"
39811,Bitches are disgusting .,low_disagreement,3,-0.0,0.0,0.0,0.0,0.0,"[7282, 1071, 8633]","[0.0, 0.0, 0.0]"
30396,@dbongino @SebGorka She should be deported for immigration fraud,low_disagreement,4,-0.0,0.0,0.0,0.0,0.0,"[3590, 9651, 5054, 1859]","[0.0, 0.0, 0.0, 0.0]"
12851,"Its all humanities fault. Our creator gave us the free will, some people choose to do evil things and cause others to suffer. Stop blaming the Almighty God for the mess we have created/caused. Eventually the criminals will be punished and Allah will have mercy on all the innocent people who suffered. Btw, if you believe it or not, worshiping God is our purpose in this temporary life.",low_disagreement,3,-0.0,0.0,0.0,0.0,0.0,"[270, 791, 6524]","[0.0, 0.0, 0.0]"
10459,"It's how they operate. There are places in the world where women are stoned to death for adultery if they're raped, yet our homegrown womyn are more interested in whining about how they are horribly oppressed by a man sitting with his knees apart minding his own business.",low_disagreement,3,-0.0,0.0,0.0,0.0,0.0,"[10522, 1958, 7187]","[0.0, 0.0, 0.0]"
14415,Why should we be proud of being men? Why is that something that necessitates pride?,low_disagreement,3,-0.0,0.0,0.0,0.0,0.0,"[936, 11031, 10922]","[0.0, 0.0, 0.0]"
40742,JESUS CHRIST THE MOST HIGH GOD Huh?,low_disagreement,3,-0.0,0.0,0.0,0.0,0.0,"[4779, 10150, 5990]","[0.0, 0.0, 0.0]"
36064,yall bitches b trynna sound so thurl when niggas off percs the nut taste like pure fuckin metal and ear wax and im spitting that shit out periodt! URL,low_disagreement,3,-0.0,0.0,0.0,0.0,0.0,"[8614, 1450, 3832]","[0.0, 0.0, 0.0]"
30657,You goofy ass niggas be hanging wit niggas who don't take care of their kids,low_disagreement,3,-0.0,0.0,2.0,2.0,0.0,"[2467, 5916, 880]","[2.0, 2.0, 2.0]"
49897,The gay neega has too many tats,low_disagreement,4,-0.0,0.0,2.0,2.0,0.0,"[9521, 2601, 3795, 10900]","[2.0, 2.0, 2.0, 2.0]"
45108,"You proved his point, though. Citizenship depends on parents' nationality in Sweden, whereas in America citizenship is given to whoever is born on American territory.",low_disagreement,3,-0.0,0.0,0.0,0.0,0.0,"[3189, 5882, 7711]","[0.0, 0.0, 0.0]"
12334,Maybe they are only good enough to get hood niggas so they try meme them like they're desirable long term. Yeah an educated thirsty nigga might dick u down but will he stay with some hood ass Thot? I think not. It's all they can get so they make it seem like it's all that they want.,low_disagreement,3,-0.0,0.0,2.0,2.0,0.0,"[5640, 6916, 327]","[2.0, 2.0, 2.0]"
23027,Israeli forces aggressively arrest this Palestinian lady and call her a bitch. #Palestine #Gaza URL,low_disagreement,3,-0.0,0.0,0.0,0.0,0.0,"[4345, 2205, 10862]","[0.0, 0.0, 0.0]"
40827,owesome and sexy voice from India,low_disagreement,4,-0.0,0.0,0.0,0.0,0.0,"[5951, 8621, 8047, 1195]","[0.0, 0.0, 0.0, 0.0]"
39725,"So you want to have a conversation about ""domestic terrorism,"" & ""white nationalism.""  OK, I'll start: What's life like for your average 12 to 20-something white male? 1/ URL",low_disagreement,3,-0.0,0.0,0.0,0.0,0.0,"[1920, 4320, 11132]","[0.0, 0.0, 0.0]"
32353,"Finally, a baseball team that represents my gay experience. Visibility matters y'all #cubs #sportyspice @ Wrigley Field URL",low_disagreement,4,-0.0,0.0,0.0,0.0,0.0,"[701, 11018, 7637, 7904]","[0.0, 0.0, 0.0, 0.0]"
8636,"Not me, but a coworker once had a woman screaming at her for 'not speaking her mother tongue'. She tried to speak in Turkish with her but she wouldn't respond accordingly. Fun fact: she was actually of Iranian heritage, didn't speak a word of Turkish and very little Arabic as she wasn't actually born in Iran. So this woman is just super angry at her for not knowing her supposed heritage... yeah sure.",low_disagreement,3,-0.0,0.0,0.0,0.0,0.0,"[4394, 6096, 6968]","[0.0, 0.0, 0.0]"
18319,"ah, this old chestnut. It's the ""females"" fault that they get sent dick pics.",low_disagreement,3,-0.0,0.0,0.0,0.0,0.0,"[1446, 581, 8830]","[0.0, 0.0, 0.0]"
30491,@tedlieu @POTUS @FoxNews You have the right as an immigrant? As of you have some right others do not because you are an immigrant? Consider yourself lucky you live in the DC bubble. Real life is quite different,low_disagreement,4,-0.0,0.0,0.0,0.0,0.0,"[5860, 9309, 7144, 3457]","[0.0, 0.0, 0.0, 0.0]"
29885,The way these black men just killing each other out here.... this not how it's supposed to be man. I swear it's not.,low_disagreement,3,-0.0,0.0,0.0,0.0,0.0,"[8458, 1993, 11052]","[0.0, 0.0, 0.0]"
43997,shouldn't Mulan be played by a Caucasian man to be equal and fair to everyone?,low_disagreement,4,-0.0,0.0,0.0,0.0,0.0,"[4934, 9985, 5143, 7059]","[0.0, 0.0, 0.0, 0.0]"
520,"My grandparents are from Italy.  So, yes, I do talk about it a lot. And honestly, the Italian Americans all do. We are proud.  It comes up a lot, for me personally, because I have pretty dark skin, but light hair and eyes.",low_disagreement,3,-0.0,0.0,0.0,0.0,0.0,"[3420, 6283, 7473]","[0.0, 0.0, 0.0]"
48745,You people also crucify yourselves during Easter. Morons!,low_disagreement,3,-0.0,0.0,0.0,0.0,0.0,"[8406, 6614, 4483]","[0.0, 0.0, 0.0]"
13840,"The options aren't ""follow laws or get out of this country"" because that's not how the world works. If you don't follow the laws the result isn't and shouldn't be deportation unless it's some violent crime.",low_disagreement,3,-0.0,0.0,0.0,0.0,0.0,"[3884, 547, 4476]","[0.0, 0.0, 0.0]"
44118,@Lore Lange well I am part Hispanic and I am against it,low_disagreement,3,-0.0,0.0,0.0,0.0,0.0,"[6560, 9773, 2785]","[0.0, 0.0, 0.0]"
3765,Countries like this should be eradicated,low_disagreement,3,-0.0,0.0,0.0,0.0,0.0,"[7482, 1003, 6821]","[0.0, 0.0, 0.0]"
37085,"If you are White & kill 20 people in #America.  You are just a  Lonely, mentally disturbed, bad childhood experienced gunman with issues. If you are a Muslim & kill 1 person You are an #ISIS trained #WMD carrying, evil terrorists out to destroy humanity. #walmartShooting",low_disagreement,3,-0.0,0.0,0.0,0.0,0.0,"[5301, 4795, 7384]","[0.0, 0.0, 0.0]"
18066,It's a pretty safe assumption that an aversion to something for no reason other than its femininity is an indicator of insecurity in one's masculinity,low_disagreement,3,-0.0,0.0,0.0,0.0,0.0,"[1005, 699, 3082]","[0.0, 0.0, 0.0]"
8299,It's really nice that it's a lot more acceptable for people to come out these days.,low_disagreement,4,-0.0,0.0,0.0,0.0,0.0,"[5562, 2024, 1432, 6543]","[0.0, 0.0, 0.0, 0.0]"
47024,"Always blaming the 1% BAD people with the 99% great hard working mexicans, stupid Matt Albance , how people still believe this idiots, mexicans can cooperate in catching criminals but how if you put good people in cages, this guy is nonsense",low_disagreement,3,-0.0,0.0,0.0,0.0,0.0,"[7944, 3834, 6608]","[0.0, 0.0, 0.0]"
27299,a messy bitch is a hurting bitch & a lot of these hoes hurting,low_disagreement,3,-0.0,0.0,0.0,0.0,0.0,"[111, 4997, 8024]","[0.0, 0.0, 0.0]"
2784,"I thought it was a relevant story because out of so many brothers and sisters of ours who were martyred, there were a few who were from India.  May Allah ease the pain their families are going through and also guide and reward this young man.",low_disagreement,3,-0.0,0.0,0.0,0.0,0.0,"[9063, 553, 7333]","[0.0, 0.0, 0.0]"
15024,Mother fucking niggers. Guess I should've went on a preemptive killing spree after all...,low_disagreement,4,-0.0,0.0,2.0,2.0,0.0,"[2901, 5449, 6207, 1734]","[2.0, 2.0, 2.0, 2.0]"
4826,"""People from Phoenix are Phoenicians"" ""Quit being a faggot and suck that dick""",low_disagreement,3,-0.0,0.0,2.0,2.0,0.0,"[8818, 686, 4272]","[2.0, 2.0, 2.0]"
45503,"Be careful England you will be loosing your monarchs to those blood thirsty islam. The muslim has a big plan,and that is to bring the west to it's knees,and you are helping them doing it,you blind fools.From Australia..",low_disagreement,3,-0.0,0.0,0.0,0.0,0.0,"[8670, 10179, 9112]","[0.0, 0.0, 0.0]"
46972,Great! More black athletes need to do this.,low_disagreement,3,-0.0,0.0,0.0,0.0,0.0,"[4955, 4396, 9379]","[0.0, 0.0, 0.0]"
21470,"WATCH: A group of Israelis are coming together to try and force the government to stop arms deals to some of the world's most brutal regimes, and to come clean about its ties to murderous dictatorships. URL",low_disagreement,3,-0.0,0.0,0.0,0.0,0.0,"[3314, 8522, 6576]","[0.0, 0.0, 0.0]"
27561,when colonizers get mad cause we call them colonizers 😭,low_disagreement,3,-0.0,0.0,0.0,0.0,0.0,"[4253, 3595, 5440]","[0.0, 0.0, 0.0]"
9643,This is why I love asians,low_disagreement,3,-0.0,0.0,0.0,0.0,0.0,"[8739, 2169, 8822]","[0.0, 0.0, 0.0]"
46691,"All-black cast. Latinos don't get these opportunities. But its okay, we are not so sensetive.",low_disagreement,4,-0.0,0.0,0.0,0.0,0.0,"[1251, 4042, 1408, 10181]","[0.0, 0.0, 0.0, 0.0]"
4996,"Oh fuck me? Well id bet youd like to, faggot. Im not calling you muslim. Are you saying only muslims fuck kids, sand nigger? Or do you not know how to read or string a sentence in english together properly, ya uneducated kiddie fucker.",low_disagreement,3,-0.0,0.0,2.0,2.0,0.0,"[2821, 101, 2172]","[2.0, 2.0, 2.0]"
45040,@Dave S Wow you really believe all this old superstitious garbage. So tell me this. If your neighbours house was on fire and you knew he was gay would you rescue him or let him burn.,low_disagreement,3,-0.0,0.0,0.0,0.0,0.0,"[9867, 3450, 456]","[0.0, 0.0, 0.0]"
26345,"I love how people would rather stand up than sit next to me on the bus, hijabi life is great 🤪",low_disagreement,4,-0.0,0.0,0.0,0.0,0.0,"[1397, 6240, 10244, 3220]","[0.0, 0.0, 0.0, 0.0]"
10716,Some people think being a woman is like an invincibility cloak,low_disagreement,3,-0.0,0.0,0.0,0.0,0.0,"[4146, 10005, 6566]","[0.0, 0.0, 0.0]"
19537,"I get you when it comes to sexuality weird things happen.I knew this bi guy from grindr who told me he knew about grindr from hearing his straight friends talking about gay dating app & making fun of it, for me that is the definition of irony .",low_disagreement,4,-0.0,0.0,0.0,0.0,0.0,"[8270, 6886, 3445, 5585]","[0.0, 0.0, 0.0, 0.0]"
28739,"slut patrick simons humiliation KIK slave ""send me pics fag"" and he must send 10 nudes every time he receives that message for reposting and sluts humiliation @simons_pat #expose #humiliation URL",low_disagreement,3,-0.0,0.0,2.0,2.0,0.0,"[56, 183, 9169]","[2.0, 2.0, 2.0]"
44375,Any day now all the blacks will start going back to Africa to escape police brutality...,low_disagreement,4,-0.0,0.0,0.0,0.0,0.0,"[5548, 5289, 8926, 114]","[0.0, 0.0, 0.0, 0.0]"
3361,"NTA. I'm being raised currently in a Hindu family and honestly it's really interwoven with our culture, just like many other religions. You can be atheist and still like and participate in certain aspects of your ex-religion because it's still part of your culture and a part of you. And who is she, a Christian, to speak on whether or not you can get a Hindu tattoo when it's your culture and name.",low_disagreement,4,-0.0,0.0,0.0,0.0,0.0,"[7129, 775, 8669, 5079]","[0.0, 0.0, 0.0, 0.0]"
24845,With the grace of Allah the sacred month of Ramadan has ended and tomorrow we will celebrate #EidUlFitr  We extend our felicitations on the blessed occasion #EidMubarak URL,low_disagreement,3,-0.0,0.0,0.0,0.0,0.0,"[8857, 600, 496]","[0.0, 0.0, 0.0]"
46514,@Genevieve CS if an asian person named johnny williams doesnt mean they are white now does it or if i had an african name it doesnt make me black,low_disagreement,4,-0.0,0.0,0.0,0.0,0.0,"[3865, 8944, 1582, 10661]","[0.0, 0.0, 0.0, 0.0]"
45170,Ok this a kid show y'all don't need to introduce lesbians! To kids. I'm not against but younger kids watch this,low_disagreement,3,-0.0,0.0,0.0,0.0,0.0,"[1698, 3336, 7447]","[0.0, 0.0, 0.0]"
20333,y'all: omg you support a guy kicking a woman just for speaking her own opinion? it's disrespectful and very immature!  also y'all: go kill your self you fat ugly beaner i hope you get raped and get deported back to your country!!!!,low_disagreement,3,-0.0,0.0,2.0,2.0,0.0,"[6558, 2709, 7173]","[2.0, 2.0, 2.0]"
16135,"Trump's hired Kanye as his black people czar, i see",low_disagreement,4,-0.0,0.0,0.0,0.0,0.0,"[993, 328, 4797, 6129]","[0.0, 0.0, 0.0, 0.0]"
40999,Viva la Raza fagget hicks how bout you go back to Europe,low_disagreement,3,-0.0,0.0,2.0,2.0,0.0,"[3141, 5020, 9995]","[2.0, 2.0, 2.0]"
14523,I also want to deep throat u and swallow ur load. Want to feel ur hot jizz shoot onto the back of my throat as u force my head balls deep down on ur cock. I want to feel ur shaft pumping a full load into me. 🤤🤪,low_disagreement,3,-0.0,0.0,0.0,0.0,0.0,"[6240, 3220, 757]","[0.0, 0.0, 0.0]"
13548,I think you may be autistic.,low_disagreement,4,-0.0,0.0,0.0,0.0,0.0,"[11138, 1112, 691, 5940]","[0.0, 0.0, 0.0, 0.0]"
46464,"@Tutu Mosi indeed, but they identify as and are identified as Black women... and so called ""bi-racial"" people are still viewed as women of color...",low_disagreement,4,-0.0,0.0,0.0,0.0,0.0,"[937, 11093, 11124, 5334]","[0.0, 0.0, 0.0, 0.0]"
6732,All bc some twink has thin skin. SMH,low_disagreement,3,-0.0,0.0,2.0,2.0,0.0,"[5228, 7951, 2524]","[2.0, 2.0, 2.0]"
22691,98% of NY niggas are pussy. Trying to live up to an extinct era. Im a living fossil.,low_disagreement,3,-0.0,0.0,2.0,2.0,0.0,"[9302, 6307, 3581]","[2.0, 2.0, 2.0]"
1446,"> The problem isn't that acting feminine is weak for guys, it's that guys Aren't feminine, and that is constantly being told that that it's bad to act masculine. Interesting perspective but I am going to have to strongly disagree. What does it mean to ""act masculine"" in a way that men are being told it is bad to act?",low_disagreement,4,-0.0,0.0,0.0,0.0,0.0,"[4107, 2470, 1966, 9491]","[0.0, 0.0, 0.0, 0.0]"
30758,Berkeley voted to ban gendered language from pretty much all of its business around the city URL URL,low_disagreement,3,-0.0,0.0,0.0,0.0,0.0,"[2646, 4595, 5346]","[0.0, 0.0, 0.0]"
3822,Thanks for detailing your story. Its always fascinating to learn about other people's culture (good or bad). It really does seem extremely tough to succeed as a female if your life is so dependent on who is interested in you for marriage based on your looks....which are ultimately genetically determined.,low_disagreement,3,-0.0,0.0,0.0,0.0,0.0,"[2838, 7182, 4462]","[0.0, 0.0, 0.0]"
34621,Nah you just a stupid coon lol niggas should throw bleach at you URL,low_disagreement,4,-0.0,0.0,2.0,2.0,0.0,"[20, 3119, 7224, 7970]","[2.0, 2.0, 2.0, 2.0]"
41762,Seems like it but Iran thinks the Illuminati great satan is on USA dollar bill? USA put Shiites in power Iraq and Syria? The politics look like a fake Hollywood act on tv news? Same as with North Korea?,low_disagreement,3,-0.0,0.0,0.0,0.0,0.0,"[1676, 2276, 218]","[0.0, 0.0, 0.0]"
21568,"Followers of Jesus, which I am, know that our Lord would have given water to those who thirst. Taking it away from people so they will die is satanic - evil to the core. May God Bless greatly those who give food and water to those who hunger and thirst. Amen.",low_disagreement,3,-0.0,0.0,0.0,0.0,0.0,"[4389, 1638, 1268]","[0.0, 0.0, 0.0]"
38406,@iambeebeeiam Even before my transition I wouldn't use the B-word to insult another human being. It's gross. It's in the same spectrum as the C-word. Nope.,low_disagreement,3,-0.0,0.0,0.0,0.0,0.0,"[2940, 1070, 2669]","[0.0, 0.0, 0.0]"
9555,Now i hate the fucking niggers even more,low_disagreement,4,-0.0,0.0,2.0,2.0,0.0,"[369, 3420, 6283, 7473]","[2.0, 2.0, 2.0, 2.0]"
9458,i've been saying for some time now that only men really need to fear the robot apocalypse. women will probably see a net benefit once the dust settles.,low_disagreement,3,-0.0,0.0,0.0,0.0,0.0,"[2478, 10694, 9639]","[0.0, 0.0, 0.0]"
14559,"IMO, Face>Body>/=Skin color. Filipino mixed western or eastern asian features have advantages too. At least this is how the media portrays beauty.",low_disagreement,4,-0.0,0.0,0.0,0.0,0.0,"[9712, 8206, 2530, 5908]","[0.0, 0.0, 0.0, 0.0]"
37763,"@ArielElyseGold ""It ending with"". Nice English lol. No wonder you don't like Israel, zero chance you'd be able to speak hebrew with that level of grammatical skill.",low_disagreement,3,-0.0,0.0,0.0,0.0,0.0,"[3146, 10042, 10874]","[0.0, 0.0, 0.0]"
33703,This man was trying to read his bible on a train and a nice tolerant lady tried to stop him. Lol the people respond... URL,low_disagreement,4,-0.0,0.0,0.0,0.0,0.0,"[9848, 4868, 7815, 10815]","[0.0, 0.0, 0.0, 0.0]"
49194,"so now they're called migrants, lol what an insult to people who actually migrate, LEGALLY.",low_disagreement,3,-0.0,0.0,0.0,0.0,0.0,"[4690, 380, 76]","[0.0, 0.0, 0.0]"
39284,Girl you pussy needs to be washed out causing another hole in the o zone layer 🤢 URL,low_disagreement,3,-0.0,0.0,0.0,0.0,0.0,"[4746, 6227, 9851]","[0.0, 0.0, 0.0]"
22529,"Imagine the relief some of these Venezuelans feel after registering. Just to have a peace of mind, not even bout work, but not having to fear deportation. Things we take for granted yes",low_disagreement,4,-0.0,0.0,0.0,0.0,0.0,"[5729, 683, 3853, 1248]","[0.0, 0.0, 0.0, 0.0]"
44292,That stupid dyke should be hung from a tree ASAP!,low_disagreement,4,-0.0,0.0,2.0,2.0,0.0,"[791, 10675, 6524, 9013]","[2.0, 2.0, 2.0, 2.0]"
2625,"they were taken, literally taken from their home. irrespective of where they are living now they were taken. against their will. forced, dragged, raped, beaten.  there is nothing great about america. it was founded on murder.",low_disagreement,3,-0.0,0.0,0.0,0.0,0.0,"[6447, 1095, 5038]","[0.0, 0.0, 0.0]"
29610,"Black women more likely to experience sexual harassment in the workplace, study finds URL",low_disagreement,4,-0.0,0.0,0.0,0.0,0.0,"[6180, 9991, 5971, 7570]","[0.0, 0.0, 0.0, 0.0]"
8325,Old faggot hates young faggot. Way she goes.,low_disagreement,3,-0.0,0.0,2.0,2.0,0.0,"[3354, 8882, 3375]","[2.0, 2.0, 2.0]"
3839,I think it just killed a jew,low_disagreement,3,-0.0,0.0,0.0,0.0,0.0,"[2266, 315, 8444]","[0.0, 0.0, 0.0]"
5093,"I've always enjoyed it when people wished me a happy pride, and that goes for most lgbt+ people I've met.",low_disagreement,3,-0.0,0.0,0.0,0.0,0.0,"[7509, 5803, 3509]","[0.0, 0.0, 0.0]"
36766,"This is a hate crime against my people Is not enough to seperate brown families at the border Is not enough to cage brown kids Is not enough to dehumanize, abuse, assault, neglect, starve, brown folks Racists go on a shooting spree to exterminate us like we're nothing Enough URL",low_disagreement,3,-0.0,0.0,0.0,0.0,0.0,"[10646, 9120, 8005]","[0.0, 0.0, 0.0]"
28449,@realDonaldTrump I don't feel safe for my children in America anymore with a wide open border flooding us with criminals...,low_disagreement,3,-0.0,0.0,0.0,0.0,0.0,"[496, 3929, 7353]","[0.0, 0.0, 0.0]"
24301,"#जीवन_आशा_मुहिम Even today a young widow has to face social stigma. Wearing white clothes, facing boycott, etc. are common problems. To fight this social evil, initiative to promote widow marriages has been launched by Saint Dr. Gurmeet Ram Rahim Singh Ji Insan @Gurmeetramrahim",low_disagreement,3,-0.0,0.0,0.0,0.0,0.0,"[2593, 8584, 3675]","[0.0, 0.0, 0.0]"
42644,"Congrats, FAGGOT! gtfo",low_disagreement,3,-0.0,0.0,2.0,2.0,0.0,"[5963, 4544, 4200]","[2.0, 2.0, 2.0]"
27441,1 of my fave hobbies includes meeting and being able to pronounce Dominican names without a problem & fascinating them cause my skin is white 🤣,low_disagreement,3,-0.0,0.0,0.0,0.0,0.0,"[5878, 5396, 7444]","[0.0, 0.0, 0.0]"
571,Ngl /r/egg_irl has been a huge help to me because all the trans people I know IRL are at the stage where they're very confident about it and sure of themselves and my floundering questioning ass was struggling to justify calling myself trans without being like that.,low_disagreement,4,-0.0,0.0,0.0,0.0,0.0,"[7294, 9692, 6893, 7577]","[0.0, 0.0, 0.0, 0.0]"
38642,We can't stop thinking about this amazing LGBTQ+ representation in #DnD! URL URL,low_disagreement,3,-0.0,0.0,0.0,0.0,0.0,"[8848, 3799, 4900]","[0.0, 0.0, 0.0]"
17345,"As well as the scientific community, the World Health Organization, and anyone who's done even the slightest amount of research into what gender identity is. Knowing that gender identity exists on spectrum is really not that complicated, or new.",low_disagreement,3,-0.0,0.0,0.0,0.0,0.0,"[8589, 4584, 6904]","[0.0, 0.0, 0.0]"
22997,Camila with the lgbt flag 😍 #NeverBeTheSameTour #realfriends URL,low_disagreement,3,-0.0,0.0,0.0,0.0,0.0,"[5134, 9351, 10759]","[0.0, 0.0, 0.0]"
17105,"How did Africans (now ""African Americans"") get here in the first place, though? They didn't sail merrily over to these shores of their own volition, Sir.  Again, I ask: What did they (read: old white men) THINK was going to happen?! A: They didn't. Right and wrong isn't tough for me. It's ALL wrong. Wrong+wrong=fvcking wrong.",low_disagreement,4,-0.0,0.0,0.0,0.0,0.0,"[4345, 2205, 1427, 10862]","[0.0, 0.0, 0.0, 0.0]"
37658,"@Ayash910 @SarthakaSingh @WelfareMind @Rajeev1Das @sajjadkargili @icashmir as if muslim don't lynch Hindus and stop stealing their cattle, they are village economy.",low_disagreement,4,-0.0,0.0,0.0,0.0,0.0,"[6171, 6196, 9488, 8511]","[0.0, 0.0, 0.0, 0.0]"
25308,"Eid Mubarak to everyone celebrating the end of #Ramadan. As many of you probably know, the Austro-Hungarian Army fielded a number of Muslim soldiers, primarily recruited from Bosnia-and-Herzegovina #WW1 #WWI #FWW #GreatWar #History #MilitaryHistory #Ramadan2019 #Islam #Bosniaken URL",low_disagreement,3,-0.0,0.0,0.0,0.0,0.0,"[1086, 205, 11105]","[0.0, 0.0, 0.0]"
23028,@ramizarra12 @CavalierBrit @Dockrill2 @AStratelates Funny how it's only militant atheists who believe this myth that Hitler was a Christian.,low_disagreement,4,-0.0,0.0,0.0,0.0,0.0,"[5658, 6480, 9962, 1980]","[0.0, 0.0, 0.0, 0.0]"
45886,Iranians are cool imo. Persians? Awesome people.,low_disagreement,5,-0.0,0.0,0.0,0.0,0.0,"[6878, 4546, 10658, 1299, 8402]","[0.0, 0.0, 0.0, 0.0, 0.0]"
6955,"I'd say it has a large impact for myself, I'm black and I'm most often attracted to black women, am sometimes attracted to white women and rarely attracted to asian women. While I am sometimes attracted to non-black women, if I were thinking of settling down then I'd very much prefer it be with a black woman.",low_disagreement,4,-0.0,0.0,0.0,0.0,0.0,"[9418, 7220, 6341, 3757]","[0.0, 0.0, 0.0, 0.0]"
9412,"The so called Republican christians are so lucky their 'old testament' god does not exist, otherwise the 10 plagues would be unleashed upon them!",low_disagreement,3,-0.0,0.0,0.0,0.0,0.0,"[6219, 1033, 6640]","[0.0, 0.0, 0.0]"
43586,"@Auston M Iran needs to work with the rest of us and stop making trouble, yes the Shaw was bad and they got rid of him. supporting terrorism is hostile and an act of war..call for Israel to be wiped out is very hostile..",low_disagreement,3,-0.0,0.0,0.0,0.0,0.0,"[2309, 3268, 5554]","[0.0, 0.0, 0.0]"
9525,">If a woman wants to ruin a man, all she has to do is say he raped her. As soon as she does the man might as well quit his job, leave his family, abandon all his property, and go straight to jail. Usually, since it comes down to a case of his word against mine, the man is sentenced to jail time, even if the woman can't prove that there was an actual rape lol wtf are you talking about? Typical alt-right incel bullshit.",low_disagreement,3,-0.0,0.0,0.0,0.0,0.0,"[2782, 19, 1659]","[0.0, 0.0, 0.0]"
34221,"it was a edgy Hanukkah, Charlie Brown",low_disagreement,3,-0.0,0.0,0.0,0.0,0.0,"[4151, 7922, 3160]","[0.0, 0.0, 0.0]"
5419,I guarantee the cognitive dissonance in that woman is eating her soul alive. Probably explains why she escalated to so much criminality over time.,low_disagreement,4,-0.0,0.0,0.0,0.0,0.0,"[266, 2737, 6841, 3580]","[0.0, 0.0, 0.0, 0.0]"
3158,"Don't bring them out in public, then. Others shouldn't have to be burdened because some woman decided to breed.",low_disagreement,3,-0.0,0.0,0.0,0.0,0.0,"[7669, 10704, 5634]","[0.0, 0.0, 0.0]"
7817,Well technically discrimination IS illegal. It's racism and sexism that's the problem. But discrimination still occurs like that gay wedding cake thing,low_disagreement,3,-0.0,0.0,0.0,0.0,0.0,"[7886, 1788, 7589]","[0.0, 0.0, 0.0]"
43103,"Women shouldn't be in leadership anyway. What's going to happen if the country gets invaded? WHY ARE THEY SO MEAN TO US, WHAT DID WE DO? WAAAAAAA",low_disagreement,3,-0.0,0.0,0.0,0.0,0.0,"[1295, 3634, 2555]","[0.0, 0.0, 0.0]"
8640,"Yeah man, fuck that guy for not being from the same part of the English-speaking world you are! What an asshole for being born somewhere else, right?",medium_disagreement,3,0.9182958340544896,0.33333333333333337,1.3333333333333333,2.0,1.1547005383792517,"[10823, 7535, 1598]","[2.0, 2.0, 0.0]"
24610,"This is a clear example of the upcummy theory of white degeneracy. The guy posts the picture, gets upcummies and immediately wants more by being on the Ellen show and on RuPaul's show. His bugman brain can't handle all the dopamine.",medium_disagreement,3,0.9182958340544896,0.33333333333333337,0.6666666666666666,1.0,0.5773502691896258,"[7051, 7608, 2225]","[0.0, 1.0, 1.0]"
16656,Dumb Whore,medium_disagreement,3,0.9182958340544896,0.33333333333333337,0.6666666666666666,0.0,1.1547005383792517,"[5796, 2605, 6664]","[0.0, 2.0, 0.0]"
4333,I bet you suck good dick don't ya little boy,medium_disagreement,4,0.8112781244591328,0.25,1.5,2.0,1.0,"[9142, 1531, 9868, 2681]","[2.0, 2.0, 2.0, 0.0]"
6054,"... and this'll feed right into his shitty christian victim complex. Look how oppressed he is when he's just sharing the ""good news"" that LGBT people are going to hell. Fucking idiot. I loathe these freaks.",medium_disagreement,3,0.9182958340544896,0.33333333333333337,0.6666666666666666,0.0,1.1547005383792517,"[5097, 3467, 5561]","[0.0, 0.0, 2.0]"
22008,@Reuters Muslims are like scattered sheep and Allah send these dogs to unite us once we unite then we can take revenge of every single drop of blood of our muslims brothers,medium_disagreement,3,0.9182958340544896,0.33333333333333337,0.6666666666666666,0.0,1.1547005383792517,"[7580, 5995, 11074]","[2.0, 0.0, 0.0]"
24955,"With all the usual annual ""we want a straight pride"" bullshit, here is my annual riposte to it: Panti Bliss talks so eloquently - it's required viewing, and just one good reason you will never need it. @PantiBliss #StraightPride URL",medium_disagreement,3,0.9182958340544896,0.33333333333333337,0.6666666666666666,0.0,1.1547005383792517,"[923, 4201, 8226]","[0.0, 0.0, 2.0]"
41297,"Hahah bet the fuking jews and americans will b pissed, as now the world knows they full of shit they love starting wars but end up losing them As they pussy out cant finsh it, russia we love china we love nxt great power turkey fuk europe fuk isreal",medium_disagreement,4,0.8112781244591328,0.25,1.75,2.0,0.5,"[7061, 2759, 8574, 7967]","[2.0, 2.0, 1.0, 2.0]"
15009,You thick fucking retard lmfao go back to rimming your dead boi xxx,medium_disagreement,3,0.9182958340544896,0.33333333333333337,1.3333333333333333,2.0,1.1547005383792517,"[684, 3684, 6790]","[2.0, 0.0, 2.0]"
17670,"I couldn't help but think of Eric cartman ""fuck the Chinese"" But seriously I hope everyone in HK stays safe and that a peaceful resolution will happen soon.",medium_disagreement,4,0.8112781244591328,0.25,0.25,0.0,0.5,"[179, 2359, 7873, 10396]","[0.0, 0.0, 0.0, 1.0]"
31345,@IlhanMN The Muslims seek to eliminate us! You are disgusting!,medium_disagreement,4,0.8112781244591328,0.25,0.25,0.0,0.5,"[8392, 2422, 1648, 4150]","[0.0, 1.0, 0.0, 0.0]"
47538,"They should all be deported to a Somali war zone where they belong, along with every Guardian employee.",medium_disagreement,3,0.9182958340544896,0.33333333333333337,1.6666666666666667,2.0,0.5773502691896257,"[5145, 4377, 4967]","[1.0, 2.0, 2.0]"
31750,"""Women have recently lost the privilege of being alone with men. That's something they honestly don't deserve, and something they'll need to earn again. We don't have the leisure of worrying about their lack of opportunities. Our lives and well being come first.""",medium_disagreement,4,0.8112781244591328,0.25,0.5,0.0,1.0,"[8078, 4902, 9164, 8267]","[2.0, 0.0, 0.0, 0.0]"
20271,I hate gay guys that start shit with females get your HIV having ass on nasty bitch,medium_disagreement,3,0.9182958340544896,0.33333333333333337,0.3333333333333333,0.0,0.5773502691896258,"[6919, 9387, 2104]","[1.0, 0.0, 0.0]"
45159,*this niggas a clone*,medium_disagreement,3,0.9182958340544896,0.33333333333333337,1.6666666666666667,2.0,0.5773502691896257,"[8143, 4652, 9998]","[2.0, 1.0, 2.0]"
2811,"Fucking saudis are the scum of the earth, embarrassments to muslims all around the world.",medium_disagreement,4,0.8112781244591328,0.25,0.5,0.0,1.0,"[6032, 7007, 9219, 5347]","[0.0, 2.0, 0.0, 0.0]"
14738,I'm a fucking homosexual,medium_disagreement,4,0.8112781244591328,0.25,0.25,0.0,0.5,"[6145, 8844, 1841, 10119]","[0.0, 1.0, 0.0, 0.0]"
44050,An article I read claims they abort 50% of black babies. Eliminate abortion and you will double the crime rate and have to hire double the police officers and double the judges and double the court employees which will more then double your taxes.,medium_disagreement,3,0.9182958340544896,0.33333333333333337,1.3333333333333333,2.0,1.1547005383792517,"[293, 10476, 1650]","[0.0, 2.0, 2.0]"
23530,My niggaz must nut inside so we throw them this party URL,medium_disagreement,3,0.9182958340544896,0.33333333333333337,1.3333333333333333,2.0,1.1547005383792517,"[5049, 1685, 8686]","[0.0, 2.0, 2.0]"
8892,No.. but it won't knock you up and leave you for another white bitch..,medium_disagreement,3,0.9182958340544896,0.33333333333333337,1.3333333333333333,2.0,1.1547005383792517,"[7061, 2759, 8574]","[2.0, 2.0, 0.0]"
30280,"@DrunkAustrian No, you will ask why the Africans and Muslims never assimilated like your liberal overlords promised. Instead they're appropriating your country and claiming it was theirs all along. Karma is a bitch brother.",medium_disagreement,3,0.9182958340544896,0.33333333333333337,0.3333333333333333,0.0,0.5773502691896258,"[5577, 2072, 1712]","[0.0, 0.0, 1.0]"
7152,Get a picture of you and your gay friend and post it to social media and your chances at pussy will increase by tenfold when ladies know how liberal you are,medium_disagreement,3,0.9182958340544896,0.33333333333333337,0.6666666666666666,0.0,1.1547005383792517,"[1267, 2172, 8718]","[0.0, 2.0, 0.0]"
20606,Clown niggas really stick together like they in a circus. Squad full of bozos,medium_disagreement,3,0.9182958340544896,0.33333333333333337,1.3333333333333333,2.0,1.1547005383792517,"[9110, 4384, 1374]","[2.0, 0.0, 2.0]"
41768,This sissy fication of men.,medium_disagreement,3,0.9182958340544896,0.33333333333333337,0.6666666666666666,0.0,1.1547005383792517,"[9540, 578, 6582]","[2.0, 0.0, 0.0]"
18548,id fist that dirty cunt,medium_disagreement,3,0.9182958340544896,0.33333333333333337,1.6666666666666667,2.0,0.5773502691896257,"[2133, 4316, 6636]","[2.0, 1.0, 2.0]"
23865,@toikiis Oh from that Jojo siwa show okay I heard that's gay,medium_disagreement,3,0.9182958340544896,0.33333333333333337,0.6666666666666666,0.0,1.1547005383792517,"[6469, 7847, 9944]","[0.0, 0.0, 2.0]"
45117,"more bombs to the middle east, THIN the HERD💀",medium_disagreement,3,0.9182958340544896,0.33333333333333337,0.6666666666666666,0.0,1.1547005383792517,"[9855, 749, 9283]","[2.0, 0.0, 0.0]"
48302,A black woman should play the role of mulan (rubs hands),medium_disagreement,3,0.9182958340544896,0.33333333333333337,0.3333333333333333,0.0,0.5773502691896258,"[3350, 11102, 3798]","[0.0, 1.0, 0.0]"
20549,"I bet a little bitch boy like yourself would love to get your cock stepped on by these heels. Or maybe you just want to sniff my luscious feet.  Either way, beta bitch boys need to send to show their respect 💸💸💸 $BunnyKat on CashApp URL URL",medium_disagreement,4,0.8112781244591328,0.25,0.5,0.0,1.0,"[9744, 4119, 905, 2859]","[0.0, 0.0, 2.0, 0.0]"
26571,They have to destroy the Koran the Bible and nature that preaches homo's are an abomination punishable by death,medium_disagreement,4,0.8112781244591328,0.25,0.25,0.0,0.5,"[1615, 6186, 2431, 6778]","[0.0, 0.0, 1.0, 0.0]"
3449,The SUPER Christian sounds like he might rank high on the scale as a psychopath and perhaps a sociopath to boot.,medium_disagreement,4,0.8112781244591328,0.25,0.5,0.0,1.0,"[9003, 10310, 1962, 3709]","[0.0, 0.0, 2.0, 0.0]"
31567,@aisha_dosanjh @K2likethat @Kinsville13 So if some thirty people start identifying as cows. Having sex with cows we should let them ??,medium_disagreement,3,0.9182958340544896,0.33333333333333337,0.6666666666666666,0.0,1.1547005383792517,"[4223, 1839, 4395]","[2.0, 0.0, 0.0]"
8908,"I don't condone theft like this, but I'm 100% in support of e-girls who just scam donations from stupid men. It's a fair trade-off as far as I'm concerned. They see us as sex bots, we should see them as ATMs.",medium_disagreement,3,0.9182958340544896,0.33333333333333337,0.3333333333333333,0.0,0.5773502691896258,"[9407, 5173, 5872]","[1.0, 0.0, 0.0]"
46803,"SHUT UP ""Juan"" THIS WAS A HATE CRIME. You also forgot they yelled ""This is MAGA Country"" if this had been a straight, white guy who tried pulling off this HOAX, YOU JUAN WOULD HAVE HAD PLENTY OF BS TO SPEW. You JUAN WILLAMS are a RACIST!....You wouldn't know the Truth if it hit you in the face. DS Pay you off, Go work @ CNN",medium_disagreement,3,0.9182958340544896,0.33333333333333337,0.6666666666666666,0.0,1.1547005383792517,"[7492, 9814, 10395]","[2.0, 0.0, 0.0]"
21857,I don't hang around bitches I gotta keep my eyes on,medium_disagreement,3,0.9182958340544896,0.33333333333333337,0.6666666666666666,0.0,1.1547005383792517,"[9044, 10529, 8675]","[0.0, 2.0, 0.0]"
21447,"""I'll get my revenge when I fuck on your nigga I take that shit back I won't fuck on your nigga I'll fuck on his face, right in your place""",medium_disagreement,3,0.9182958340544896,0.33333333333333337,1.6666666666666667,2.0,0.5773502691896258,"[1974, 1769, 9478]","[2.0, 2.0, 1.0]"
37403,@SenGillibrand Democrat white hate is a national emergency.,medium_disagreement,3,0.9182958340544896,0.33333333333333337,0.3333333333333333,0.0,0.5773502691896258,"[3191, 2451, 4165]","[1.0, 0.0, 0.0]"
41063,Indians out here just fucking shit up,medium_disagreement,3,0.9182958340544896,0.33333333333333337,0.3333333333333333,0.0,0.5773502691896258,"[8336, 2067, 7544]","[0.0, 0.0, 1.0]"
47984,"These women graduated from a military academy with a long history of fostering brilliant minds. They'll be fine, now go back to playing your xbox in your dirty underwear.",medium_disagreement,3,0.9182958340544896,0.33333333333333337,0.3333333333333333,0.0,0.5773502691896258,"[4849, 9707, 9415]","[1.0, 0.0, 0.0]"
15411,"You're a fag and a retard, and not even the good kind like us.",medium_disagreement,3,0.9182958340544896,0.33333333333333337,1.3333333333333333,2.0,1.1547005383792517,"[7919, 3953, 8599]","[2.0, 2.0, 0.0]"
30658,my mind evolved too much to keep fw niggas,medium_disagreement,4,0.8112781244591328,0.25,1.75,2.0,0.5,"[985, 2426, 9532, 8293]","[2.0, 2.0, 1.0, 2.0]"
21935,"✍️Sendin' white cops in the black neighborhoods Who ain't acclimated to 'em, like that's the way to do it Who seen some fuckin' videos of rappers waving guns And know nobody black so they act afraid of us And that's racism, ✍️ URL",medium_disagreement,3,0.9182958340544896,0.33333333333333337,1.3333333333333333,2.0,1.1547005383792517,"[6301, 2295, 710]","[2.0, 0.0, 2.0]"
47835,"Yes, get them out of here. America's street already have enough thieves and flakka addicts. We don't wish to be trashed as Europe has been trashed. The Commiecrats detest a merit-based immigration plan because educated immigrants would vote Republican.",medium_disagreement,3,0.9182958340544896,0.33333333333333337,1.3333333333333333,2.0,1.1547005383792517,"[3782, 5542, 10478]","[2.0, 0.0, 2.0]"
49457,My words hasn't hurt anyone...unlike the 97 million Native Indians your white great grandfather killed..,medium_disagreement,3,0.9182958340544896,0.33333333333333337,0.3333333333333333,0.0,0.5773502691896258,"[3659, 6518, 909]","[0.0, 0.0, 1.0]"
8848,Where is your Allah now !,medium_disagreement,4,0.8112781244591328,0.25,0.25,0.0,0.5,"[10303, 10195, 10958, 5051]","[0.0, 0.0, 0.0, 1.0]"
2054,Watch out. Retards are as strong as orangutans.,medium_disagreement,4,0.8112781244591328,0.25,1.75,2.0,0.5,"[10993, 5729, 683, 3853]","[2.0, 2.0, 1.0, 2.0]"
30906,stupid ugly bitch,medium_disagreement,4,0.8112781244591328,0.25,1.75,2.0,0.5,"[20, 3119, 7224, 7970]","[2.0, 1.0, 2.0, 2.0]"
24998,"@GreenfieldIowa Let me guess, illegal aliens first?",medium_disagreement,3,0.9182958340544896,0.33333333333333337,0.6666666666666666,0.0,1.1547005383792517,"[4469, 822, 7071]","[2.0, 0.0, 0.0]"
5250,Many men should stop talking about becoming or being Alpha males.,medium_disagreement,3,0.9182958340544896,0.33333333333333337,0.6666666666666666,0.0,1.1547005383792517,"[1410, 2066, 1226]","[0.0, 2.0, 0.0]"
30160,"@taslimanasreen @AmitShah This is not your land, go Bangladesh, you r in India workings for gobar, u very dangerous for indian. Govt must throw out from my homeland..",medium_disagreement,3,0.9182958340544896,0.33333333333333337,1.3333333333333333,2.0,1.1547005383792517,"[10456, 4285, 8055]","[2.0, 2.0, 0.0]"
10170,"make her drink her piss like the bitch she is, and if you'd like a bit more edge, tell her to edge her needy cunt with a knife",medium_disagreement,3,0.9182958340544896,0.33333333333333337,1.3333333333333333,2.0,1.1547005383792517,"[765, 3574, 7893]","[2.0, 2.0, 0.0]"
25401,"😡 Muslims are sick animals, sick cult and dickhead 😢😭 URL",medium_disagreement,4,0.8112781244591328,0.25,1.5,2.0,1.0,"[9311, 5028, 1328, 2704]","[2.0, 2.0, 0.0, 2.0]"
4720,but the question is.... are algerians allowed to say the n word,medium_disagreement,4,0.8112781244591328,0.25,0.5,0.0,1.0,"[571, 4450, 4651, 10376]","[0.0, 0.0, 2.0, 0.0]"
42854,"@john jon Nothing she said has to do with race, but it's racist? You're racist for thinking that is racist. Why are you people such bigots?",medium_disagreement,3,0.9182958340544896,0.33333333333333337,0.6666666666666666,0.0,1.1547005383792517,"[9935, 768, 10004]","[0.0, 0.0, 2.0]"
37271,"@mrxbone Any man who does that got to castrated, he doesn't deserve to enjoy sex",medium_disagreement,4,0.8112781244591328,0.25,0.5,0.0,1.0,"[1591, 2007, 7871, 1920]","[0.0, 0.0, 0.0, 2.0]"
42682,"Home minister doing his job as per his job description, finally. Deport all Bdeshis jihadists and Rohingyas.",medium_disagreement,3,0.9182958340544896,0.33333333333333337,0.6666666666666666,0.0,1.1547005383792517,"[10435, 7433, 8021]","[2.0, 0.0, 0.0]"
7635,"I'd cum right in that right pussy. Id make sure to eat it first, then tease her with short strokes until she pulls me in. Hot slut.",medium_disagreement,3,0.9182958340544896,0.33333333333333337,0.6666666666666666,0.0,1.1547005383792517,"[11106, 8998, 5185]","[0.0, 0.0, 2.0]"
47658,"This guy is from egypt, they don't know over there what freedom of speech is lmao, they are under the 🥾 over there where he from.",medium_disagreement,3,0.9182958340544896,0.33333333333333337,0.3333333333333333,0.0,0.5773502691896258,"[7960, 9823, 8535]","[0.0, 0.0, 1.0]"
36107,If I had a son and he turned out straight I'm sneaking into his room at night and showing him what good dick feel like 💯,medium_disagreement,3,0.9182958340544896,0.33333333333333337,0.6666666666666666,1.0,0.5773502691896258,"[2916, 10283, 973]","[0.0, 1.0, 1.0]"
42723,Love b watch out for the gang raping mauradering evil horny muslims 🌟 🌙,medium_disagreement,4,0.8112781244591328,0.25,1.5,2.0,1.0,"[6002, 3396, 10059, 7825]","[2.0, 0.0, 2.0, 2.0]"
22495,"Idiot Didn't Get A Building Permit! Typical White Guy Rule: It's Easier to Beg for Forgiveness, than to ask for permission! And then they play the victim card",medium_disagreement,3,0.9182958340544896,0.33333333333333337,0.6666666666666666,0.0,1.1547005383792517,"[10145, 2300, 6122]","[2.0, 0.0, 0.0]"
37699,Asian hotness URL,medium_disagreement,3,0.9182958340544896,0.33333333333333337,0.3333333333333333,0.0,0.5773502691896258,"[2217, 2355, 10583]","[1.0, 0.0, 0.0]"
45590,+Kiki Melendez do you know Mexicans are hybrid race! Half European White Italian Spaniard and the dogs they came over here to fuck created Mexicans,medium_disagreement,4,0.8112781244591328,0.25,1.5,2.0,1.0,"[8323, 1736, 7172, 7681]","[2.0, 2.0, 0.0, 2.0]"
15339,This hoe needs cumtributes on this picture,medium_disagreement,3,0.9182958340544896,0.33333333333333337,0.6666666666666666,0.0,1.1547005383792517,"[2738, 10531, 6297]","[0.0, 0.0, 2.0]"
19571,I'm built to fuck Her URL,medium_disagreement,3,0.9182958340544896,0.33333333333333337,0.3333333333333333,0.0,0.5773502691896258,"[9354, 2510, 8789]","[1.0, 0.0, 0.0]"
46504,Thank Mexicans for the one at 2:43,medium_disagreement,3,0.9182958340544896,0.33333333333333337,0.3333333333333333,0.0,0.5773502691896258,"[5260, 6063, 5890]","[1.0, 0.0, 0.0]"
6283,SHUT THE FUCK UP YOU MONGOLOID,medium_disagreement,3,0.9182958340544896,0.33333333333333337,1.6666666666666667,2.0,0.5773502691896258,"[8626, 9372, 3341]","[2.0, 2.0, 1.0]"
24489,"@CNN_SUX @IlhanMN I hope Omar is forced to go back to Somalia where her and her cult belong> I praise Israel and she wants them all to die. If I said I wish she would die I would probably be looked at by the FBI & CIA, but she can say death to Jews and all you hear are crickets!!!",medium_disagreement,3,0.9182958340544896,0.33333333333333337,0.6666666666666666,0.0,1.1547005383792517,"[5498, 8684, 705]","[2.0, 0.0, 0.0]"
19391,You sure thats a she? She appears to be manspreading...,medium_disagreement,3,0.9182958340544896,0.33333333333333337,0.3333333333333333,0.0,0.5773502691896258,"[7475, 6472, 6398]","[0.0, 1.0, 0.0]"
33985,@GarryJGray Similar effect when you have Mexican.,medium_disagreement,3,0.9182958340544896,0.33333333333333337,0.3333333333333333,0.0,0.5773502691896258,"[2921, 7536, 2822]","[0.0, 1.0, 0.0]"
22946,suck my cock #GayPorn #gay #Bareback #Uncut #SuckIt #suckdick #suckcock URL,medium_disagreement,3,0.9182958340544896,0.33333333333333337,0.3333333333333333,0.0,0.5773502691896258,"[8879, 7524, 11079]","[0.0, 0.0, 1.0]"
4030,Congrats on the trans girl,medium_disagreement,3,0.9182958340544896,0.33333333333333337,0.3333333333333333,0.0,0.5773502691896258,"[6896, 7705, 10764]","[0.0, 1.0, 0.0]"
36250,@MarkSutton3110 @legionofspoons @AKQ4840 @fatooshee34 @danroan My point was that Semenya is NOT biologically female . So to claim a biological male athlete is great simply because they can beat biological females is absurd and bizarre,medium_disagreement,4,0.8112781244591328,0.25,0.5,0.0,1.0,"[6216, 766, 10567, 5141]","[2.0, 0.0, 0.0, 0.0]"
10410,">The Gulf Between two people who don't like one another. It is long but neutral and true Honestly akhi, who do you think likes you more. Iranians majority of whom practice an Arab religion, give their children Arab names and teach them Arabic in school (as a second language) or the ""go back to your country"" crowd who would beat up a Sikh, because they can't be bothered to differentiate between various types of sand niggers?",medium_disagreement,4,0.8112781244591328,0.25,1.75,2.0,0.5,"[2099, 6695, 9108, 1677]","[1.0, 2.0, 2.0, 2.0]"
29258,She is a cunt,medium_disagreement,4,0.8112781244591328,0.25,1.5,2.0,1.0,"[3538, 38, 6489, 9185]","[2.0, 0.0, 2.0, 2.0]"
27001,"Oh, look! Muslim sewage fouling the streets of Michigan URL",medium_disagreement,4,0.8112781244591328,0.25,1.5,2.0,1.0,"[32, 5057, 7743, 1036]","[2.0, 2.0, 0.0, 2.0]"
20060,I love that you enjoy being trans.,medium_disagreement,775,0.17961652121588786,0.02709677419354839,0.027096774193548386,0.0,0.1624703023625778,"[2790, 2878, 9057, 8749, 4083, 2996, 4924, 4632, 2469, 6765, 3295, 183, 3963, 5414, 415, 3538, 9913, 3231, 7698, 6128, 258, 4479, 2071, 1498, 8238, 1656, 10633, 7036, 1075, 3730, 5960, 4442, 11069, 11004, 7807, 7662, 9070, 8619, 2305, 5774, 3674, 4391, 7864, 6077, 1604, 9640, 10729, 6833, 10409, 8927, 4726, 6330, 9698, 2945, 7895, 4627, 3701, 551, 8232, 7986, 20, 1788, 7884, 7944, 635, 1718, 9421, 296, 1301, 1422, 10909, 10924, 1859, 7080, 2408, 7208, 5722, 9457, 8815, 11113, 9830, 7599, 4126, 7567, 141, 84, 3822, 266, 9091, 4743, 4182, 5229, 6016, 720, 11116, 4653, 5059, 4846, 1516, 5734, 7751, 8090, 10514, 3954, 6513, 5139, 11063, 5219, 5597, 1427, 1554, 5273, 7005, 3100, 2096, 10949, 9713, 9439, 3223, 6666, 3380, 5461, 4811, 5524, 1062, 1145, 5682, 1193, 5422, 744, 6226, 114, 10070, 7263, 1199, 2824, 8704, 10998, 6089, 1708, 36, 3424, 7882, 5831, 5221, 1001, 10603, 2006, 4552, 4064, 9594, 4094, 10621, 6555, 1183, 4286, 7236, 1774, 3633, 2985, 7296, 80, 8270, 5551, 3373, 7184, 6524, 10188, 2569, 9047, 8756, 7385, 177, 2922, 4320, 4004, 3986, 9981, 2295, 85, 8735, 4230, 1686, 10434, 5603, 2613, 6022, 6198, 10311, 3079, 5956, 3956, 5633, 7831, 4312, 7984, 1676, 2876, 3979, 5617, 6235, 2018, 1756, 2489, 3181, 4033, 9350, 353, 7887, 7378, 555, 9137, 10386, 10374, 2861, 8133, 3600, 8374, 8848, 961, 46, 9776, 958, 11128, 2871, 9953, 10195, 3578, 4574, 9808, 2746, 5244, 9790, 5545, 3047, 10245, 1057, 352, 11047, 1755, 3234, 7915, 165, 9182, 10359, 1980, 9499, 2733, 9427, 8875, 2318, 2857, 5497, 10213, 9059, 3500, 8606, 11062, 10887, 2766, 9290, 7629, 8976, 205, 9897, 6468, 7402, 7521, 328, 2429, 10709, 911, 7280, 8328, 855, 7873, 8131, 8528, 5730, 1976, 1602, 8990, 8086, 5803, 10109, 4527, 10845, 9196, 8154, 5902, 7416, 8304, 3027, 1332, 5354, 3700, 11095, 10208, 3523, 7775, 6659, 1887, 7380, 2077, 2873, 297, 6770, 833, 3396, 3808, 4076, 6844, 5644, 606, 5781, 4591, 4673, 10048, 9481, 3141, 6363, 6154, 723, 10598, 5694, 9879, 8454, 4628, 7658, 3938, 5982, 10164, 9316, 5433, 270, 10950, 7759, 10892, 5896, 2673, 3118, 313, 1018, 639, 6240, 1957, 2843, 9930, 646, 8047, 5182, 5778, 1425, 10331, 6716, 706, 5508, 4850, 9097, 8204, 8583, 3921, 10735, 9504, 6040, 2921, 39, 11071, 7242, 2564, 2952, 4654, 4700, 8723, 5058, 2009, 111, 1880, 538, 10689, 6894, 2398, 11024, 5157, 9620, 9556, 7066, 2468, 10657, 5062, 10935, 5566, 7286, 8140, 2621, 997, 4639, 1236, 3019, 5517, 8789, 3905, 2192, 1814, 3676, 3309, 6723, 2404, 2466, 7603, 1717, 1118, 7078, 2095, 11119, 5935, 9964, 10258, 9524, 8198, 2268, 9859, 8612, 952, 1310, 9089, 6976, 8728, 5459, 1008, 265, 10778, 3671, 5553, 10028, 4008, 5174, 4505, 1611, 4883, 9256, 602, 587, 8149, 10919, 4223, 7535, 3914, 6926, 4205, 4813, 6663, 1245, 1670, 5064, 1797, 10403, 4081, 1845, 5099, 1354, 10181, 6359, 11085, 8249, 1830, 2540, 768, 1176, 7615, 6860, 4669, 3995, 4044, 8343, 5897, 8417, 1748, 9168, 3946, 8901, 7130, 8394, 6747, 5125, 2184, 1351, 3503, 9549, 644, 7999, 4150, 4928, 3153, 7082, 1759, 4936, 5127, 9983, 4718, 4577, 7106, 605, 10438, 3842, 6212, 4734, 2246, 871, 10023, 1613, 6785, 10376, 3781, 8573, 6424, 2452, 6472, 5612, 4405, 10736, 7362, 3673, 1599, 10439, 2244, 11001, 6200, 9058, 8146, 8873, 8387, 3013, 8103, 6561, 3109, 4564, 3017, 936, 7544, 9718, 3361, 2031, 8447, 2974, 2166, 8362, 2581, 7262, 2514, 9598, 9387, 6331, 5563, 6968, 8684, 458, 2213, 1534, 2559, 8556, 10484, 5948, 9446, 9229, 1000, 3739, 4692, 10035, 2317, 2435, 3745, 982, 1947, 7303, 10768, 759, 9122, 11032, 4853, 6606, 306, 2588, 472, 10742, 992, 347, 6475, 2788, 7979, 4532, 325, 9817, 5254, 9653, 2418, 4536, 9896, 819, 1963, 4622, 6639, 2513, 5347, 388, 3637, 7239, 6963, 7411, 3125, 4058, 9403, 6148, 5775, 9960, 10165, 740, 2720, 6583, 6933, 2088, 2819, 4026, 984, 10799, 125, 6931, 3761, 3531, 2280, 8057, 5040, 4016, 5501, 4440, 613, 5816, 1326, 6246, 10453, 1757, 3355, 3237, 5792, 9301, 5303, 7478, 9764, 1563, 5327, 8267, 5793, 1675, 10509, 10283, 3526, 2941, 7541, 10261, 236, 7550, 4080, 9844, 6828, 5448, 8509, 2853, 4190, 9633, 4488, 1597, 9539, 5519, 3678, 8656, 8968, 4011, 2726, 6593, 980, 4893, 1214, 9989, 4473, 8203, 8043, 2450, 5041, 2066, 10310, 3400, 1383, 2723, 2574, 10644, 7377, 4510, 7439, 2610, 294, 2524, 7691, 7714, 5156, 7577, 9719, 3002, 8412, 1409, 3969, 256, 9668, 5746, 5082, 9464, 3930, 7361, 1607, 2846, 6419, 669, 8800, 6273, 7847, 4576, 5357, 5342, 2262, 5388, 3228, 8048, 5889, 1219, 4144, 8936, 3099, 5848, 5301, 7705, 381, 3898, 7301, 10286, 9285, 286, 5645, 6177, 7102, 978, 4562, 2286, 2915, 2879, 3879, 7461, 5773, 1483, 8059, 10694, 6703, 10280, 9307, 4360, 6474, 3571, 6702, 1485, 7718, 1842, 135, 7485, 1162, 1868, 611, 6186]","[0.0, 0.0, 0.0, 0.0, 0.0, 0.0, 0.0, 0.0, 0.0, 0.0, 0.0, 0.0, 0.0, 0.0, 0.0, 0.0, 0.0, 0.0, 0.0, 0.0, 0.0, 0.0, 0.0, 0.0, 0.0, 0.0, 0.0, 0.0, 0.0, 0.0, 0.0, 0.0, 0.0, 0.0, 0.0, 0.0, 0.0, 0.0, 0.0, 0.0, 0.0, 0.0, 0.0, 0.0, 0.0, 0.0, 0.0, 0.0, 0.0, 0.0, 0.0, 0.0, 0.0, 0.0, 0.0, 0.0, 0.0, 0.0, 0.0, 0.0, 0.0, 0.0, 0.0, 0.0, 0.0, 0.0, 0.0, 0.0, 0.0, 0.0, 0.0, 0.0, 0.0, 0.0, 0.0, 0.0, 0.0, 0.0, 0.0, 0.0, 0.0, 0.0, 0.0, 0.0, 0.0, 0.0, 0.0, 0.0, 0.0, 0.0, 0.0, 0.0, 0.0, 0.0, 0.0, 0.0, 0.0, 0.0, 0.0, 0.0, 0.0, 0.0, 0.0, 0.0, 0.0, 0.0, 0.0, 0.0, 0.0, 0.0, 1.0, 0.0, 0.0, 0.0, 0.0, 0.0, 1.0, 0.0, 0.0, 0.0, 0.0, 0.0, 0.0, 0.0, 0.0, 0.0, 0.0, 0.0, 0.0, 0.0, 0.0, 0.0, 0.0, 0.0, 0.0, 0.0, 0.0, 0.0, 0.0, 0.0, 0.0, 0.0, 1.0, 0.0, 0.0, 0.0, 0.0, 0.0, 0.0, 0.0, 0.0, 0.0, 0.0, 0.0, 0.0, 0.0, 0.0, 0.0, 0.0, 0.0, 0.0, 1.0, 0.0, 0.0, 0.0, 0.0, 0.0, 0.0, 1.0, 0.0, 0.0, 0.0, 0.0, 0.0, 0.0, 0.0, 0.0, 0.0, 0.0, 0.0, 0.0, 0.0, 0.0, 0.0, 0.0, 0.0, 0.0, 0.0, 0.0, 0.0, 0.0, 0.0, 0.0, 0.0, 0.0, 0.0, 0.0, 0.0, 0.0, 0.0, 0.0, 0.0, 0.0, 0.0, 0.0, 0.0, 0.0, 0.0, 0.0, 0.0, 0.0, 1.0, 0.0, 0.0, 0.0, 0.0, 0.0, 0.0, 0.0, 0.0, 0.0, 0.0, 0.0, 0.0, 0.0, 0.0, 0.0, 1.0, 0.0, 0.0, 0.0, 0.0, 0.0, 0.0, 0.0, 0.0, 0.0, 0.0, 0.0, 0.0, 0.0, 0.0, 0.0, 0.0, 0.0, 0.0, 0.0, 0.0, 0.0, 0.0, 0.0, 0.0, 0.0, 0.0, 0.0, 0.0, 0.0, 0.0, 0.0, 0.0, 0.0, 0.0, 0.0, 0.0, 0.0, 0.0, 0.0, 0.0, 0.0, 0.0, 0.0, 0.0, 0.0, 0.0, 0.0, 0.0, 0.0, 0.0, 0.0, 0.0, 0.0, 0.0, 0.0, 0.0, 0.0, 0.0, 0.0, 0.0, 0.0, 0.0, 0.0, 0.0, 0.0, 0.0, 0.0, 0.0, 0.0, 0.0, 0.0, 0.0, 0.0, 0.0, 0.0, 0.0, 0.0, 0.0, 0.0, 0.0, 0.0, 0.0, 0.0, 0.0, 0.0, 0.0, 0.0, 0.0, 0.0, 0.0, 0.0, 0.0, 0.0, 0.0, 0.0, 0.0, 0.0, 0.0, 0.0, 0.0, 0.0, 0.0, 0.0, 0.0, 0.0, 0.0, 0.0, 0.0, 0.0, 0.0, 0.0, 0.0, 0.0, 0.0, 0.0, 0.0, 0.0, 0.0, 0.0, 0.0, 0.0, 0.0, 0.0, 0.0, 0.0, 0.0, 0.0, 0.0, 0.0, 0.0, 0.0, 0.0, 0.0, 0.0, 0.0, 0.0, 0.0, 0.0, 0.0, 0.0, 0.0, 0.0, 0.0, 0.0, 0.0, 0.0, 0.0, 0.0, 0.0, 0.0, 0.0, 0.0, 0.0, 0.0, 0.0, 0.0, 0.0, 0.0, 0.0, 0.0, 0.0, 0.0, 0.0, 0.0, 0.0, 0.0, 0.0, 0.0, 0.0, 0.0, 0.0, 0.0, 0.0, 0.0, 0.0, 0.0, 0.0, 0.0, 0.0, 0.0, 0.0, 0.0, 0.0, 1.0, 0.0, 0.0, 0.0, 0.0, 0.0, 0.0, 0.0, 0.0, 0.0, 0.0, 0.0, 0.0, 0.0, 0.0, 0.0, 0.0, 0.0, 0.0, 0.0, 0.0, 0.0, 0.0, 1.0, 0.0, 0.0, 0.0, 0.0, 0.0, 0.0, 0.0, 1.0, 0.0, 0.0, 0.0, 0.0, 0.0, 0.0, 0.0, 0.0, 0.0, 0.0, 0.0, 0.0, 0.0, 0.0, 0.0, 0.0, 0.0, 0.0, 0.0, 0.0, 0.0, 0.0, 0.0, 0.0, 0.0, 1.0, 0.0, 0.0, 0.0, 0.0, 0.0, 0.0, 0.0, 0.0, 0.0, 0.0, 0.0, 0.0, 1.0, 0.0, 0.0, 0.0, 0.0, 0.0, 0.0, 0.0, 0.0, 0.0, 0.0, 0.0, 0.0, 0.0, 0.0, 0.0, 0.0, 0.0, 0.0, 0.0, 0.0, 0.0, 0.0, 0.0, 1.0, 0.0, 0.0, 0.0, 0.0, 0.0, 0.0, 0.0, 0.0, 0.0, 0.0, 0.0, 0.0, 1.0, 0.0, 0.0, 0.0, 0.0, 0.0, 0.0, 0.0, 0.0, 0.0, 0.0, 1.0, 0.0, 0.0, 0.0, 0.0, 0.0, 0.0, 0.0, 0.0, 0.0, 0.0, 0.0, 0.0, 1.0, 0.0, 0.0, 1.0, 0.0, 0.0, 0.0, 0.0, 0.0, 0.0, 0.0, 0.0, 0.0, 0.0, 0.0, 0.0, 0.0, 0.0, 0.0, 0.0, 0.0, 0.0, 0.0, 0.0, 0.0, 0.0, 0.0, 0.0, 0.0, 0.0, 0.0, 0.0, 0.0, 0.0, 0.0, 0.0, 0.0, 0.0, 0.0, 0.0, 0.0, 1.0, 0.0, 0.0, 0.0, 0.0, 0.0, 0.0, 0.0, 0.0, 0.0, 0.0, 0.0, 0.0, 0.0, 0.0, 0.0, 0.0, 0.0, 0.0, 0.0, 0.0, 0.0, 0.0, 0.0, 0.0, 0.0, 0.0, 0.0, 0.0, 0.0, 0.0, 0.0, 0.0, 0.0, 0.0, 0.0, 0.0, 0.0, 0.0, 0.0, 0.0, 0.0, 0.0, 0.0, 0.0, 0.0, 0.0, 0.0, 0.0, 0.0, 0.0, 0.0, 0.0, 0.0, 0.0, 0.0, 0.0, 1.0, 0.0, 0.0, 0.0, 0.0, 0.0, 0.0, 0.0, 0.0, 0.0, 0.0, 0.0, 0.0, 0.0, 0.0, 0.0, 0.0, 0.0, 0.0, 0.0, 0.0, 0.0, 0.0, 0.0, 0.0, 0.0, 1.0, 0.0, 0.0, 0.0, 0.0, 0.0, 0.0, 0.0, 0.0, 0.0, 0.0, 0.0, 0.0, 0.0, 0.0, 0.0, 0.0, 0.0, 0.0, 0.0, 0.0, 0.0, 0.0, 0.0, 0.0, 0.0, 0.0, 0.0, 0.0, 0.0, 0.0, 0.0, 0.0, 1.0, 0.0, 0.0, 0.0, 0.0, 0.0, 0.0, 0.0, 0.0, 0.0, 0.0, 0.0, 0.0, 0.0, 0.0, 0.0, 0.0, 0.0, 0.0, 0.0, 0.0, 0.0, 0.0, 0.0, 0.0, 0.0, 0.0, 0.0, 0.0, 0.0, 0.0, 0.0, 0.0, 0.0, 0.0, 0.0, 0.0, 0.0, 0.0, 0.0, 0.0, 0.0, 0.0, 0.0, 0.0, 0.0, 0.0, 0.0, 0.0, 0.0, 0.0, 0.0, 0.0, 0.0, 0.0, 0.0, 0.0, 0.0, 0.0, 0.0, 0.0, 0.0, 0.0, 0.0, 0.0, 0.0, 0.0, 0.0, 0.0, 0.0, 0.0, 0.0, 0.0, 0.0, 0.0, 0.0]"
11514,Religion needs to be annihilated peacefully and without tyranny,medium_disagreement,3,0.9182958340544896,0.33333333333333337,0.3333333333333333,0.0,0.5773502691896258,"[9158, 2937, 1193]","[0.0, 0.0, 1.0]"
221,All these crazy religious fuckheads trying to shut down abortion are like apes trying to destroy fire because it burns to the touch,medium_disagreement,3,0.9182958340544896,0.33333333333333337,1.3333333333333333,2.0,1.1547005383792517,"[2645, 2077, 2362]","[0.0, 2.0, 2.0]"
49769,Illegal immigrants should be thrown out of the country.,medium_disagreement,3,0.9182958340544896,0.33333333333333337,0.6666666666666666,0.0,1.1547005383792517,"[6684, 10397, 10919]","[2.0, 0.0, 0.0]"
45258,"These 4 women are hate mongers and racists, they are actually bullying the dems. Members ,they are scared of them, these women need to be spanked! Maga",medium_disagreement,3,0.9182958340544896,0.33333333333333337,0.6666666666666666,0.0,1.1547005383792517,"[4955, 4396, 9379]","[0.0, 2.0, 0.0]"
31691,boys whose masculinity can't handle being called pretty are weak and natural selection is coming for you all,medium_disagreement,4,0.8112781244591328,0.25,0.25,0.0,0.5,"[9089, 9366, 9386, 4021]","[0.0, 0.0, 1.0, 0.0]"
46384,Send all illegal aliens back to their own planet.,medium_disagreement,4,0.8112781244591328,0.25,0.5,0.0,1.0,"[9870, 228, 5273, 7877]","[0.0, 2.0, 0.0, 0.0]"
22777,@Speech7x7 Muslims don't want equality!  They seek special treatment in order to further their agenda which is to take over NorthAmerica! And they are winning slowly with the help of liberals. These 2 ideologies will eventually clash!,medium_disagreement,3,0.9182958340544896,0.33333333333333337,0.6666666666666666,0.0,1.1547005383792517,"[2214, 2096, 6348]","[2.0, 0.0, 0.0]"
31631,"I'd much rather see them locked in cages than let loose to child traffic, rape, rob, and murder. If you want to end it, bounce them back over the border... or execute them for breaking into our country. I don't care which. URL",medium_disagreement,3,0.9182958340544896,0.33333333333333337,0.6666666666666666,0.0,1.1547005383792517,"[10718, 8412, 2672]","[0.0, 0.0, 2.0]"
5058,LOCK THEM UP! TRAITORS. RETHUGLICANS. Over privileged old white men.,medium_disagreement,3,0.9182958340544896,0.33333333333333337,1.3333333333333333,2.0,1.1547005383792517,"[3736, 9855, 749]","[2.0, 2.0, 0.0]"
11121,"They wanna fuck so bad, just do it already, nobody cares if you're gay.",medium_disagreement,4,0.8112781244591328,0.25,0.25,0.0,0.5,"[2218, 4433, 4406, 10979]","[1.0, 0.0, 0.0, 0.0]"
42614,Rata 4U Indian? What Indian has? Lol u a idiot,medium_disagreement,3,0.9182958340544896,0.33333333333333337,0.3333333333333333,0.0,0.5773502691896258,"[1545, 4367, 50]","[0.0, 0.0, 1.0]"
22552,"@RahulGandhi When will u give us ""OPPORTUNITY"" to thank u? Pls either leave politics or our country. You incapable to earn anything on your own. Surviving on family's black money & mommy's advice. We know that u have no brain but at least TRY to find & use 4 own benefit. You r a cute kid baby",medium_disagreement,3,0.9182958340544896,0.33333333333333337,1.3333333333333333,1.0,0.5773502691896258,"[4033, 4355, 1847]","[1.0, 1.0, 2.0]"
23792,@sairasameerarao Then don't let the fucking border door hit you in your fat ugly ass on your way out! You ungrateful piece of shit!!!! It's scum like you that make the entire world worse off'!!!!!!!!!,medium_disagreement,3,0.9182958340544896,0.33333333333333337,0.6666666666666666,0.0,1.1547005383792517,"[3786, 10704, 129]","[0.0, 0.0, 2.0]"
3013,Haha you're a fucking fag,medium_disagreement,3,0.9182958340544896,0.33333333333333337,1.3333333333333333,2.0,1.1547005383792517,"[7778, 5951, 8047]","[2.0, 0.0, 2.0]"
4075,Trans girl trades bottom halves with trans boy 2019 (Colorized),medium_disagreement,3,0.9182958340544896,0.33333333333333337,0.3333333333333333,0.0,0.5773502691896258,"[7142, 8271, 1592]","[1.0, 0.0, 0.0]"
15452,Oh no ah you see it's a Zionist conspiracy to paint jews as an oppressed class. Auschwitz was actually a camping and resort.,medium_disagreement,3,0.9182958340544896,0.33333333333333337,0.6666666666666666,0.0,1.1547005383792517,"[8807, 11022, 2037]","[0.0, 0.0, 2.0]"
17482,Actually that one is new Zealand where the fucker who came over from Australia shot up mosques because he thought immigrants were dangerous.,medium_disagreement,3,0.9182958340544896,0.33333333333333337,0.6666666666666666,0.0,1.1547005383792517,"[9325, 8328, 8544]","[0.0, 2.0, 0.0]"
9623,I'm so happy for you! Great job coming out as lesbian! <3,medium_disagreement,4,0.8112781244591328,0.25,0.25,0.0,0.5,"[9638, 5830, 8593, 7191]","[0.0, 0.0, 1.0, 0.0]"
13575,Your slut mom sucks dick. Is she gay you retard?,medium_disagreement,3,0.9182958340544896,0.33333333333333337,1.6666666666666667,2.0,0.5773502691896257,"[7836, 606, 9655]","[1.0, 2.0, 2.0]"
7181,It can go from women being able to be readers to an openly gay couple living an un-bothered Orthodox life within the parish. Too vague to tell.,medium_disagreement,3,0.9182958340544896,0.33333333333333337,0.3333333333333333,0.0,0.5773502691896258,"[2303, 9306, 541]","[1.0, 0.0, 0.0]"
38662,wow men are fucking trash and disgusting,medium_disagreement,4,0.8112781244591328,0.25,1.5,2.0,1.0,"[2443, 2932, 165, 1402]","[2.0, 0.0, 2.0, 2.0]"
47073,"I spent all my money to come to America and escape from ISIS and Islam and now i just see muslims everywhere, this country will also die soon as middle east unfortunately",medium_disagreement,3,0.9182958340544896,0.33333333333333337,0.3333333333333333,0.0,0.5773502691896258,"[2180, 6170, 2699]","[0.0, 1.0, 0.0]"
35581,@ImSaPK @ZaidZamanHamid We've been seeing for 1400 years. You're useless at your job. Even your papa Saudi has openly told everybody you are just slaves. You are those who knelt down and read kalma at the mere sight of a sword like the cowards you are. We have been here for 5000 yrs & will for 5000 more,medium_disagreement,3,0.9182958340544896,0.33333333333333337,0.6666666666666666,0.0,1.1547005383792517,"[675, 9752, 10008]","[0.0, 2.0, 0.0]"
19395,get back in your basement white incel!,medium_disagreement,3,0.9182958340544896,0.33333333333333337,1.6666666666666667,2.0,0.5773502691896257,"[144, 9092, 8824]","[1.0, 2.0, 2.0]"
12704,"Because there are no other choices Send them back to their home, they will wage war once again. Free them, they will cause curroption in the muslim homeland. Send them to the deserts, they will die.  The only logical choice is to grant them protection and fullfill their sexual desires so that they won't try to help their desires through other means.",medium_disagreement,3,0.9182958340544896,0.33333333333333337,0.3333333333333333,0.0,0.5773502691896258,"[3702, 10547, 1640]","[1.0, 0.0, 0.0]"
18507,How about no. Fuck boys will be boys shit  URL,medium_disagreement,3,0.9182958340544896,0.33333333333333337,0.6666666666666666,0.0,1.1547005383792517,"[3050, 177, 4935]","[2.0, 0.0, 0.0]"
45173,"She's the Hater of America, send her back",medium_disagreement,3,0.9182958340544896,0.33333333333333337,0.6666666666666666,0.0,1.1547005383792517,"[7824, 9429, 6299]","[2.0, 0.0, 0.0]"
20282,@ChaeWooLee1 @The_Trump_Train @AOC Another fake ass Christian piece of shit. Rape apologizing motherfucker.,medium_disagreement,3,0.9182958340544896,0.33333333333333337,1.3333333333333333,2.0,1.1547005383792517,"[1746, 4152, 8850]","[2.0, 0.0, 2.0]"
32594,Men are diseased URL,medium_disagreement,4,0.8112781244591328,0.25,0.5,0.0,1.0,"[671, 8460, 10046, 2811]","[2.0, 0.0, 0.0, 0.0]"
33760,"""I'm going to kick you in the vagina""",medium_disagreement,4,0.8112781244591328,0.25,0.25,0.0,0.5,"[756, 1169, 1275, 2517]","[0.0, 0.0, 0.0, 1.0]"
39827,There's nothing i dislike more than a fake bitch and a dirty pussy 🙅🏻‍♀️,medium_disagreement,3,0.9182958340544896,0.33333333333333337,0.6666666666666666,0.0,1.1547005383792517,"[8220, 204, 5800]","[0.0, 2.0, 0.0]"
33634,ANOTHER WHITE MASS MURDERER!! And y'all trynna tell me that MY people locked in cages are the real threat to this country? GMFU,medium_disagreement,4,0.8112781244591328,0.25,0.25,0.0,0.5,"[5127, 3784, 5945, 1717]","[0.0, 1.0, 0.0, 0.0]"
24470,"@rbromer @NatSecSoc I found this absolutely incredible! Then, it may also allow slavery, forced sex, sexual exploitation, sexual slavery (they are in fact allowing all these indignities through shariah ""laws""), ISIS-AQ ideology, and more.",medium_disagreement,3,0.9182958340544896,0.33333333333333337,0.3333333333333333,0.0,0.5773502691896258,"[9709, 7288, 6101]","[0.0, 1.0, 0.0]"
45340,Whites are evil. I hate civilization- I'd rather live in a teepee hunting for fishies and performing human sacrifices,medium_disagreement,4,0.8112781244591328,0.25,0.5,0.0,1.0,"[9036, 2403, 1763, 6474]","[2.0, 0.0, 0.0, 0.0]"
10564,"When he was arrested for false arrest and other shit did somebody at the police station tell the racist fuck to ""take your charges"" and maybe advise him on how to do his job?",medium_disagreement,3,0.9182958340544896,0.33333333333333337,1.3333333333333333,1.0,0.5773502691896258,"[10139, 5612, 443]","[1.0, 1.0, 2.0]"
18850,Where I am from males are not cattle. Like I said doing that shit to children so you can feel normal is primitive low IQ shit.,medium_disagreement,3,0.9182958340544896,0.33333333333333337,0.6666666666666666,0.0,1.1547005383792517,"[4465, 682, 3174]","[2.0, 0.0, 0.0]"
41442,these attackers only tryin ta protect they country from these white colonizers,medium_disagreement,4,0.8112781244591328,0.25,0.5,0.0,1.0,"[7632, 1127, 6285, 5087]","[0.0, 2.0, 0.0, 0.0]"
15815,"actually a little more 547 but regardless thats a LOT of money to give weekly to bullshit that actively attacks me for my white skin color, and second, what does my income rich poor or otherwise have to do with anything whatsoever? Seriously how fucking deranged are you?",medium_disagreement,4,0.8112781244591328,0.25,0.5,0.0,1.0,"[10406, 2739, 7472, 2286]","[0.0, 2.0, 0.0, 0.0]"
2626,Fuck allah too and Mohhamd the 9 year old predator,medium_disagreement,4,0.8112781244591328,0.25,0.5,0.0,1.0,"[10408, 2518, 590, 8997]","[2.0, 0.0, 0.0, 0.0]"
738,So are the far left who want all the jews to redistribute their wealth.,medium_disagreement,3,0.9182958340544896,0.33333333333333337,0.6666666666666666,0.0,1.1547005383792517,"[1297, 4132, 8700]","[2.0, 0.0, 0.0]"
11211,Colt is an obvious incel/ misogynistic type guy. Hw doesn't repsect women and gives me gross out vibes. This is why I keeps saying foreign women. No American would tolerate this creepiness.,medium_disagreement,3,0.9182958340544896,0.33333333333333337,1.3333333333333333,2.0,1.1547005383792517,"[7590, 1203, 5722]","[0.0, 2.0, 2.0]"
36834,"@Flawws @jenny5e @beadtweets @BNONews Chicago isn't dangerous, the black supremacy terrorists inspired by @RepCummings and his gang is violence inciting black folk make it dangerous. Black babies are being murdered in Chicago by the 1000s. PAY ATTENTION YOU RACIST A$$HOLE!",medium_disagreement,4,0.8112781244591328,0.25,1.5,2.0,1.0,"[6843, 4205, 10889, 419]","[2.0, 0.0, 2.0, 2.0]"
41035,Ahmed Hashem fuck Gaza you stupid Muslim,medium_disagreement,3,0.9182958340544896,0.33333333333333337,1.3333333333333333,2.0,1.1547005383792517,"[7060, 6488, 8958]","[2.0, 2.0, 0.0]"
36660,@Alyssa_Milano I hope he cuts your illegals off..,medium_disagreement,4,0.8112781244591328,0.25,0.5,0.0,1.0,"[1247, 8005, 7142, 8271]","[0.0, 0.0, 2.0, 0.0]"
5327,You planning on getting pregnant anytime soon? Fuck off.,medium_disagreement,3,0.9182958340544896,0.33333333333333337,0.6666666666666666,0.0,1.1547005383792517,"[8441, 8533, 1399]","[0.0, 0.0, 2.0]"
46355,There's no black folk here,medium_disagreement,3,0.9182958340544896,0.33333333333333337,0.3333333333333333,0.0,0.5773502691896258,"[6368, 389, 10880]","[1.0, 0.0, 0.0]"
44925,the Science of Feminism URL its a lot like nazism 14 not to beat up on the girls too much cos stupid seems to effect beta tester males too wii U cocksucker,medium_disagreement,3,0.9182958340544896,0.33333333333333337,1.6666666666666667,2.0,0.5773502691896257,"[6752, 2008, 9830]","[2.0, 1.0, 2.0]"
47780,That lady is full of it Iran should back off before the lion bites the wolf's head off,medium_disagreement,4,0.8112781244591328,0.25,0.25,0.0,0.5,"[10178, 7208, 10273, 1732]","[0.0, 0.0, 1.0, 0.0]"
737,She's disgusting. I'd let her suck my cock.,medium_disagreement,4,0.8112781244591328,0.25,0.5,0.0,1.0,"[10690, 3444, 9885, 2743]","[0.0, 0.0, 2.0, 0.0]"
17956,surprised he could even do anything with all the cocks in his ass and in his mouth.,medium_disagreement,3,0.9182958340544896,0.33333333333333337,1.6666666666666667,2.0,0.5773502691896257,"[4312, 2289, 3659]","[2.0, 1.0, 2.0]"
49186,"I'm hardly triggered or beta, I'm trying to help Jesse. You are all lost boomers full of jew sperm",medium_disagreement,4,0.8112781244591328,0.25,1.75,2.0,0.5,"[5944, 3113, 1762, 6668]","[2.0, 2.0, 1.0, 2.0]"
41750,SIZE OF THE BIMBO SQUAD LMFAO... TOTAL IQ 42.,medium_disagreement,3,0.9182958340544896,0.33333333333333337,0.3333333333333333,0.0,0.5773502691896258,"[6050, 1391, 5895]","[1.0, 0.0, 0.0]"
15896,lol you've never fucked anything you retard,medium_disagreement,3,0.9182958340544896,0.33333333333333337,1.3333333333333333,2.0,1.1547005383792517,"[9907, 10987, 7918]","[2.0, 0.0, 2.0]"
42260,watch out for this terrorist rat 🐀 fucken Al Qaeda snitch 💯,medium_disagreement,4,0.8112781244591328,0.25,1.5,2.0,1.0,"[7671, 912, 8436, 7992]","[2.0, 0.0, 2.0, 2.0]"
3359,"POISON'S A WOMAN'S WEAPON, MEN KILL WITH STEEL",medium_disagreement,3,0.9182958340544896,0.33333333333333337,0.3333333333333333,0.0,0.5773502691896258,"[9740, 2557, 4208]","[1.0, 0.0, 0.0]"
10164,Ok retarded atheist,medium_disagreement,4,0.8112781244591328,0.25,1.5,2.0,1.0,"[1049, 1668, 2999, 2595]","[2.0, 2.0, 0.0, 2.0]"
1485,"Yeah mate, genociding the native americans and hundreds of years of slavery dont count. Cant expect much from balts tho.",medium_disagreement,3,0.9182958340544896,0.33333333333333337,0.3333333333333333,0.0,0.5773502691896258,"[1771, 2729, 8148]","[1.0, 0.0, 0.0]"
24724,Omg let's find this psychotic bitch,medium_disagreement,3,0.9182958340544896,0.33333333333333337,0.6666666666666666,0.0,1.1547005383792517,"[6701, 7397, 9759]","[2.0, 0.0, 0.0]"
28175,I Hate Hoes Who Cant Control Dey Face Off Da X Like Baby Just Go Home U Ugly Asf🤕,medium_disagreement,3,0.9182958340544896,0.33333333333333337,1.6666666666666667,2.0,0.5773502691896258,"[3278, 642, 6919]","[2.0, 2.0, 1.0]"
4691,If you were my daughter I would make you dress extremely slutty for me. That makes Daddy's cock really fucking hard.,medium_disagreement,3,0.9182958340544896,0.33333333333333337,0.6666666666666666,0.0,1.1547005383792517,"[10553, 2009, 7605]","[0.0, 0.0, 2.0]"
11753,Nuke the whole of the Middle East that'll help.,medium_disagreement,3,0.9182958340544896,0.33333333333333337,0.6666666666666666,0.0,1.1547005383792517,"[10048, 6934, 9059]","[0.0, 0.0, 2.0]"
39718,i will never refer to my girlfriend as my bitch. that shit ain't cute URL,medium_disagreement,3,0.9182958340544896,0.33333333333333337,0.6666666666666666,0.0,1.1547005383792517,"[8890, 2701, 296]","[0.0, 2.0, 0.0]"
21286,Fuck Him Like You Fuck'n Own Him and Get His Fuck'n Cunt Hurt'n Fuck'n Good and Fuck'n Beggin' for the Filthy Fuck'n Good Balls Deep Fuck'n Unload (Part 1) 👍 URL,medium_disagreement,3,0.9182958340544896,0.33333333333333337,1.3333333333333333,2.0,1.1547005383792517,"[87, 5321, 7223]","[0.0, 2.0, 2.0]"
4252,"The mark of Cain is a mark of protection, God marked Cain so that everyone would know that God was personally looking out for him and no one should bother him or try to punish him for killing his brother. I don't know how the fundies twisted that into something negative.",medium_disagreement,3,0.9182958340544896,0.33333333333333337,0.3333333333333333,0.0,0.5773502691896258,"[1364, 8078, 4902]","[0.0, 1.0, 0.0]"
8813,Nigga shut up lol I'm done here been done. I can't wait to fuck your mother in two.,medium_disagreement,3,0.9182958340544896,0.33333333333333337,1.3333333333333333,2.0,1.1547005383792517,"[1537, 2068, 9130]","[2.0, 0.0, 2.0]"
13970,"By bending over backwards and sucking your own dick while rolling out of their house, in a show of independence and how gay you are.",medium_disagreement,3,0.9182958340544896,0.33333333333333337,0.6666666666666666,0.0,1.1547005383792517,"[824, 513, 2587]","[0.0, 2.0, 0.0]"
49156,"The ""send her back"" chant was foul (though not illegal or even hateful and not particularly racist as it applies to anyone who plots and schemes to overthrow the nation regardless of melanin content). Trump left it as her choice. The crowd's speech ""required"" it -- and let's remember ""The Squad"" are the authoritarians here. People oppose her because she stands against Liberty and the core tenets of Western Society. It would have been wise for Trump to stop the chant and point this out so he would have had the image of holding the high[er] moral ground.",medium_disagreement,3,0.9182958340544896,0.33333333333333337,0.6666666666666666,0.0,1.1547005383792517,"[4484, 10775, 10811]","[0.0, 0.0, 2.0]"
48203,Hipacrites living within western civilizations. Talking about how evil the U.S. is ? Move to Iran! We need to rid ourselves of the trash anyway.,medium_disagreement,3,0.9182958340544896,0.33333333333333337,0.3333333333333333,0.0,0.5773502691896258,"[8210, 1566, 7062]","[0.0, 1.0, 0.0]"
3038,get a fuckign GREEN card or passport or visa...its not that fucking hard,medium_disagreement,3,0.9182958340544896,0.33333333333333337,0.6666666666666666,0.0,1.1547005383792517,"[1589, 8635, 3823]","[2.0, 0.0, 0.0]"
19019,"Sure but, being 100% white is pretty awesome in my opinion too",medium_disagreement,3,0.9182958340544896,0.33333333333333337,0.3333333333333333,0.0,0.5773502691896258,"[4458, 3637, 2119]","[1.0, 0.0, 0.0]"
38386,id throw a bible at chenpa but she'd probably shove it up her ass,medium_disagreement,3,0.9182958340544896,0.33333333333333337,0.3333333333333333,0.0,0.5773502691896258,"[2233, 4382, 957]","[0.0, 1.0, 0.0]"
18970,"IT'S JUST MEMES BRUH No, I mean having the names "" Gay People Should Die "" and "" Stay The Fuck Down N\*\*\*\* "" Nice to see Steam's reddit community living up to it's reputation though.",medium_disagreement,3,0.9182958340544896,0.33333333333333337,1.3333333333333333,2.0,1.1547005383792517,"[6245, 10286, 286]","[2.0, 0.0, 2.0]"
45676,She's a cute Asain chick,medium_disagreement,3,0.9182958340544896,0.33333333333333337,0.3333333333333333,0.0,0.5773502691896258,"[5965, 3083, 8687]","[0.0, 1.0, 0.0]"
38272,This bitch should just kill her self. hoe where tf is yo pride? Dignity? you lettin mfs fuck u wit a cucumber!!!,medium_disagreement,3,0.9182958340544896,0.33333333333333337,1.6666666666666667,2.0,0.5773502691896258,"[4959, 10409, 6457]","[2.0, 2.0, 1.0]"
31808,@Bob_of_Bonsall @Sketchtina No one should be perplexed by this word! If you say we are man kind women are confused! Cisgender is a real word! It's about being a person with self worth and skills! That unites the sexes into one culture! Transgender is more confusing to myself! Opinion?,medium_disagreement,4,0.8112781244591328,0.25,0.25,0.0,0.5,"[9142, 1531, 9868, 2681]","[0.0, 0.0, 1.0, 0.0]"
35358,"You're the fuck toy for the holiday party, slave. I told the men and women to use all of your tight fuck holes. Men will fuck your mouth, pussy, and ass, until they pump you full of cum. You'll suck and swallow. Then we'll watch you kneel to eat women's pussy until they cum. URL",medium_disagreement,4,0.8112781244591328,0.25,0.25,0.0,0.5,"[6061, 10098, 736, 9800]","[0.0, 0.0, 0.0, 1.0]"
9746,"Let's see...  Fake Christians, The Prideful, Hypocrites, Liars, Cowards, False Teachers, and Money Lovers.  Sounds like the guy with the sign is going, and isn't self-aware enough to figure it out.  Also, Catholics, Hindus, Muslims, Buddhists, (Satanists, Atheists, Jesus Mockers)... I guess by elimination and behavior he's one of the less polite flavors of Baptist?  And then there's ""Good People"" near the bottom of the left side. What?",medium_disagreement,3,0.9182958340544896,0.33333333333333337,0.3333333333333333,0.0,0.5773502691896258,"[10981, 3118, 2027]","[0.0, 0.0, 1.0]"
355,"Nor I you, you're putrid. You're another white knob thinking you're virtuous while you shame people from different cultures. You're in luck, Reddit loves that, builds up the 'ol ego - if there's one thing Reddit's taught me, it's the intolerance of the supposed tolerant. You're not new, you're commonplace. Dealt with racist shits like you since birth. I'm all gd.",medium_disagreement,3,0.9182958340544896,0.33333333333333337,1.3333333333333333,2.0,1.1547005383792517,"[2693, 6767, 981]","[2.0, 2.0, 0.0]"
49357,"""Earlier they all laughed, those jews. They thought it was a joke. But, now they don't laugh anymore."" - Adolf Hitler",medium_disagreement,3,0.9182958340544896,0.33333333333333337,0.6666666666666666,0.0,1.1547005383792517,"[7476, 10718, 8412]","[2.0, 0.0, 0.0]"
11255,Why isn't anyone trying to harvest the penises and balls from these men and give them to TiFs?,medium_disagreement,3,0.9182958340544896,0.33333333333333337,0.6666666666666666,0.0,1.1547005383792517,"[2099, 9108, 1677]","[0.0, 2.0, 0.0]"
49611,Man these fucks at CNN make us fucking sick... !!! We are in full support of throwing the garbage ( illegal aliens ) right out the fucking door.. !!!! CNN is absolutely right family's need to stay together.. so they need to get the fuck out and take your bastard welfare kids right with you.. !!! you ever notice everywhere these nasty fucks hang out or live it looks like a garbage dump or landfill site... ?? Just take a look at where they live in mexico.. !! These nasty fucks have turned that place into a trash dump site... !!!,medium_disagreement,4,0.8112781244591328,0.25,1.5,2.0,1.0,"[2561, 7948, 5367, 426]","[2.0, 2.0, 0.0, 2.0]"
16114,"How dare they beef up security, don't they know it's the birth right of peaceful to kill Hindu pilgrims",medium_disagreement,3,0.9182958340544896,0.33333333333333337,0.6666666666666666,0.0,1.1547005383792517,"[1386, 995, 687]","[0.0, 2.0, 0.0]"
23842,As my gpaw always said. I ain't racist. Sexist. Or homophobic. You're all assholes.  Especially you bitch.,medium_disagreement,3,0.9182958340544896,0.33333333333333337,1.3333333333333333,2.0,1.1547005383792517,"[7179, 8015, 4328]","[2.0, 2.0, 0.0]"
15739,I want to fuck virgin pussy that turns into slut pussy when my cock hits it. By fucking other dudes you take that away from me. Disrespectful,medium_disagreement,4,0.8112781244591328,0.25,0.5,0.0,1.0,"[6926, 6948, 9627, 903]","[0.0, 2.0, 0.0, 0.0]"
33370,@GerardChenMavs @jasontey73 Just like the Chinese did with the japs ...huh.... Your a moron  Ur swimmers are drug cheats...fact,medium_disagreement,3,0.9182958340544896,0.33333333333333337,0.6666666666666666,0.0,1.1547005383792517,"[8994, 10790, 356]","[2.0, 0.0, 0.0]"
47231,"Better to meet with civilized nationalist businessmen than to meet about dysfunctional violent muslims that will continue to be dysfunctional until the world comes together on a physical solution to deal with them. Meeting with japan on the topics of safety, sovereignty, free trade, sanity and world free of extremist islamic violence and shariah law spreading to other countries in attempt to take over over time (its a legitimate plan in the quran to infiltrate and invade via ""peaceful"" migration i forget the name of it starts with a ""T"" i believe) seems to be a more constructive conversation",medium_disagreement,3,0.9182958340544896,0.33333333333333337,0.6666666666666666,0.0,1.1547005383792517,"[3771, 3621, 306]","[2.0, 0.0, 0.0]"
26667,I'll Beat The Fuck Outta All My Homeboys Baby Mama's,medium_disagreement,3,0.9182958340544896,0.33333333333333337,1.3333333333333333,2.0,1.1547005383792517,"[5774, 7851, 1260]","[0.0, 2.0, 2.0]"
16203,That's disgusting. She's HINDU and supports economic policies that will lead to the extinction of many species including humans. Terrible woman.,medium_disagreement,3,0.9182958340544896,0.33333333333333337,0.6666666666666666,0.0,1.1547005383792517,"[6289, 887, 1378]","[0.0, 0.0, 2.0]"
48452,"and make this place even whiter? NO thanks. we're on the brink of turning into a fully diverse nation. we have until 2045. keep making babies mexicans, blacks and asians. Lets make this country less white.",medium_disagreement,3,0.9182958340544896,0.33333333333333337,0.6666666666666666,0.0,1.1547005383792517,"[8720, 8410, 2831]","[0.0, 2.0, 0.0]"
1419,"I'm a man and I've dealt with other dudes man spreading my whole life bits fucking weird that someone needs their legs wide as fuck. Baseball games and sitting in packed meetings are the worst when you've got a guy spreading his legs far enough for two seats. If multiple people are complaining about it, both men and women, it's probably an issue.",medium_disagreement,3,0.9182958340544896,0.33333333333333337,0.3333333333333333,0.0,0.5773502691896258,"[8139, 5804, 10964]","[0.0, 1.0, 0.0]"
43311,What a fagget,medium_disagreement,3,0.9182958340544896,0.33333333333333337,1.3333333333333333,2.0,1.1547005383792517,"[5439, 633, 10968]","[2.0, 2.0, 0.0]"
48950,Shut the f up pussy ass bitch warframmaster,medium_disagreement,3,0.9182958340544896,0.33333333333333337,0.6666666666666666,0.0,1.1547005383792517,"[1982, 9602, 7492]","[0.0, 2.0, 0.0]"
21089,women these days sure do know how to suck the damn dick,medium_disagreement,3,0.9182958340544896,0.33333333333333337,0.3333333333333333,0.0,0.5773502691896258,"[1989, 5983, 8243]","[0.0, 0.0, 1.0]"
47987,Man that pisses me off that they made a man in Black with women,medium_disagreement,4,0.8112781244591328,0.25,0.5,0.0,1.0,"[519, 4552, 6851, 8167]","[0.0, 2.0, 0.0, 0.0]"
33750,"Hi Evangelical Christians, Stop going on 'missions' to bring Christianity to children in other countries. Instead, go to the US southern border and practice actual Christianity by helping the children suffering there. Thanks, God",medium_disagreement,4,0.8112781244591328,0.25,0.5,0.0,1.0,"[4586, 765, 3574, 7893]","[0.0, 0.0, 2.0, 0.0]"
4692,Exactly! Women aren't fucking incubators.,medium_disagreement,4,0.8112781244591328,0.25,0.25,0.0,0.5,"[4511, 104, 9672, 8833]","[0.0, 0.0, 1.0, 0.0]"
41659,Bunch of fucking anchor babies,medium_disagreement,3,0.9182958340544896,0.33333333333333337,1.6666666666666667,2.0,0.5773502691896257,"[3617, 189, 2111]","[1.0, 2.0, 2.0]"
13646,As a guy i realy don't get we anyone would do that. Do you want kids with a woman you bearly know? Do you want STDs ? Besides the fact that is an absolute asshole behavior it is beyond stupid.,medium_disagreement,3,0.9182958340544896,0.33333333333333337,1.3333333333333333,2.0,1.1547005383792517,"[6530, 8457, 5442]","[2.0, 2.0, 0.0]"
26821,"Got her tits out in a park full of kids, Imagine a man did this, get her locked up and on the register URL",medium_disagreement,3,0.9182958340544896,0.33333333333333337,1.3333333333333333,2.0,1.1547005383792517,"[4207, 9812, 2667]","[2.0, 2.0, 0.0]"
21272,"Genocide continues. None will be spared. Everyone will be butchered. This is real Hindu India, new India. Hail Adolf Modi!  URL",medium_disagreement,3,0.9182958340544896,0.33333333333333337,1.6666666666666667,2.0,0.5773502691896257,"[3578, 9357, 3273]","[1.0, 2.0, 2.0]"
9261,"No, i mean that gay men are having anal sex, therefore they are fucking assholes",medium_disagreement,3,0.9182958340544896,0.33333333333333337,0.3333333333333333,0.0,0.5773502691896258,"[5939, 10839, 3374]","[0.0, 1.0, 0.0]"
48528,No one needs approval or permission from a pussy country like America they are a joke and an embarrassment who no one takes America trumps a pussy lol,medium_disagreement,4,0.8112781244591328,0.25,0.5,0.0,1.0,"[1840, 7882, 7634, 8127]","[0.0, 0.0, 2.0, 0.0]"
25538,@BasedPoland This absolute SCUM should be rounded up and deported immediately. No more help. No more handouts. GTFO of our homelands & get back to Caveman World. Thanks very much 😉,medium_disagreement,4,0.8112781244591328,0.25,0.5,0.0,1.0,"[306, 8088, 4012, 889]","[0.0, 2.0, 0.0, 0.0]"
33307,Here's your genocide #UnitedNations and @JustinTrudeau ... Muslims slaughtering Christians around the world. Another five murdered. #IslamIsCancer URL,medium_disagreement,4,0.8112781244591328,0.25,0.25,0.0,0.5,"[7279, 2901, 5449, 6207]","[0.0, 1.0, 0.0, 0.0]"
9362,homosexual acts are a sin,medium_disagreement,4,0.8112781244591328,0.25,0.5,0.0,1.0,"[4306, 5960, 10106, 6946]","[0.0, 0.0, 2.0, 0.0]"
20069,Trans rights are human rights,medium_disagreement,780,0.01416551301878979,0.0012820512820512775,0.002564102564102564,0.0,0.07161148740394331,"[1834, 4546, 2278, 2689, 3540, 9715, 8696, 3123, 4339, 9140, 10147, 1979, 4686, 6036, 8024, 106, 10379, 6289, 1379, 3281, 2194, 5269, 9866, 5657, 6398, 7743, 10800, 7760, 1504, 5558, 7359, 3267, 8075, 10936, 4944, 1652, 10444, 9491, 7741, 9277, 2117, 9673, 11105, 1128, 5924, 8788, 1202, 8610, 6790, 636, 7632, 6664, 1677, 7492, 7679, 9019, 2951, 8382, 9218, 2729, 8248, 2626, 9398, 6012, 10402, 9921, 2805, 6820, 729, 1588, 3517, 1385, 110, 10549, 616, 8820, 3333, 6674, 5066, 9279, 11132, 2414, 10108, 9688, 7223, 1665, 6126, 10151, 10184, 8517, 9163, 1946, 218, 3475, 4723, 1234, 9104, 7747, 1783, 4109, 2686, 2332, 9154, 7791, 2168, 2529, 5687, 9704, 2338, 529, 10428, 2825, 8922, 2671, 2525, 6469, 9882, 10273, 3720, 1180, 9514, 9266, 2320, 4154, 4678, 9184, 10841, 462, 2999, 9370, 7889, 6952, 4063, 1265, 6414, 5341, 5995, 656, 4593, 6893, 5575, 6029, 2279, 9161, 2285, 6042, 10928, 1027, 1238, 3345, 6784, 5928, 938, 7719, 262, 1359, 8341, 5424, 2420, 2019, 5474, 2832, 5747, 991, 3528, 5086, 2847, 3328, 9452, 1948, 6434, 2905, 6436, 7084, 6881, 9542, 6796, 2865, 3162, 8355, 6497, 10895, 1203, 3592, 2767, 3196, 807, 1525, 2693, 2481, 10138, 10356, 910, 7712, 3620, 10962, 3580, 901, 6495, 6885, 5689, 2694, 6440, 4159, 2094, 1801, 10867, 6433, 2834, 3675, 6640, 1328, 11060, 7483, 6676, 6101, 7646, 1962, 7908, 2728, 10492, 7954, 1751, 1899, 7676, 2539, 8420, 771, 8429, 8180, 6735, 2506, 2040, 2395, 8625, 4955, 2722, 5416, 4177, 6394, 4962, 9061, 377, 6549, 6098, 3119, 922, 6091, 10351, 2520, 10411, 10257, 5262, 8832, 1182, 4052, 7090, 10574, 10357, 5888, 1161, 3343, 9219, 8164, 11110, 884, 8015, 1017, 5815, 4641, 5595, 2745, 4519, 10053, 9540, 2348, 9205, 7193, 4597, 4373, 7856, 8400, 7201, 3351, 5366, 1495, 5138, 6390, 796, 7332, 7227, 4369, 1191, 5152, 9609, 1771, 4957, 7015, 1586, 7952, 6660, 1542, 9384, 4837, 6861, 6145, 5016, 8581, 1048, 8797, 10961, 6533, 1765, 2859, 3114, 7231, 7663, 5471, 9819, 2811, 3724, 10139, 9115, 3053, 5438, 2157, 4046, 7320, 8324, 7852, 5145, 7901, 8912, 7460, 3189, 6821, 382, 8622, 6855, 3961, 10862, 5585, 9402, 419, 10804, 3939, 3703, 1867, 2234, 1047, 687, 1984, 7043, 108, 4207, 1716, 8905, 10675, 6480, 4374, 119, 10204, 8477, 5804, 10072, 8975, 10690, 2490, 6328, 592, 8687, 3301, 105, 6402, 1700, 280, 666, 8373, 10801, 571, 408, 2509, 9113, 5481, 4325, 6170, 6422, 7045, 9938, 3113, 6489, 9244, 6320, 6319, 2867, 10997, 715, 520, 5181, 1293, 10106, 8754, 1573, 9288, 2988, 1505, 8493, 9589, 7376, 4804, 1028, 8285, 9986, 7934, 6531, 8939, 3291, 7121, 5963, 10416, 4411, 6057, 3000, 5954, 6827, 8091, 2350, 752, 11010, 5325, 10123, 9651, 4764, 1674, 9763, 7257, 206, 6973, 2454, 674, 3370, 7440, 2589, 3864, 4959, 3506, 9689, 10100, 4401, 3130, 10576, 10943, 2232, 8404, 1140, 559, 7487, 5586, 5089, 4314, 3657, 8271, 9009, 4704, 5720, 4892, 10479, 1659, 8147, 4317, 3525, 2245, 2357, 3902, 10599, 2238, 2304, 10339, 9861, 1710, 5454, 5520, 6807, 9975, 2256, 1167, 2378, 8371, 8613, 7800, 1337, 1380, 1364, 5610, 9291, 3451, 7062, 2518, 9028, 8999, 9907, 11111, 3718, 5846, 3488, 9821, 10049, 9853, 1297, 9151, 10105, 7931, 10834, 8316, 4495, 3527, 7881, 9503, 8350, 4327, 9348, 8878, 7965, 8295, 3690, 5189, 5783, 4040, 5738, 8289, 10681, 1436, 8808, 5840, 2118, 2494, 6672, 4670, 1486, 9626, 4973, 3371, 1598, 10764, 3430, 2538, 1259, 11077, 6766, 6309, 241, 5711, 11064, 2483, 4980, 4614, 9117, 5486, 7384, 10535, 1250, 7517, 3175, 6147, 10186, 7030, 9837, 6638, 10321, 2679, 8741, 9380, 6112, 7783, 3837, 916, 931, 2200, 6437, 5253, 9528, 7143, 10979, 998, 2461, 5400, 3202, 11054, 5710, 4802, 9323, 1035, 4617, 5130, 7865, 9416, 3797, 9863, 8438, 6903, 6924, 5046, 7220, 9822, 5729, 7575, 2328, 9735, 5957, 3472, 2421, 1739, 10901, 10192, 10225, 7731, 6238, 2210, 518, 4571, 1253, 7860, 4271, 192, 9945, 10349, 9419, 10658, 8340, 7960, 2291, 623, 4483, 5309, 6850, 10161, 536, 229, 4596, 4218, 2894, 3778, 3278, 4293, 8194, 10752, 10987, 8160, 7131, 6814, 945, 10078, 920, 4934, 6772, 10698, 7770, 4465, 3874, 10606, 394, 7753, 10522, 9925, 1562, 5674, 2126, 8088, 4879, 2455, 1510, 8349, 5823, 8631, 3928, 7455, 5825, 7353, 1349, 8943, 9570, 1004, 3686, 3586, 9465, 7802, 6981, 7976, 2137, 3872, 9543, 1292, 9800, 6375, 3990, 10505, 3696, 10042, 10965, 4415, 5380, 10301, 4676, 10237, 7054, 10874, 1212, 1678, 1058, 1285, 3466, 1444, 7333, 6492, 1784, 8778, 4646, 9869, 2147, 8543, 8156, 8686, 4886, 70, 7639, 3561, 8112, 9888, 7894, 3455, 6227, 5192, 4866, 1256, 2397, 3639, 3786, 9933, 1155, 1092, 7110, 8659, 8464, 8282, 5379, 9757, 3642, 3532, 6856, 6097, 10718, 3319, 7468, 1817, 10653, 3848, 9497, 10436, 2706, 10075, 9571, 3714, 6487, 7289, 5766, 3243, 444, 6271, 3170, 5972, 10750, 5010, 2837, 10390, 3572, 7524, 6819, 1404, 3849, 10343]","[0.0, 0.0, 0.0, 0.0, 0.0, 0.0, 0.0, 0.0, 0.0, 0.0, 0.0, 0.0, 0.0, 0.0, 0.0, 0.0, 0.0, 0.0, 0.0, 0.0, 0.0, 0.0, 0.0, 0.0, 0.0, 0.0, 0.0, 0.0, 0.0, 0.0, 0.0, 0.0, 0.0, 0.0, 0.0, 0.0, 0.0, 0.0, 0.0, 0.0, 0.0, 0.0, 0.0, 0.0, 0.0, 0.0, 0.0, 0.0, 0.0, 0.0, 0.0, 0.0, 0.0, 0.0, 0.0, 0.0, 0.0, 0.0, 0.0, 0.0, 0.0, 0.0, 0.0, 0.0, 0.0, 0.0, 0.0, 0.0, 0.0, 0.0, 0.0, 0.0, 0.0, 0.0, 0.0, 0.0, 0.0, 0.0, 0.0, 0.0, 0.0, 0.0, 0.0, 0.0, 2.0, 0.0, 0.0, 0.0, 0.0, 0.0, 0.0, 0.0, 0.0, 0.0, 0.0, 0.0, 0.0, 0.0, 0.0, 0.0, 0.0, 0.0, 0.0, 0.0, 0.0, 0.0, 0.0, 0.0, 0.0, 0.0, 0.0, 0.0, 0.0, 0.0, 0.0, 0.0, 0.0, 0.0, 0.0, 0.0, 0.0, 0.0, 0.0, 0.0, 0.0, 0.0, 0.0, 0.0, 0.0, 0.0, 0.0, 0.0, 0.0, 0.0, 0.0, 0.0, 0.0, 0.0, 0.0, 0.0, 0.0, 0.0, 0.0, 0.0, 0.0, 0.0, 0.0, 0.0, 0.0, 0.0, 0.0, 0.0, 0.0, 0.0, 0.0, 0.0, 0.0, 0.0, 0.0, 0.0, 0.0, 0.0, 0.0, 0.0, 0.0, 0.0, 0.0, 0.0, 0.0, 0.0, 0.0, 0.0, 0.0, 0.0, 0.0, 0.0, 0.0, 0.0, 0.0, 0.0, 0.0, 0.0, 0.0, 0.0, 0.0, 0.0, 0.0, 0.0, 0.0, 0.0, 0.0, 0.0, 0.0, 0.0, 0.0, 0.0, 0.0, 0.0, 0.0, 0.0, 0.0, 0.0, 0.0, 0.0, 0.0, 0.0, 0.0, 0.0, 0.0, 0.0, 0.0, 0.0, 0.0, 0.0, 0.0, 0.0, 0.0, 0.0, 0.0, 0.0, 0.0, 0.0, 0.0, 0.0, 0.0, 0.0, 0.0, 0.0, 0.0, 0.0, 0.0, 0.0, 0.0, 0.0, 0.0, 0.0, 0.0, 0.0, 0.0, 0.0, 0.0, 0.0, 0.0, 0.0, 0.0, 0.0, 0.0, 0.0, 0.0, 0.0, 0.0, 0.0, 0.0, 0.0, 0.0, 0.0, 0.0, 0.0, 0.0, 0.0, 0.0, 0.0, 0.0, 0.0, 0.0, 0.0, 0.0, 0.0, 0.0, 0.0, 0.0, 0.0, 0.0, 0.0, 0.0, 0.0, 0.0, 0.0, 0.0, 0.0, 0.0, 0.0, 0.0, 0.0, 0.0, 0.0, 0.0, 0.0, 0.0, 0.0, 0.0, 0.0, 0.0, 0.0, 0.0, 0.0, 0.0, 0.0, 0.0, 0.0, 0.0, 0.0, 0.0, 0.0, 0.0, 0.0, 0.0, 0.0, 0.0, 0.0, 0.0, 0.0, 0.0, 0.0, 0.0, 0.0, 0.0, 0.0, 0.0, 0.0, 0.0, 0.0, 0.0, 0.0, 0.0, 0.0, 0.0, 0.0, 0.0, 0.0, 0.0, 0.0, 0.0, 0.0, 0.0, 0.0, 0.0, 0.0, 0.0, 0.0, 0.0, 0.0, 0.0, 0.0, 0.0, 0.0, 0.0, 0.0, 0.0, 0.0, 0.0, 0.0, 0.0, 0.0, 0.0, 0.0, 0.0, 0.0, 0.0, 0.0, 0.0, 0.0, 0.0, 0.0, 0.0, 0.0, 0.0, 0.0, 0.0, 0.0, 0.0, 0.0, 0.0, 0.0, 0.0, 0.0, 0.0, 0.0, 0.0, 0.0, 0.0, 0.0, 0.0, 0.0, 0.0, 0.0, 0.0, 0.0, 0.0, 0.0, 0.0, 0.0, 0.0, 0.0, 0.0, 0.0, 0.0, 0.0, 0.0, 0.0, 0.0, 0.0, 0.0, 0.0, 0.0, 0.0, 0.0, 0.0, 0.0, 0.0, 0.0, 0.0, 0.0, 0.0, 0.0, 0.0, 0.0, 0.0, 0.0, 0.0, 0.0, 0.0, 0.0, 0.0, 0.0, 0.0, 0.0, 0.0, 0.0, 0.0, 0.0, 0.0, 0.0, 0.0, 0.0, 0.0, 0.0, 0.0, 0.0, 0.0, 0.0, 0.0, 0.0, 0.0, 0.0, 0.0, 0.0, 0.0, 0.0, 0.0, 0.0, 0.0, 0.0, 0.0, 0.0, 0.0, 0.0, 0.0, 0.0, 0.0, 0.0, 0.0, 0.0, 0.0, 0.0, 0.0, 0.0, 0.0, 0.0, 0.0, 0.0, 0.0, 0.0, 0.0, 0.0, 0.0, 0.0, 0.0, 0.0, 0.0, 0.0, 0.0, 0.0, 0.0, 0.0, 0.0, 0.0, 0.0, 0.0, 0.0, 0.0, 0.0, 0.0, 0.0, 0.0, 0.0, 0.0, 0.0, 0.0, 0.0, 0.0, 0.0, 0.0, 0.0, 0.0, 0.0, 0.0, 0.0, 0.0, 0.0, 0.0, 0.0, 0.0, 0.0, 0.0, 0.0, 0.0, 0.0, 0.0, 0.0, 0.0, 0.0, 0.0, 0.0, 0.0, 0.0, 0.0, 0.0, 0.0, 0.0, 0.0, 0.0, 0.0, 0.0, 0.0, 0.0, 0.0, 0.0, 0.0, 0.0, 0.0, 0.0, 0.0, 0.0, 0.0, 0.0, 0.0, 0.0, 0.0, 0.0, 0.0, 0.0, 0.0, 0.0, 0.0, 0.0, 0.0, 0.0, 0.0, 0.0, 0.0, 0.0, 0.0, 0.0, 0.0, 0.0, 0.0, 0.0, 0.0, 0.0, 0.0, 0.0, 0.0, 0.0, 0.0, 0.0, 0.0, 0.0, 0.0, 0.0, 0.0, 0.0, 0.0, 0.0, 0.0, 0.0, 0.0, 0.0, 0.0, 0.0, 0.0, 0.0, 0.0, 0.0, 0.0, 0.0, 0.0, 0.0, 0.0, 0.0, 0.0, 0.0, 0.0, 0.0, 0.0, 0.0, 0.0, 0.0, 0.0, 0.0, 0.0, 0.0, 0.0, 0.0, 0.0, 0.0, 0.0, 0.0, 0.0, 0.0, 0.0, 0.0, 0.0, 0.0, 0.0, 0.0, 0.0, 0.0, 0.0, 0.0, 0.0, 0.0, 0.0, 0.0, 0.0, 0.0, 0.0, 0.0, 0.0, 0.0, 0.0, 0.0, 0.0, 0.0, 0.0, 0.0, 0.0, 0.0, 0.0, 0.0, 0.0, 0.0, 0.0, 0.0, 0.0, 0.0, 0.0, 0.0, 0.0, 0.0, 0.0, 0.0, 0.0, 0.0, 0.0, 0.0, 0.0, 0.0, 0.0, 0.0, 0.0, 0.0, 0.0, 0.0, 0.0, 0.0, 0.0, 0.0, 0.0, 0.0, 0.0, 0.0, 0.0, 0.0, 0.0, 0.0, 0.0, 0.0, 0.0, 0.0, 0.0, 0.0, 0.0, 0.0, 0.0, 0.0, 0.0, 0.0, 0.0, 0.0, 0.0, 0.0, 0.0, 0.0, 0.0, 0.0, 0.0, 0.0, 0.0, 0.0, 0.0, 0.0, 0.0, 0.0, 0.0, 0.0, 0.0, 0.0, 0.0, 0.0, 0.0, 0.0, 0.0, 0.0, 0.0, 0.0, 0.0, 0.0, 0.0, 0.0, 0.0, 0.0, 0.0, 0.0, 0.0, 0.0, 0.0, 0.0, 0.0, 0.0, 0.0, 0.0, 0.0, 0.0, 0.0, 0.0, 0.0, 0.0, 0.0, 0.0, 0.0, 0.0, 0.0, 0.0, 0.0, 0.0, 0.0, 0.0, 0.0, 0.0, 0.0, 0.0, 0.0, 0.0, 0.0, 0.0, 0.0, 0.0, 0.0, 0.0, 0.0, 0.0, 0.0, 0.0, 0.0, 0.0, 0.0, 0.0, 0.0, 0.0]"
2343,and fuck gay people,medium_disagreement,3,0.9182958340544896,0.33333333333333337,0.6666666666666666,0.0,1.1547005383792517,"[8870, 10739, 10331]","[0.0, 2.0, 0.0]"
11318,"In my experience, I hate it when guys can be all crude and snarky and get away with it because it's ""just a joke"" or ""just for fun"" or whatever, but when girls do it (again, it's from personal experience only), it's rude, shitty, and somehow the most offensive thing to do. :/",medium_disagreement,4,0.8112781244591328,0.25,0.5,0.0,1.0,"[1343, 2630, 7823, 2621]","[0.0, 0.0, 2.0, 0.0]"
46222,"@Burlie Towner..Why because Trump LOVES the United States unlike you and the 4 Skanks, right ??",medium_disagreement,3,0.9182958340544896,0.33333333333333337,1.6666666666666667,2.0,0.5773502691896257,"[9640, 7537, 2255]","[2.0, 1.0, 2.0]"
762,">1) Don't get pregnant if you can't/won't support the child.  Rape happens. In Alabama, the penalty for aborting a rapist's parasitic offspring is greater than that for committing rape. >2) Go to another state to get the abortion. This is also criminalized under the Alabama law. You also forget that Alabama is one of our poorest states. Many victims lack the monetary resources to travel out-of-state at will to get an unwanted organism out of their bodies.",medium_disagreement,3,0.9182958340544896,0.33333333333333337,0.6666666666666666,0.0,1.1547005383792517,"[4293, 1489, 5663]","[2.0, 0.0, 0.0]"
37902,Bruh fr fr ugly bitches ain't got the right to tweet the way they do smh,medium_disagreement,3,0.9182958340544896,0.33333333333333337,1.3333333333333333,2.0,1.1547005383792517,"[4459, 8954, 5105]","[2.0, 2.0, 0.0]"
10014,She would look great filled with white cocks.,medium_disagreement,3,0.9182958340544896,0.33333333333333337,0.6666666666666666,1.0,0.5773502691896258,"[5702, 7096, 3114]","[1.0, 0.0, 1.0]"
39431,"So, connect the dots: the president, in the imediate wake of a white nationalist mass shooting, is moving to protect white nationalist voices on the internet. URL",medium_disagreement,3,0.9182958340544896,0.33333333333333337,0.6666666666666666,0.0,1.1547005383792517,"[3686, 8000, 6803]","[0.0, 2.0, 0.0]"
20301,We CANNOT GO AROUND GIVING SPECIAL RIGHTS TO THOSE THAT BELIEVE THEY ARE ENTITLED TO THEM AT THE EXPENSE OF OTHERS. I DEMAND MY RIGHTS BE PROTECTED and  I am a White Straight Christian Woman who believes that I have as much rights as I have always know to have URL,medium_disagreement,3,0.9182958340544896,0.33333333333333337,0.3333333333333333,0.0,0.5773502691896258,"[343, 4130, 9205]","[0.0, 1.0, 0.0]"
27436,@hazthesaz Then... for men sex in the mosque? 🙄 Or sex in general but with whom if women are excluded? 🤣,medium_disagreement,3,0.9182958340544896,0.33333333333333337,0.6666666666666666,0.0,1.1547005383792517,"[209, 8577, 187]","[0.0, 2.0, 0.0]"
21592,@yousefalhadda17 The israel soldier are whore son's big pig heads fuck all israel.long life the philistines brothers. URL,medium_disagreement,5,0.7219280948873623,0.19999999999999996,1.6,2.0,0.8944271909999159,"[3146, 10042, 10874, 862, 10212]","[2.0, 0.0, 2.0, 2.0, 2.0]"
41501,"America is a land of Evil, sodomy and pedophilia.",medium_disagreement,3,0.9182958340544896,0.33333333333333337,0.3333333333333333,0.0,0.5773502691896258,"[10895, 5226, 3246]","[1.0, 0.0, 0.0]"
28637,Reverse the roles and that nigga woulda been in jail. URL,medium_disagreement,3,0.9182958340544896,0.33333333333333337,1.6666666666666667,2.0,0.5773502691896257,"[3821, 8125, 4359]","[1.0, 2.0, 2.0]"
33805,Every time you walk out the it's a lame nigga under your belt,medium_disagreement,3,0.9182958340544896,0.33333333333333337,1.3333333333333333,2.0,1.1547005383792517,"[2098, 10352, 3075]","[2.0, 2.0, 0.0]"
25122,"@PUREPR0MISE @vivasuna25 what kinda dumb fucking hole did u crawl out from japan was literally asian nazi germany they did genocide, mass rape, torture, human experimentation, all the works r u honestly saying you'd be happy if a world-famous French singer was serenaded with German when French exists",medium_disagreement,3,0.9182958340544896,0.33333333333333337,1.3333333333333333,2.0,1.1547005383792517,"[3663, 4369, 9840]","[2.0, 0.0, 2.0]"
15294,"YTA. Seriously? Using a slur is never a joke. ""Edgy sense of humor"" my ass. There's nothing fucking edgy about using that word. That's some edge-lord bullshit. It wouldn't matter if you made this 'joke' and all your friends were straight. It's never OK to use words that demean a minority group. Full stop.",medium_disagreement,3,0.9182958340544896,0.33333333333333337,0.6666666666666666,0.0,1.1547005383792517,"[7945, 3431, 9620]","[2.0, 0.0, 0.0]"
7649,"I wanna push her to her knees and slam my hard throbbing dick in her and gag her until I unload deep down her throat! Take it, slut! Take my fucking cum!",medium_disagreement,3,0.9182958340544896,0.33333333333333337,0.6666666666666666,0.0,1.1547005383792517,"[11102, 3798, 300]","[0.0, 0.0, 2.0]"
11911,No one likes a loose pussy. Keep them locked up!,medium_disagreement,3,0.9182958340544896,0.33333333333333337,1.3333333333333333,2.0,1.1547005383792517,"[4903, 10545, 5090]","[2.0, 2.0, 0.0]"
42554,Somebody tell this cunt to shut her cock hole.,medium_disagreement,3,0.9182958340544896,0.33333333333333337,1.3333333333333333,2.0,1.1547005383792517,"[9847, 1954, 2019]","[2.0, 0.0, 2.0]"
5064,"ESH. Call me sexist, but fuck you, you don't threaten a woman with violence, ever.",medium_disagreement,3,0.9182958340544896,0.33333333333333337,0.3333333333333333,0.0,0.5773502691896258,"[9484, 5015, 5126]","[0.0, 0.0, 1.0]"
9855,"Heard an analogy from a friend. ""You can cut down trees your entire life but not be a lumberjack. But you suck one dick and you're gay""",medium_disagreement,3,0.9182958340544896,0.33333333333333337,0.3333333333333333,0.0,0.5773502691896258,"[443, 545, 7301]","[1.0, 0.0, 0.0]"
22571,Faggot beg to show his hole URL,medium_disagreement,4,0.8112781244591328,0.25,1.5,2.0,1.0,"[4584, 6904, 6147, 10066]","[2.0, 2.0, 2.0, 0.0]"
42697,Just when you thaught shit couldnt get any gayer beiver bieber shows up to prove everyone wrong,medium_disagreement,3,0.9182958340544896,0.33333333333333337,1.6666666666666667,2.0,0.5773502691896257,"[522, 2384, 7864]","[1.0, 2.0, 2.0]"
4135,Death to catholicism. Should be legal to shoot them.,medium_disagreement,4,0.8112781244591328,0.25,1.5,2.0,1.0,"[8352, 1339, 9258, 1218]","[2.0, 2.0, 0.0, 2.0]"
48740,WE WILL DEPORT YOU ALL AND ARREST THE REST THERE IS NO ESCAPE.......THIS IS AMERICAS PURGE!,medium_disagreement,3,0.9182958340544896,0.33333333333333337,0.6666666666666666,0.0,1.1547005383792517,"[4552, 6851, 8167]","[2.0, 0.0, 0.0]"
8989,"ah, ahem, policing what women call themself. that's a yikes",medium_disagreement,4,0.8112781244591328,0.25,0.25,0.0,0.5,"[8069, 2082, 5610, 10630]","[0.0, 1.0, 0.0, 0.0]"
9780,Yeah because creating a bunch of refugee extremists who hate America never got anyone killed before....,medium_disagreement,3,0.9182958340544896,0.33333333333333337,1.3333333333333333,1.0,0.5773502691896257,"[1655, 4405, 10943]","[1.0, 2.0, 1.0]"
12426,The Marxist Kurds are bad orange man?,medium_disagreement,3,0.9182958340544896,0.33333333333333337,0.3333333333333333,0.0,0.5773502691896258,"[2805, 1327, 6770]","[0.0, 1.0, 0.0]"
24423,no cops at pride just fatgum and his two gay sons #bnha URL,medium_disagreement,4,0.8112781244591328,0.25,0.5,0.0,1.0,"[6912, 9986, 1039, 10832]","[0.0, 0.0, 0.0, 2.0]"
13607,"Good whore, I'm going to make you my cumdumpster slave.",medium_disagreement,3,0.9182958340544896,0.33333333333333337,1.3333333333333333,2.0,1.1547005383792517,"[7139, 2913, 5731]","[0.0, 2.0, 2.0]"
8937,Yes I know the atheist article will still blame christians. Its wrong and makes Atheism look like ignorant bigots.,medium_disagreement,3,0.9182958340544896,0.33333333333333337,1.3333333333333333,2.0,1.1547005383792517,"[1588, 5578, 9989]","[2.0, 2.0, 0.0]"
9022,Send her back! Fix your shithole country.,medium_disagreement,3,0.9182958340544896,0.33333333333333337,0.3333333333333333,0.0,0.5773502691896258,"[4522, 6010, 610]","[0.0, 0.0, 1.0]"
45120,"NOT THE SQUAD! ISLAMIC FASCIST JIHADIS, U.S. ENEMY COMBATANTS. IMMORAL, BIGOTS, HATERS, ANTI AMERICAN, LINKED TO HAMAS, HEZBOLLAH, CAIR, MUSLIM BROTHERHOOD, ISIS, SYRIAN REBELS, ANTIFA, CAUSE OF HORRIFIC SUFFERING WORLDWIDE. WTF ARE THEY DOING ON U.S. SOIL IN OUR GOV'T? ASSASSINATE.",medium_disagreement,4,0.8112781244591328,0.25,1.75,2.0,0.5,"[11093, 11124, 5334, 84]","[2.0, 2.0, 1.0, 2.0]"
22839,@smkndofpnutdssr @ACLU 70 years ago everyone was brainwashed into being christian and also had coathanger abortions because it was the Great Depression and then thousands on women died because they had unsafe abortions 😍,medium_disagreement,4,0.8112781244591328,0.25,0.25,0.0,0.5,"[542, 2794, 4431, 7035]","[0.0, 0.0, 0.0, 1.0]"
9291,"Redditians are a bunch of morons when it comes to choosing between women vs. Islam. It causes a rupture in many of their moral codes. ""What if the things I support actually cause the destruction of everything I support""",medium_disagreement,3,0.9182958340544896,0.33333333333333337,0.3333333333333333,0.0,0.5773502691896258,"[8085, 8323, 1736]","[0.0, 1.0, 0.0]"
48002,"Welcome to 2019, folks.. Definitely not looking forward to the next coming years. This dude is like Buffalo Bill...but gayer. Much gayer.",medium_disagreement,5,0.7219280948873623,0.19999999999999996,0.4,0.0,0.894427190999916,"[297, 6492, 6873, 4380, 1320]","[0.0, 2.0, 0.0, 0.0, 0.0]"
20197,I dont like niggas that be in everybody dms,medium_disagreement,3,0.9182958340544896,0.33333333333333337,1.6666666666666667,2.0,0.5773502691896257,"[3586, 8014, 5875]","[2.0, 1.0, 2.0]"
45614,The Americans need to leave the countries they invade .. and occupy .. for their own evil greed !,medium_disagreement,4,0.8112781244591328,0.25,0.25,0.0,0.5,"[3269, 6761, 5064, 7013]","[0.0, 0.0, 1.0, 0.0]"
29472,@VICwith2Soles the Jews lmao. You stupid.,medium_disagreement,4,0.8112781244591328,0.25,0.25,0.0,0.5,"[2676, 4500, 4942, 4961]","[0.0, 1.0, 0.0, 0.0]"
39763,never understood why you hoes can't never mind they own business 🥴,medium_disagreement,4,0.8112781244591328,0.25,1.75,2.0,0.5,"[1266, 5400, 1844, 7703]","[1.0, 2.0, 2.0, 2.0]"
29012,@Saf_D When Brexit doesn't deliver the racist's aspirations they'll find some other excuse to continue their hate peddling.,medium_disagreement,3,0.9182958340544896,0.33333333333333337,0.6666666666666666,0.0,1.1547005383792517,"[144, 9092, 8824]","[2.0, 0.0, 0.0]"
6007,"Hey Carlos, instead of going after a comedian, how about you get your head (and your buttplug) out of your culo and get some better fucking ideas! So sick of these brown shirts moonlighting and journalists. More like urinalists",medium_disagreement,3,0.9182958340544896,0.33333333333333337,1.3333333333333333,2.0,1.1547005383792517,"[7954, 7498, 9466]","[0.0, 2.0, 2.0]"
26781,Haha! Salty Indians! #GetRidOfGloves Snobbish Indians think they can get away with everything. Tw@s! Feck off!! 😂 #Dhoni: Indians furious after ICC ruling on military cricket gloves URL,medium_disagreement,3,0.9182958340544896,0.33333333333333337,0.3333333333333333,0.0,0.5773502691896258,"[236, 1728, 5806]","[0.0, 0.0, 1.0]"
37932,AOC😂😂😂😂What a IGNORANT RACIST SCUMBAG!! Dumb Ass Bitch! Just another LOAD that SHOULD'VE been SWALLOWED!!,medium_disagreement,3,0.9182958340544896,0.33333333333333337,0.6666666666666666,0.0,1.1547005383792517,"[5611, 4214, 8082]","[0.0, 0.0, 2.0]"
28776,"Young black teens are being murdered in the US for wearing hoodies, playing with toys, listening to rap music, standing outside a store. This is a racial issue, not a mental health issue. These people are white supremacists and terrorists. Tired of this shit. #JusticeForElijah",medium_disagreement,3,0.9182958340544896,0.33333333333333337,0.3333333333333333,0.0,0.5773502691896258,"[2928, 11003, 1986]","[1.0, 0.0, 0.0]"
29680,This guy is supposed to be the liberal face of Islamic State of Pakistan...this idiot barrister won't say how 210 million Paki Mujahids got their butts kicked by Windies and Australia who are kafirs & a fraction of paki population. Another piece of Paki shit. URL,medium_disagreement,4,0.8112781244591328,0.25,1.75,2.0,0.5,"[7430, 9485, 6747, 5121]","[1.0, 2.0, 2.0, 2.0]"
809,Wow we need her throat in like all women lmao,medium_disagreement,4,0.8112781244591328,0.25,0.5,0.0,1.0,"[4220, 5891, 10012, 3788]","[0.0, 0.0, 0.0, 2.0]"
29735,"H8tful: Kemi sucks bro, entitled bitch  David: You said Kemi? Bougie ass bitch, hella stuck up. She had the audacity to flirt with me. ME!!!  Also y'all want me to do the dishes? #BB21   URL",medium_disagreement,3,0.9182958340544896,0.33333333333333337,1.3333333333333333,2.0,1.1547005383792517,"[1878, 265, 5753]","[2.0, 0.0, 2.0]"
19490,Fuck her again?,medium_disagreement,3,0.9182958340544896,0.33333333333333337,0.6666666666666666,0.0,1.1547005383792517,"[6240, 10244, 3220]","[0.0, 2.0, 0.0]"
2035,"Jesus, that's some deranged children.",medium_disagreement,3,0.9182958340544896,0.33333333333333337,0.6666666666666666,0.0,1.1547005383792517,"[5081, 2457, 3485]","[0.0, 0.0, 2.0]"
42092,"@dad fuck you in the ass, being gay is so cool these days it's ridiculous, like a grand new gender that can't be criticized or you are a homophobe, not like 10 years ago when gay was normal, but today it's like a counter culture when coming out of the closet is like the bravest thing you can do. THAT IS A FUCKING JOKE. Are you even synchronized with the shit news spew out these days?",medium_disagreement,3,0.9182958340544896,0.33333333333333337,1.6666666666666667,2.0,0.5773502691896257,"[8177, 1588, 5578]","[1.0, 2.0, 2.0]"
20270,"The sheer lunacy of being pro-life because according to the Bible abortion is murder. But should that fetus grow up to be gay?. He or she deserves to die, also according to the Bible. URL",medium_disagreement,3,0.9182958340544896,0.33333333333333337,0.6666666666666666,0.0,1.1547005383792517,"[6421, 6403, 8613]","[0.0, 2.0, 0.0]"
15745,Your tribal tattoo is a dog whistle for I like being fucked in the ass by big burly men,medium_disagreement,3,0.9182958340544896,0.33333333333333337,0.6666666666666666,1.0,0.5773502691896258,"[9309, 3457, 781]","[0.0, 1.0, 1.0]"
16901,"Alexa, the country's now 5% Muslim. Order a genocide please.",medium_disagreement,3,0.9182958340544896,0.33333333333333337,0.6666666666666666,0.0,1.1547005383792517,"[4858, 10194, 2235]","[0.0, 0.0, 2.0]"
7220,I'm going to go out on a limb and posit that more heterosexual men have made more women cum than gay men have made women cum.,medium_disagreement,3,0.9182958340544896,0.33333333333333337,0.6666666666666666,0.0,1.1547005383792517,"[8276, 5414, 10019]","[0.0, 2.0, 0.0]"
21836,Retweet if you want me sitting on your face while I deepthroat your cock #horny #boobs #tits #pussy #porn #amateurporn #cumslut #blowjob #sex #slut #ass #dick #cock #jailbait #bbc #gangbang #cuckold #fuck #fuckme #whore #cumtribute URL,medium_disagreement,3,0.9182958340544896,0.33333333333333337,0.6666666666666666,0.0,1.1547005383792517,"[1535, 1037, 1984]","[0.0, 0.0, 2.0]"
5500,Just putting it out there. But fuck Israel and fuck Saudi Arabia both. Right in the ass.,medium_disagreement,4,0.8112781244591328,0.25,0.5,0.0,1.0,"[9043, 1837, 8508, 2356]","[2.0, 0.0, 0.0, 0.0]"
10761,"I sort of wish they had. The Bundys are racist, selfish assholes hidig behind a Mormon urban legend about the End Times and they proved that if you're white and have guns, the government will do nothing. Someone should have merced Cliven and his shitheel sons",medium_disagreement,3,0.9182958340544896,0.33333333333333337,1.3333333333333333,2.0,1.1547005383792517,"[4000, 10544, 6720]","[2.0, 2.0, 0.0]"
7561,"Look at the silver lining though, you get double the love 💞 Be unapologetically gay! Suck a dick, fart a rainbow. Your haters are cancelled. I just cancelled them.",medium_disagreement,3,0.9182958340544896,0.33333333333333337,0.6666666666666666,0.0,1.1547005383792517,"[5957, 1555, 7398]","[2.0, 0.0, 0.0]"
48723,i'm NO FAN of This NINJA. Thinks He's SCUM But these PILGRIMS Aren't Locking Up these CATHOLIC Priest & Pilgrims in General 4 The Same or WORST Shit!! Kelly didn't KIDNAP ANY of these WHORES!!!,medium_disagreement,4,0.8112781244591328,0.25,1.75,2.0,0.5,"[739, 9416, 2583, 2614]","[2.0, 1.0, 2.0, 2.0]"
47786,they steal americans social security numbers in order to get jobs here. you wont hear the fake news talk about that or the fact they bring diseases like TB,medium_disagreement,3,0.9182958340544896,0.33333333333333337,0.3333333333333333,0.0,0.5773502691896258,"[5805, 1938, 1124]","[0.0, 0.0, 1.0]"
23571,what's the tea on puerto rican men?,medium_disagreement,4,0.8112781244591328,0.25,0.25,0.0,0.5,"[8311, 10188, 2003, 4028]","[0.0, 1.0, 0.0, 0.0]"
15653,"*""We have sacrificed martyrs to keep the hijab""*. Well that was a fucking stupid thing to die for.",medium_disagreement,3,0.9182958340544896,0.33333333333333337,0.6666666666666666,0.0,1.1547005383792517,"[7607, 10940, 2412]","[2.0, 0.0, 0.0]"
32401,Bum ass hoes,medium_disagreement,3,0.9182958340544896,0.33333333333333337,0.3333333333333333,0.0,0.5773502691896258,"[9454, 1296, 2372]","[1.0, 0.0, 0.0]"
34243,"@nessnitty @angela_rye @E_Reid35 @Kaepernick7 As he & others should the fight continues until what is due a system based on RESPECT & APPRECIATION 4 what our ANCESTORS WERE FORCED 2 GIVE AMERICA = FREE LABOR THAT BUILT THIS MOTHER WHICH = AN ECONOMY THAT BENEFITED LAZY, RACISTS WHITE FOLKS WHICH = GENERATIONS UNEARNED WEALTH URL",medium_disagreement,3,0.9182958340544896,0.33333333333333337,0.3333333333333333,0.0,0.5773502691896258,"[2318, 2465, 9675]","[0.0, 1.0, 0.0]"
13075,It's an STD camp for youg whores who need to learn how to live life as an STD infested whore,medium_disagreement,3,0.9182958340544896,0.33333333333333337,1.3333333333333333,2.0,1.1547005383792517,"[8092, 6591, 6697]","[0.0, 2.0, 2.0]"
39046,Go play pokemon you 10 years old dirty piece of trash you motherfucker go guck ur mom you stupid b!tch fuck ur 10 years old ass,medium_disagreement,4,0.8112781244591328,0.25,1.5,2.0,1.0,"[77, 9333, 1145, 1991]","[2.0, 0.0, 2.0, 2.0]"
4934,"I think it's somewhat oppressive that our society's main view of sex is PIV sex, and that a large portion of men would outright refuse to be with someone who refused to have PIV sex with them. It's, more or less, ""have PIV sex, or have a very high chance of never having love or a long term relationship"".",medium_disagreement,3,0.9182958340544896,0.33333333333333337,0.3333333333333333,0.0,0.5773502691896258,"[6991, 2128, 6896]","[0.0, 1.0, 0.0]"
27384,Well there you have it. The Straight Pride Parade is officially more inclusive than the Gay Pride Parade. URL,medium_disagreement,3,0.9182958340544896,0.33333333333333337,0.3333333333333333,0.0,0.5773502691896258,"[859, 1182, 4812]","[0.0, 1.0, 0.0]"
1630,Bottom bitches should get locked up in a cock cage!! You aren't gonna need it anyways!! Now let's get started!!,medium_disagreement,3,0.9182958340544896,0.33333333333333337,0.6666666666666666,0.0,1.1547005383792517,"[2065, 8979, 6095]","[0.0, 0.0, 2.0]"
42886,"Sarah Kratky deport them together immediately, problem solved",medium_disagreement,4,0.8112781244591328,0.25,0.25,0.0,0.5,"[1741, 11013, 3965, 9344]","[0.0, 0.0, 0.0, 1.0]"
36011,"@EWErickson Go fuck yourself. And if you feel that's a sin, eat a big bowl of shit instead you homophobic asshole.",medium_disagreement,3,0.9182958340544896,0.33333333333333337,0.6666666666666666,0.0,1.1547005383792517,"[2098, 10352, 3075]","[0.0, 2.0, 0.0]"
37292,What we need is for these ugly ass incelebates to get some pussy so they won't be mad at the world cuz they so fuckin ugly and get rejected all the time,medium_disagreement,3,0.9182958340544896,0.33333333333333337,0.6666666666666666,0.0,1.1547005383792517,"[6553, 9290, 5861]","[0.0, 2.0, 0.0]"
40154,iran is a shithole country,medium_disagreement,3,0.9182958340544896,0.33333333333333337,0.6666666666666666,0.0,1.1547005383792517,"[5925, 9633, 10810]","[2.0, 0.0, 0.0]"
2280,"I would think so. I think two guys kissing is hotter than two girls kissing. I've never seen gay porn, but it HAS to be better than the crap that guys watched back in college.",medium_disagreement,3,0.9182958340544896,0.33333333333333337,0.3333333333333333,0.0,0.5773502691896258,"[5046, 8570, 371]","[1.0, 0.0, 0.0]"
31885,@PressTV @hrw Iran is killing Israeli people by supplying weapons to terrorist that attack Israel... Hope the world ends soon can't live with so many retards living on this planet like you.,medium_disagreement,4,0.8112781244591328,0.25,0.5,0.0,1.0,"[1704, 1148, 9517, 6910]","[0.0, 0.0, 2.0, 0.0]"
49100,So these 2 dumb negros do attract Thots. Get a life and stop sack chasing these uneducated assclowns.,medium_disagreement,4,0.8112781244591328,0.25,1.5,2.0,1.0,"[1289, 2014, 10403, 3599]","[2.0, 0.0, 2.0, 2.0]"
28758,bitches real life fall in love w a nigga who treats them like a human sock,medium_disagreement,4,0.8112781244591328,0.25,1.5,2.0,1.0,"[2966, 10529, 8675, 8006]","[2.0, 2.0, 2.0, 0.0]"
1990,The UK likes to pretend that Islam is the only religion that dangerous and full of extremists,medium_disagreement,3,0.9182958340544896,0.33333333333333337,0.3333333333333333,0.0,0.5773502691896258,"[1337, 1388, 1239]","[1.0, 0.0, 0.0]"
22497,"What a sick satanic religion that beheads people for being an infidel. This is Satan's religion. And we all KNOW who on earth invented it. If you don't know , research ... I'm not lookin for a fight today. #ISLAM  THIER BOOK SAYS TO DO IT , Jesus already WON URL",medium_disagreement,3,0.9182958340544896,0.33333333333333337,1.3333333333333333,2.0,1.1547005383792517,"[441, 8316, 11070]","[2.0, 2.0, 0.0]"
600,"NO U. FITE ME BIOITCH = succ my balls because I am gay and want to have sexual relations with no condom while I spread my AIDs everywere I go, in russian.",medium_disagreement,3,0.9182958340544896,0.33333333333333337,1.3333333333333333,2.0,1.1547005383792517,"[3165, 6614, 4483]","[0.0, 2.0, 2.0]"
12016,"Finally, something us Asians can finally fucking raid",medium_disagreement,4,0.8112781244591328,0.25,0.25,0.0,0.5,"[10662, 8490, 4946, 2693]","[0.0, 0.0, 1.0, 0.0]"
1425,That's the gayest thing I have ever seen... and I saw what you were doing last night!! 👀,medium_disagreement,3,0.9182958340544896,0.33333333333333337,0.3333333333333333,0.0,0.5773502691896258,"[7439, 8326, 2070]","[1.0, 0.0, 0.0]"
14626,This is a temporary solution. The real solution is resurrecting hitler and give him all what he needs for the holocaust 2.0,medium_disagreement,3,0.9182958340544896,0.33333333333333337,0.3333333333333333,0.0,0.5773502691896258,"[2788, 1600, 6209]","[0.0, 1.0, 0.0]"
19514,girls that have a pussy and are alive.,medium_disagreement,3,0.9182958340544896,0.33333333333333337,0.3333333333333333,0.0,0.5773502691896258,"[6475, 7257, 3852]","[1.0, 0.0, 0.0]"
42787,If the US continue to sell weapons to a Wahhabi nation then that's a radical move in providing weaponry to infidels cause it might backfire to the US when a full blown war happens. Don't ever trust all infidels.,medium_disagreement,3,0.9182958340544896,0.33333333333333337,0.6666666666666666,0.0,1.1547005383792517,"[7277, 6844, 479]","[0.0, 0.0, 2.0]"
27010,"I was raised in the deep end, I know niggas be sinking",medium_disagreement,4,0.8112781244591328,0.25,1.75,2.0,0.5,"[7863, 1895, 2370, 7327]","[2.0, 2.0, 2.0, 1.0]"
6105,As a brown boy I appreciate you brown girl,medium_disagreement,4,0.8112781244591328,0.25,0.25,0.0,0.5,"[2487, 3808, 1437, 6903]","[0.0, 1.0, 0.0, 0.0]"
34107,@helper2 When are they going to do something to her? Other countries are getting rid of them. We aren't that smart we keep electing them. I guess we are going to be overrun by Muslims.,medium_disagreement,3,0.9182958340544896,0.33333333333333337,0.3333333333333333,0.0,0.5773502691896258,"[6393, 7107, 4799]","[0.0, 0.0, 1.0]"
44921,"Just get rid of all those indian stink bastards. They poop in the streets and throw their trash right into this river, it's the most disgusting country ever!",medium_disagreement,4,0.8112781244591328,0.25,1.5,2.0,1.0,"[2162, 7239, 4179, 10264]","[2.0, 0.0, 2.0, 2.0]"
10021,LMAO it's not even good for real Israelis. They get to deal with all the terrorists infesting the fallen states like Iraq and Libya. But the (((Neoclowns))) in the Imperial Capital and their MIC (((friends))) get billions.,medium_disagreement,3,0.9182958340544896,0.33333333333333337,0.6666666666666666,0.0,1.1547005383792517,"[6976, 9622, 9895]","[0.0, 0.0, 2.0]"
22407,Fuck patriarchy and all the men in this world that are convinced they have the rights to control women and a woman's actions/decisions. You all deserve to be castrated :),medium_disagreement,4,0.8112781244591328,0.25,0.5,0.0,1.0,"[10584, 2069, 9589, 8906]","[2.0, 0.0, 0.0, 0.0]"
43146,1:09: Fucking Arabians I'm an Arabian myself and I feel ashamed kids these days,medium_disagreement,3,0.9182958340544896,0.33333333333333337,0.6666666666666666,0.0,1.1547005383792517,"[9250, 6195, 1945]","[2.0, 0.0, 0.0]"
47315,"These people are some dumb cunts bc Omar should go back to her country bc she hates America and loves al qaeda, she is a disgrace to this country and congress! Same goes for the other 3 in the so called ""squad"" either get on team America and stop trying to turn this place into a communist hell hole or leave",medium_disagreement,3,0.9182958340544896,0.33333333333333337,1.3333333333333333,2.0,1.1547005383792517,"[10846, 6956, 1795]","[2.0, 0.0, 2.0]"
40646,"Women's team wins World Cup, can't even beat U-15 boys team, want equal pay. never gonna support these low skill crybabies with horrible soccer",medium_disagreement,3,0.9182958340544896,0.33333333333333337,0.3333333333333333,0.0,0.5773502691896258,"[2951, 831, 7209]","[0.0, 1.0, 0.0]"
37596,men should all die in a fire honestly they are a threat to the world,medium_disagreement,3,0.9182958340544896,0.33333333333333337,0.6666666666666666,0.0,1.1547005383792517,"[4909, 10096, 4734]","[0.0, 2.0, 0.0]"
309,Racist: white ppl are racist Sexist: feminists are sexist Homophobic: just dont touch me pls,medium_disagreement,3,0.9182958340544896,0.33333333333333337,0.6666666666666666,0.0,1.1547005383792517,"[10321, 911, 816]","[0.0, 0.0, 2.0]"
9449,Imagine a)thinking this about any of these women and b) being so much of a pussy to be offended by Tlaib.,medium_disagreement,3,0.9182958340544896,0.33333333333333337,1.3333333333333333,1.0,0.5773502691896257,"[6521, 3934, 1485]","[2.0, 1.0, 1.0]"
26322,"Tamil Nadu State Govt Promoting Pilgrimage Subsidy Only for Christians. Trip to Bethlehem, Jerusalem, Nazareth etc 𝗠𝗶𝗻𝗼𝗿𝗶𝘁𝘆 𝗢𝗯𝘀𝗲𝘀𝘀𝗶𝗼𝗻 𝗼𝗳 𝗕𝗝𝗣-ADMK Alliance  BJP Propaganda Will Share Only if Such Things Happen in Opposition States  URL",medium_disagreement,3,0.9182958340544896,0.33333333333333337,0.6666666666666666,0.0,1.1547005383792517,"[352, 3598, 1692]","[0.0, 0.0, 2.0]"
15786,"So yes, white people, you chimp.",medium_disagreement,3,0.9182958340544896,0.33333333333333337,1.6666666666666667,2.0,0.5773502691896258,"[2172, 8718, 1783]","[2.0, 2.0, 1.0]"
45060,"Who cares what international people think on this issue. I for one am sick and tired of listening to these freshman congresswomen seeing their elected seats as a front row ""right"" to tell us Americans every single day that we as a country suck. These women are offended on all things Trump, White people and our History. THEY will not force our country into a transformational country of their choosing. Goodness we would all living in an insane asylum. Not good!!",medium_disagreement,3,0.9182958340544896,0.33333333333333337,0.3333333333333333,0.0,0.5773502691896258,"[602, 4697, 10016]","[0.0, 1.0, 0.0]"
41674,"Terrorist attack for sure. America is under God's judgement! How long did you prideful, privileged, wicked minded people think that God would let you continue to oppress His Chosen Ones you stole, murdered, and enslaved and not reap?",medium_disagreement,3,0.9182958340544896,0.33333333333333337,0.3333333333333333,0.0,0.5773502691896258,"[3749, 3249, 230]","[0.0, 1.0, 0.0]"
1572,I guess a Pussy Hat isn't the stupidest thing I've ever seen on a woman's head.,medium_disagreement,3,0.9182958340544896,0.33333333333333337,0.6666666666666666,0.0,1.1547005383792517,"[2560, 3066, 1254]","[0.0, 2.0, 0.0]"
45164,"It's all just kienitte theater!  Kienittes are those who lie and say they are of our brother judea but are not Jews at all , they are the children of Kien , and they own Trump and Pence and every politician in this land .  And that's why this nation must be destroyed. The saints are judging this world and destruction is coming , repent and turn away from this Evil and,Run to Yahusha Hamochiack Jesus Christ Now before you are judged into the lake of fire.",medium_disagreement,4,0.8112781244591328,0.25,0.5,0.0,1.0,"[9465, 5340, 6336, 9140]","[2.0, 0.0, 0.0, 0.0]"
40423,"race as little to do with skin colour, race is all about features of the body such as eyes, nose, ears, mouth, spin, hips, skull...ect",medium_disagreement,4,0.8112781244591328,0.25,0.25,0.0,0.5,"[3823, 2383, 8097, 7184]","[0.0, 0.0, 1.0, 0.0]"
12569,"Islam is a net negative, in the global village",medium_disagreement,3,0.9182958340544896,0.33333333333333337,0.3333333333333333,0.0,0.5773502691896258,"[3345, 8810, 10650]","[1.0, 0.0, 0.0]"
45809,>people in synagogues are armed >nazis just use drones and bombs instead  Vengeance is coming.,medium_disagreement,3,0.9182958340544896,0.33333333333333337,1.3333333333333333,1.0,0.5773502691896257,"[8393, 9358, 9171]","[2.0, 1.0, 1.0]"
28106,"German Based Idiot, Stoking Sindhi Card! ""Shame on you Moron!"" You Rebel against an Army, which has 27% Sindhis😂 in it's composition, 2nd only to Pashtuns, who are 33%. Rebel Alert.👇 @INFANTRY28 @BBhuttoZardari @OfficialDGISPR @javaidShaikh @ShNoumi  Bring it on! @BakhtawarBZ URL",medium_disagreement,3,0.9182958340544896,0.33333333333333337,0.6666666666666666,1.0,0.5773502691896258,"[6259, 9597, 2261]","[1.0, 0.0, 1.0]"
37553,Part 1. You are a liar. There has not been 251 mass shootings. You want to talk about mass shootings check out those nations in the Middle East that you support because they are Muslim / Islamic controlled. They also banned the common citizens from owning guns.(CONT.) URL,medium_disagreement,3,0.9182958340544896,0.33333333333333337,0.6666666666666666,1.0,0.5773502691896258,"[10279, 2455, 2996]","[1.0, 1.0, 0.0]"
29421,Fuck her to some Xanman,medium_disagreement,3,0.9182958340544896,0.33333333333333337,1.3333333333333333,2.0,1.1547005383792517,"[2989, 8382, 10525]","[0.0, 2.0, 2.0]"
34201,"Someone should have this pervert arrested. Not a single one of these people gave this sicko consent before she touches, gropes, and fondels them. Unbelievable. URL",medium_disagreement,3,0.9182958340544896,0.33333333333333337,0.6666666666666666,0.0,1.1547005383792517,"[6148, 5069, 5237]","[2.0, 0.0, 0.0]"
39335,these niggas some faggy ass broke mfuckers,medium_disagreement,3,0.9182958340544896,0.33333333333333337,1.3333333333333333,2.0,1.1547005383792517,"[10768, 9553, 9829]","[0.0, 2.0, 2.0]"
42095,"Mike should be ashamed of himself! He calls himself an evangelical Christian, hes a racist and race a terrible Liar for a daughter!!!",medium_disagreement,3,0.9182958340544896,0.33333333333333337,0.6666666666666666,0.0,1.1547005383792517,"[6241, 10381, 8563]","[0.0, 2.0, 0.0]"
40123,That fat blonde bitch is so dumb😂,medium_disagreement,3,0.9182958340544896,0.33333333333333337,1.3333333333333333,2.0,1.1547005383792517,"[6183, 6700, 5893]","[2.0, 2.0, 0.0]"
12985,The world's biggest power is the beauty of a woman - Chanakya Neeti ...and I agree :),medium_disagreement,4,0.8112781244591328,0.25,0.25,0.0,0.5,"[3949, 9467, 10139, 5612]","[1.0, 0.0, 0.0, 0.0]"
9917,Gas the Jews,medium_disagreement,3,0.9182958340544896,0.33333333333333337,1.6666666666666667,2.0,0.5773502691896257,"[6957, 10326, 1886]","[2.0, 1.0, 2.0]"
9190,Those protestants. Up to no good as usual.,medium_disagreement,4,0.8112781244591328,0.25,0.25,0.0,0.5,"[9627, 903, 4269, 8804]","[0.0, 0.0, 0.0, 1.0]"
12323,"The levels of brainwashing you've been subjected to to actually believe what you're saying is unprecedented. Riddle me this, why is Africa the shittiest continent on this planet when it is nothing but black people?",medium_disagreement,3,0.9182958340544896,0.33333333333333337,0.6666666666666666,0.0,1.1547005383792517,"[6572, 10074, 6159]","[2.0, 0.0, 0.0]"
48476,Send Ilhan Omar Back To The Shit Hole Country She Came From.,medium_disagreement,3,0.9182958340544896,0.33333333333333337,0.6666666666666666,0.0,1.1547005383792517,"[9514, 3439, 5494]","[0.0, 2.0, 0.0]"
44017,+Female Russia DIRTY FILTHY DISEASE CARRYING MEXICANS,medium_disagreement,3,0.9182958340544896,0.33333333333333337,0.6666666666666666,0.0,1.1547005383792517,"[4064, 11127, 1775]","[2.0, 0.0, 0.0]"
32733,Hes a true African man lol URL,medium_disagreement,4,0.8112781244591328,0.25,0.25,0.0,0.5,"[9670, 809, 6256, 695]","[0.0, 0.0, 1.0, 0.0]"
34338,Nikki Haley out here playing defense for the same folks that would hit her with the same N-Bomb they would hit me with. URL,medium_disagreement,3,0.9182958340544896,0.33333333333333337,1.6666666666666667,2.0,0.5773502691896257,"[3021, 2513, 6308]","[2.0, 1.0, 2.0]"
13787,"chinks will just kill whoever... you are a number over there, readily replaceable by 1 billion+ others.",medium_disagreement,3,0.9182958340544896,0.33333333333333337,1.3333333333333333,2.0,1.1547005383792517,"[238, 7244, 2237]","[2.0, 0.0, 2.0]"
11689,She's never gonna get out of that third world shithole country acting like the bottom queen miss Priscilla queen of the desert. If she had half a brain she would realise that her country's #1 export is rough trade hung str8 Dom off-white notUite ethnic alpha tops and sh'ed act like one. She's even got the build beard and chest hair to pull it off. Sigh. Sis is a lost cause,medium_disagreement,3,0.9182958340544896,0.33333333333333337,1.6666666666666667,2.0,0.5773502691896258,"[7559, 576, 2484]","[2.0, 2.0, 1.0]"
9899,Dirty homebreaker thots.,medium_disagreement,3,0.9182958340544896,0.33333333333333337,1.3333333333333333,2.0,1.1547005383792517,"[11016, 10962, 773]","[0.0, 2.0, 2.0]"
6634,"From the looks of it, all the males are picking their asses.",medium_disagreement,5,0.7219280948873623,0.19999999999999996,0.4,0.0,0.894427190999916,"[7942, 626, 5812, 2149, 8871]","[2.0, 0.0, 0.0, 0.0, 0.0]"
7899,Shut the fuck up you dumb bitch. Quit talking bout pussy if you dont get any bitch.,medium_disagreement,3,0.9182958340544896,0.33333333333333337,0.6666666666666666,0.0,1.1547005383792517,"[7860, 7986, 743]","[2.0, 0.0, 0.0]"
19814,"Trump hopes more Latinos are murdered, and he will continue to guide his supporters to commit acts of terrorism.",medium_disagreement,3,0.9182958340544896,0.33333333333333337,0.6666666666666666,0.0,1.1547005383792517,"[10458, 5998, 8950]","[0.0, 0.0, 2.0]"
8936,"what's your fucking problem n-gga, this is no reason to get obsessed over a previous shitpost",medium_disagreement,4,0.8112781244591328,0.25,1.5,2.0,1.0,"[3105, 4884, 2894, 8474]","[2.0, 0.0, 2.0, 2.0]"
48030,Omar and her ilk are traitors to the USA. Those who voted for this trash should be deported. Thanks voters for the TRUMP REVOLUTION!,medium_disagreement,3,0.9182958340544896,0.33333333333333337,0.6666666666666666,0.0,1.1547005383792517,"[10201, 10834, 9770]","[2.0, 0.0, 0.0]"
43341,"Dwight Howard is a undercover Faggot, this guy was caught on camera fondling Isiah Canaan penis when you were playing for the Rockets. Dwight's career is over because he's softer than marmalade and he couldn't shoot a beach ball into a ocean.",medium_disagreement,4,0.8112781244591328,0.25,1.5,2.0,1.0,"[5860, 9309, 7144, 3457]","[2.0, 2.0, 0.0, 2.0]"
10541,Became gay after I fucked your mom.,medium_disagreement,3,0.9182958340544896,0.33333333333333337,0.6666666666666666,0.0,1.1547005383792517,"[5067, 7407, 4533]","[0.0, 0.0, 2.0]"
9756,"Dude, you're the exact definition of "" Dick and dash"". You can bone girls then immediately retreat to the ground.",medium_disagreement,3,0.9182958340544896,0.33333333333333337,0.3333333333333333,0.0,0.5773502691896258,"[596, 332, 3969]","[0.0, 1.0, 0.0]"
8331,What a bunch of homophobes.,medium_disagreement,3,0.9182958340544896,0.33333333333333337,0.3333333333333333,0.0,0.5773502691896258,"[4378, 7341, 10271]","[1.0, 0.0, 0.0]"
13551,he said to her after she asked him out he doesn't date hoes.,medium_disagreement,4,0.8112781244591328,0.25,1.5,2.0,1.0,"[556, 226, 7975, 7642]","[2.0, 2.0, 2.0, 0.0]"
32699,"Latest dumbass, race baiting Tweet from the shaved scrotum! #CreepyPornLawyer #CPL",medium_disagreement,3,0.9182958340544896,0.33333333333333337,1.3333333333333333,2.0,1.1547005383792517,"[6555, 8065, 10607]","[2.0, 2.0, 0.0]"
49523,Know how about execute everybody that goes against the most High's laws not the right wing not the left but the most High's laws we are forgetting about him and all of this and the 14th amendment applies to black people descendants from slaves not know God damn Latinos let's stop playing games with that one,medium_disagreement,3,0.9182958340544896,0.33333333333333337,0.6666666666666666,0.0,1.1547005383792517,"[275, 7242, 9923]","[0.0, 0.0, 2.0]"
15792,She is a fucking dumb monkey,medium_disagreement,4,0.8112781244591328,0.25,1.5,2.0,1.0,"[9905, 4521, 6531, 1008]","[2.0, 2.0, 2.0, 0.0]"
20705,My blood boils whenever I see whores trying to act like chaste women.,medium_disagreement,3,0.9182958340544896,0.33333333333333337,1.3333333333333333,2.0,1.1547005383792517,"[10298, 7150, 5911]","[0.0, 2.0, 2.0]"
3519,Give me your tears gypsies,medium_disagreement,3,0.9182958340544896,0.33333333333333337,1.3333333333333333,2.0,1.1547005383792517,"[6992, 2847, 9892]","[2.0, 2.0, 0.0]"
17990,"Among people my age lgbt is pretty much just a meme. There are lots of gay/lesbian/bi people who are totally normal and they are always accepted, even by the religious kids. But the ones who obnoxiously fit all the lgbt stereotypes are literally considered a fucking joke. Personally I have no problem with anybody like that until their actions start to affect my life.",medium_disagreement,5,0.7219280948873623,0.19999999999999996,0.4,0.0,0.894427190999916,"[4797, 6129, 8913, 5214, 5224]","[2.0, 0.0, 0.0, 0.0, 0.0]"
43097,Honestly.. if there's one country we should take over due to danger it's Mexico.. they kill tens of millions compared to isis..,medium_disagreement,4,0.8112781244591328,0.25,0.25,0.0,0.5,"[1193, 2320, 1989, 5983]","[1.0, 0.0, 0.0, 0.0]"
10983,"this, yes. i'm also a queer exmo wheelchair user (what are the odds lol) and finding other aspects of yourself to relate to people with is a way better idea than falling in with mormons again tbh.",medium_disagreement,3,0.9182958340544896,0.33333333333333337,0.6666666666666666,0.0,1.1547005383792517,"[767, 9380, 9328]","[0.0, 2.0, 0.0]"
14653,"Another gay hispanic, so usual. Fuck off and die. You know ull get in due to AA, so suck my small chinese cock.",medium_disagreement,3,0.9182958340544896,0.33333333333333337,1.3333333333333333,2.0,1.1547005383792517,"[6321, 8281, 10357]","[2.0, 0.0, 2.0]"
37648,"""how are you possibly bi if you're dating a guy??"" shut the fuck up kyle before i tongue punch a hole through your bitch's uterus",medium_disagreement,4,0.8112781244591328,0.25,0.5,0.0,1.0,"[4397, 9082, 7033, 11069]","[0.0, 0.0, 2.0, 0.0]"
31727,allah created white whores as temptation and you degenerates fail everyday hope you enjoy hellfire,medium_disagreement,4,0.8112781244591328,0.25,0.5,0.0,1.0,"[8180, 8998, 5185, 6629]","[0.0, 2.0, 0.0, 0.0]"
44214,That is the world. We are addicted to sex. The middle east tries to control it by forcing humility on the women in their dress and behavior. Other cultures like France embrace it. The US also embraces it but tries to pretend they dont.,medium_disagreement,3,0.9182958340544896,0.33333333333333337,0.3333333333333333,0.0,0.5773502691896258,"[6755, 8330, 453]","[0.0, 0.0, 1.0]"
24797,Fuck no that's fag shit . Don't even be tryna impress these bitches either they ain't nothin URL,medium_disagreement,3,0.9182958340544896,0.33333333333333337,1.6666666666666667,2.0,0.5773502691896257,"[2088, 7275, 1601]","[2.0, 1.0, 2.0]"
37115,Alright so where are the cute queers from other countries who want to 90 Day Fiancé me out of this hell hole?,medium_disagreement,3,0.9182958340544896,0.33333333333333337,0.3333333333333333,0.0,0.5773502691896258,"[1898, 9634, 6938]","[0.0, 1.0, 0.0]"
43320,"Fine, all these white people are racists, yall better arm yourselves and fight them to the death.",medium_disagreement,4,0.8112781244591328,0.25,0.5,0.0,1.0,"[1899, 7467, 8968, 679]","[0.0, 0.0, 0.0, 2.0]"
26081,"That's my only issue with the ""men are trash"" movement. It could be a video of women sexual assaulting kids & not one Women would say women are trash. But if it's a man, they say men are trash & get 100k RTs.",medium_disagreement,3,0.9182958340544896,0.33333333333333337,0.6666666666666666,1.0,0.5773502691896258,"[4316, 6636, 7710]","[1.0, 0.0, 1.0]"
3784,"Toxic femininity is to craven, cowardly, infantile, hysterical and selfish. 90% of women are like this but it's okay, if you act more like a male then you've improved yourself and are solving the problem (ignore the skyrocketing female suicide rates, that's just coincidence).",medium_disagreement,4,0.8112781244591328,0.25,0.5,0.0,1.0,"[2115, 10973, 5604, 10765]","[2.0, 0.0, 0.0, 0.0]"
36492,"i got dragged to an oakdale party bitch never fucking again. i saw a group of white bitches jump a girl kick the shit outta her w boots n threw a rock at her, a big ass truck w a trump flag, n a bitch with shit all over herself laid out on the floor. n they were all smoking cigs.",medium_disagreement,3,0.9182958340544896,0.33333333333333337,1.6666666666666667,2.0,0.5773502691896257,"[6452, 9719, 5595]","[1.0, 2.0, 2.0]"
28461,bitches wanna be rewarded for shit they SUPPOSED to do URL,medium_disagreement,3,0.9182958340544896,0.33333333333333337,1.3333333333333333,2.0,1.1547005383792517,"[1267, 2172, 8718]","[0.0, 2.0, 2.0]"
14658,Islam only permits kill for a kill,medium_disagreement,4,0.8112781244591328,0.25,0.25,0.0,0.5,"[1358, 378, 5448, 2815]","[0.0, 0.0, 0.0, 1.0]"
30623,"I sort of live in hope that Greta discovers booze, fags and sex soon, so she'll fuck off.",medium_disagreement,3,0.9182958340544896,0.33333333333333337,1.3333333333333333,2.0,1.1547005383792517,"[5346, 185, 9870]","[2.0, 0.0, 2.0]"
20031,"Niggers and their liberal friends steal everything not tied down, just like the presidency here with acorn with its liberal defenders, FUCK YOU NIGGER OBOAMA!",medium_disagreement,393,0.11397020802905504,0.01526717557251911,1.9694656488549618,2.0,0.24553974171377269,"[9312, 2278, 10877, 8824, 8609, 8696, 2980, 10352, 4924, 2251, 2469, 1368, 10379, 7169, 655, 130, 2785, 4140, 1985, 1967, 1617, 6410, 8411, 9040, 10409, 5737, 764, 10000, 3836, 1954, 479, 5245, 8534, 2626, 9000, 3793, 1707, 6708, 7038, 9581, 2174, 4238, 5722, 2501, 5034, 5068, 6217, 2403, 1137, 3611, 862, 1837, 8463, 10462, 6991, 2525, 9882, 9069, 8812, 3524, 9511, 4492, 8926, 4539, 6414, 2076, 4935, 9160, 5524, 10092, 10677, 10198, 938, 8378, 3262, 262, 4611, 9936, 2583, 8044, 1708, 4486, 8312, 9560, 668, 8287, 10384, 12, 8218, 2163, 6555, 9443, 8472, 3974, 3828, 203, 5976, 7212, 4320, 10665, 3688, 239, 85, 7813, 7761, 4868, 3483, 4643, 2430, 9864, 10311, 3079, 5956, 5042, 5646, 8825, 3438, 5268, 9061, 6091, 9776, 958, 3578, 1655, 11109, 8832, 10017, 8945, 200, 1147, 1772, 8157, 5941, 10053, 3854, 278, 1961, 143, 855, 4561, 796, 3408, 5141, 1771, 9696, 9614, 10550, 1664, 7641, 9225, 4046, 2205, 8324, 4311, 606, 2591, 5916, 625, 9878, 1951, 2937, 6185, 10107, 10804, 4628, 11092, 11118, 10047, 1040, 5804, 6758, 5324, 5323, 6293, 8419, 10673, 401, 10538, 8204, 404, 3949, 5285, 11082, 2650, 1251, 8514, 5205, 7723, 1691, 2281, 5430, 2705, 4804, 842, 418, 8344, 2044, 4870, 10455, 10066, 5494, 6827, 8789, 8717, 8559, 5572, 11010, 6768, 761, 8261, 989, 8691, 10805, 10446, 4661, 5277, 7434, 1005, 2854, 6808, 268, 8798, 638, 7371, 4008, 5174, 1195, 5736, 8149, 4205, 3419, 4317, 4166, 5765, 2378, 6889, 3220, 4500, 6365, 3668, 5599, 7438, 9521, 3406, 1351, 3503, 7874, 5768, 9326, 1843, 11138, 5115, 1297, 7026, 9455, 9503, 10733, 6451, 6299, 2852, 3207, 3597, 4797, 4392, 10906, 7244, 570, 1609, 3704, 2933, 5900, 3361, 4116, 9112, 5075, 6848, 6822, 6143, 1035, 1314, 2235, 3797, 7589, 7620, 5067, 7216, 5100, 9122, 4854, 5300, 2093, 7505, 1642, 7092, 8753, 8424, 8327, 4842, 2495, 8886, 1289, 3534, 7398, 4277, 7564, 965, 7532, 3473, 8811, 1123, 513, 2280, 4381, 4385, 6454, 3250, 8160, 10397, 1574, 5445, 2064, 1852, 7814, 2995, 359, 8709, 8685, 9925, 7152, 3594, 7107, 9815, 5008, 2370, 1231, 3596, 3076, 9851, 9250, 5519, 8169, 8124, 9570, 1304, 174, 3604, 2723, 2875, 5579, 4970, 8960, 10077, 4382, 1426, 8309, 5955, 10541, 9073, 7665, 5832, 7326, 4699, 7173, 8152, 10847, 10534, 1264, 7956, 8123, 10704, 7041, 9259, 8109, 3212, 5701, 6537, 7372, 8216, 129, 4512, 6920, 1227, 5489, 8755, 346, 4562, 5197, 7188, 1527, 2646, 6423, 1485, 10290]","[2.0, 2.0, 2.0, 0.0, 2.0, 2.0, 2.0, 2.0, 2.0, 2.0, 2.0, 2.0, 2.0, 2.0, 2.0, 0.0, 2.0, 2.0, 2.0, 2.0, 2.0, 2.0, 2.0, 2.0, 2.0, 2.0, 2.0, 2.0, 2.0, 2.0, 2.0, 2.0, 2.0, 2.0, 2.0, 2.0, 2.0, 2.0, 2.0, 2.0, 2.0, 2.0, 2.0, 2.0, 2.0, 2.0, 2.0, 2.0, 2.0, 2.0, 2.0, 2.0, 2.0, 2.0, 2.0, 2.0, 2.0, 2.0, 2.0, 2.0, 2.0, 2.0, 2.0, 2.0, 2.0, 2.0, 2.0, 2.0, 2.0, 2.0, 2.0, 2.0, 2.0, 2.0, 2.0, 2.0, 2.0, 2.0, 2.0, 2.0, 2.0, 2.0, 2.0, 2.0, 2.0, 2.0, 2.0, 2.0, 2.0, 2.0, 2.0, 0.0, 2.0, 2.0, 2.0, 2.0, 2.0, 2.0, 2.0, 2.0, 2.0, 2.0, 2.0, 2.0, 2.0, 2.0, 2.0, 2.0, 2.0, 2.0, 2.0, 2.0, 2.0, 2.0, 2.0, 2.0, 2.0, 2.0, 2.0, 2.0, 2.0, 2.0, 2.0, 2.0, 2.0, 2.0, 2.0, 2.0, 2.0, 2.0, 2.0, 2.0, 2.0, 2.0, 2.0, 2.0, 2.0, 2.0, 2.0, 2.0, 2.0, 2.0, 2.0, 2.0, 2.0, 2.0, 2.0, 2.0, 2.0, 2.0, 2.0, 2.0, 2.0, 2.0, 2.0, 2.0, 2.0, 2.0, 2.0, 2.0, 2.0, 2.0, 2.0, 2.0, 2.0, 2.0, 2.0, 2.0, 2.0, 2.0, 2.0, 2.0, 2.0, 2.0, 2.0, 2.0, 2.0, 2.0, 2.0, 2.0, 2.0, 2.0, 2.0, 2.0, 2.0, 2.0, 2.0, 2.0, 2.0, 0.0, 2.0, 2.0, 2.0, 2.0, 2.0, 2.0, 2.0, 2.0, 2.0, 2.0, 2.0, 2.0, 2.0, 2.0, 2.0, 2.0, 2.0, 2.0, 2.0, 2.0, 2.0, 2.0, 2.0, 2.0, 2.0, 2.0, 2.0, 2.0, 2.0, 2.0, 2.0, 2.0, 2.0, 2.0, 2.0, 2.0, 2.0, 2.0, 2.0, 2.0, 2.0, 2.0, 2.0, 2.0, 2.0, 2.0, 2.0, 2.0, 2.0, 2.0, 2.0, 2.0, 2.0, 2.0, 2.0, 2.0, 2.0, 2.0, 2.0, 2.0, 2.0, 2.0, 2.0, 2.0, 2.0, 2.0, 2.0, 2.0, 2.0, 2.0, 2.0, 2.0, 2.0, 2.0, 2.0, 2.0, 2.0, 2.0, 2.0, 2.0, 2.0, 2.0, 2.0, 2.0, 2.0, 2.0, 2.0, 2.0, 2.0, 2.0, 2.0, 2.0, 2.0, 2.0, 2.0, 2.0, 2.0, 2.0, 2.0, 2.0, 2.0, 2.0, 2.0, 2.0, 2.0, 2.0, 2.0, 2.0, 2.0, 2.0, 2.0, 2.0, 2.0, 2.0, 2.0, 2.0, 2.0, 2.0, 2.0, 2.0, 2.0, 2.0, 2.0, 2.0, 2.0, 2.0, 2.0, 2.0, 2.0, 2.0, 2.0, 2.0, 2.0, 2.0, 2.0, 2.0, 2.0, 2.0, 2.0, 2.0, 2.0, 2.0, 2.0, 2.0, 2.0, 2.0, 2.0, 2.0, 2.0, 2.0, 2.0, 2.0, 2.0, 2.0, 2.0, 2.0, 2.0, 2.0, 2.0, 0.0, 2.0, 2.0, 2.0, 2.0, 2.0, 2.0, 2.0, 2.0, 2.0, 2.0, 2.0, 0.0, 2.0, 2.0, 2.0, 2.0, 2.0, 2.0, 2.0, 2.0, 2.0, 2.0, 2.0, 2.0, 2.0, 2.0, 2.0, 2.0, 2.0, 2.0, 2.0, 2.0, 2.0, 2.0, 2.0, 2.0, 2.0, 2.0, 2.0, 2.0, 2.0, 2.0, 2.0]"
36404,Use your bible to clean up your disgusting load.,medium_disagreement,4,0.8112781244591328,0.25,0.5,0.0,1.0,"[5363, 5272, 291, 9434]","[0.0, 0.0, 2.0, 0.0]"
42906,"I'v never seen a transvestie who wasn't mentally messed up, you have serious mental problems if you want to be the other gender....... enough with this PC bullsh#t",medium_disagreement,3,0.9182958340544896,0.33333333333333337,0.6666666666666666,0.0,1.1547005383792517,"[1573, 5734, 5523]","[2.0, 0.0, 0.0]"
29267,@Thomas1774Paine BRING ON MASS DEPORTATIONS!,medium_disagreement,4,0.8112781244591328,0.25,0.25,0.0,0.5,"[6847, 1253, 3944, 4720]","[0.0, 0.0, 1.0, 0.0]"
27977,"@mirchagalib If you hate muslims so much then tell your hindus to leave muslim countries for jobs and start selling pakoras and gaumutra in India, you piece of shit!",medium_disagreement,3,0.9182958340544896,0.33333333333333337,0.6666666666666666,0.0,1.1547005383792517,"[1878, 5719, 265]","[2.0, 0.0, 0.0]"
2758,Minorities? Eat shit cunt.,medium_disagreement,3,0.9182958340544896,0.33333333333333337,1.3333333333333333,2.0,1.1547005383792517,"[670, 9952, 4004]","[2.0, 2.0, 0.0]"
39292,"@FB4Troll The barbaric pigs who killed ,raped pundits and destryed their culture, temple are now crying ammi ammi when they get their own medicine . Enjoy it,. When empire strikes back, rats have no place to hide.",medium_disagreement,3,0.9182958340544896,0.33333333333333337,1.3333333333333333,2.0,1.1547005383792517,"[6584, 8355, 1587]","[0.0, 2.0, 2.0]"
47968,"Stay strong Taiwan! Shoot down those Chinese pieces of shit, if they dare to invade. China makes up all kinds of bull shit claims. I personally boycott anything Chinese made here in the U.S.",medium_disagreement,3,0.9182958340544896,0.33333333333333337,0.6666666666666666,0.0,1.1547005383792517,"[9524, 8844, 1841]","[0.0, 2.0, 0.0]"
461,Oh boy and another stupid practice by humans who believe in gods and holy ghosts.,medium_disagreement,3,0.9182958340544896,0.33333333333333337,1.6666666666666667,2.0,0.5773502691896257,"[7563, 3745, 10906]","[2.0, 1.0, 2.0]"
39608,so her white ass did not just say the n word AND say the d and f word bitch eye URL,medium_disagreement,3,0.9182958340544896,0.33333333333333337,0.6666666666666666,0.0,1.1547005383792517,"[269, 10785, 3319]","[2.0, 0.0, 0.0]"
48512,Filipino only. Guys ghost ship daw oh😂#kmjs😂,medium_disagreement,3,0.9182958340544896,0.33333333333333337,0.3333333333333333,0.0,0.5773502691896258,"[2078, 3986, 8419]","[0.0, 0.0, 1.0]"
2845,English people just be rascist.,medium_disagreement,4,0.8112781244591328,0.25,0.5,0.0,1.0,"[1974, 6931, 1769, 9478]","[2.0, 0.0, 0.0, 0.0]"
10279,because bears r gay,medium_disagreement,4,0.8112781244591328,0.25,0.25,0.0,0.5,"[10989, 5461, 2089, 10548]","[1.0, 0.0, 0.0, 0.0]"
31874,@Lordbrexit Arrest and deport the scum .,medium_disagreement,3,0.9182958340544896,0.33333333333333337,0.6666666666666666,0.0,1.1547005383792517,"[948, 5145, 4377]","[0.0, 2.0, 0.0]"
42348,"Everything this worm of a women does is a set up or trap , she should go home to the rat hole she came from !",medium_disagreement,4,0.8112781244591328,0.25,0.5,0.0,1.0,"[8178, 4637, 9896, 10173]","[0.0, 0.0, 2.0, 0.0]"
24932,@NavyWifeAlison Breeding like rats. So much different than Mexicans or South Americans crossing the border. Muslims want to take over our country. They want their own sharia managed utopia. MUST STOP. The Muslim seed has infiltrated into congress. Our liberties and freedoms will be our downfall.,medium_disagreement,3,0.9182958340544896,0.33333333333333337,0.3333333333333333,0.0,0.5773502691896258,"[7606, 8202, 5982]","[1.0, 0.0, 0.0]"
38384,Why haven't we deported this vile creature? Why waste valuable resources keeping him in prison?,medium_disagreement,3,0.9182958340544896,0.33333333333333337,1.6666666666666667,2.0,0.5773502691896257,"[104, 8833, 10568]","[2.0, 1.0, 2.0]"
32074,Progress 👍 LGBT rights in Europe: Some countries 'moving backwards on equality for first time in a decade' | Euronews URL #NewsSuite URL,medium_disagreement,5,0.7219280948873623,0.19999999999999996,0.2,0.0,0.447213595499958,"[5487, 5620, 6861, 8237, 7262]","[0.0, 1.0, 0.0, 0.0, 0.0]"
17821,Moses didn't hear a burning bush tell him to kill a Jew he knows. Low-quality posts like this should be posted on r/atheism.,medium_disagreement,3,0.9182958340544896,0.33333333333333337,1.3333333333333333,2.0,1.1547005383792517,"[1830, 941, 5377]","[0.0, 2.0, 2.0]"
48121,"Boo-hoo, who gives a fuck about illegal aliens? As long as they're in there, they're not out raping and murdering Americans.",medium_disagreement,3,0.9182958340544896,0.33333333333333337,1.3333333333333333,2.0,1.1547005383792517,"[4881, 2248, 4980]","[2.0, 0.0, 2.0]"
10194,Get back to the cotton fields nigger,medium_disagreement,4,0.8112781244591328,0.25,1.5,2.0,1.0,"[9424, 3640, 386, 7363]","[0.0, 2.0, 2.0, 2.0]"
48540,They're fucking idiots. Latinos being against others is just sad,medium_disagreement,4,0.8112781244591328,0.25,0.25,0.0,0.5,"[10661, 2665, 9514, 8750]","[0.0, 0.0, 0.0, 1.0]"
27058,Nigga got his bitch to bring her gf over to get turned out URL,medium_disagreement,3,0.9182958340544896,0.33333333333333337,1.3333333333333333,2.0,1.1547005383792517,"[3160, 10754, 8821]","[2.0, 0.0, 2.0]"
28909,@MxsterAngel He needs to hurt fucking ugly fag,medium_disagreement,3,0.9182958340544896,0.33333333333333337,1.3333333333333333,2.0,1.1547005383792517,"[4149, 4577, 4727]","[2.0, 0.0, 2.0]"
45187,1v1 USA vs Iran. No need to get the rest of the world involved. Iran has wanted to destroy the USA for decades. Let's get it over with.,medium_disagreement,3,0.9182958340544896,0.33333333333333337,0.6666666666666666,0.0,1.1547005383792517,"[2873, 4525, 2837]","[2.0, 0.0, 0.0]"
10687,"In 1999 if you had told me that dudes on the internet would be cosplaying as white supremacists on the internet constantly when I was almost 40 I never would have believed you. Now here we are in 2019 and there are a bunch of dudes pretending to be teenagers, talking about their cuckold fetishes, and yelling go back to Africa, while three people try to sell crafted mounts.",medium_disagreement,3,0.9182958340544896,0.33333333333333337,0.6666666666666666,0.0,1.1547005383792517,"[2606, 3752, 4791]","[0.0, 0.0, 2.0]"
34328,Them: I just got jumped 🤬 The nigga everybody done beat up: Wtf inbox me bruh 😠 Y'all kill me i swear 🤣🤣🤣,medium_disagreement,3,0.9182958340544896,0.33333333333333337,1.6666666666666667,2.0,0.5773502691896257,"[7884, 8942, 4962]","[1.0, 2.0, 2.0]"
44479,Trumpsmissing a huge opportunity in that pointing out the fact that the dems and those radical women want an open border right next to a country where we'd we'd had a travel warning for years from all the murders and mass graves are you sure you really want open borders with something like that?,medium_disagreement,3,0.9182958340544896,0.33333333333333337,0.6666666666666666,0.0,1.1547005383792517,"[3610, 1348, 3479]","[2.0, 0.0, 0.0]"
46062,WTF? HOMOPHOBIC? XD you joking right? I hope so I found you from pewdiepie and I think I seen you before but I regret seeing you again -_- annoys the shit outta me! XD,medium_disagreement,3,0.9182958340544896,0.33333333333333337,0.6666666666666666,0.0,1.1547005383792517,"[3607, 636, 9239]","[0.0, 0.0, 2.0]"
28925,"@gangavarapufame @noconversion @Pontifex 👍🏽 somebody has to accept the venomous hate. U - jesus i killed , raped and fought all for you and in your name.  God- you psychopathic moron you killed me and all other good in the world. Burn him till eternity.",medium_disagreement,3,0.9182958340544896,0.33333333333333337,0.6666666666666666,0.0,1.1547005383792517,"[11035, 8336, 2067]","[2.0, 0.0, 0.0]"
47041,What was that incoherent babble from the black woman?,medium_disagreement,3,0.9182958340544896,0.33333333333333337,0.3333333333333333,0.0,0.5773502691896258,"[9604, 9266, 2018]","[0.0, 1.0, 0.0]"
36815,"@realDonaldTrump ""tHeRe ArE nO rEaSoNs Or ExCuSeS tHaT wIlL eVeR jUsTiFy KiLlInG iNnOcEnT pEoPlE"" okay. But all mass shootings have been by white male supremacists and all they're is to say, according to the government, is that they're all MENTAL OR NEED HELP!!! whatttt!!!",medium_disagreement,3,0.9182958340544896,0.33333333333333337,0.6666666666666666,0.0,1.1547005383792517,"[2941, 842, 7723]","[2.0, 0.0, 0.0]"
4081,"No, a woman should never hit a man. But a man looking to justify his abuse of women under the guise of ""equal rights"" will never be anything more than a pathetic fucking bitch.",medium_disagreement,4,0.8112781244591328,0.25,0.25,0.0,0.5,"[6893, 7577, 2363, 5067]","[0.0, 0.0, 1.0, 0.0]"
37162,why u posting dis shit. we treating these hoes like hoes fuck john,medium_disagreement,4,0.8112781244591328,0.25,0.75,1.0,0.5,"[10016, 9332, 344, 7361]","[1.0, 0.0, 1.0, 1.0]"
24424,"There is no such thing as dating a married man🤦🏾‍♀️Some women just because some idiot men do not respect their marriages please do not entertain them, the pain&lies will come back to you tenfold cause that commitment is made in front of God.#AskAMan",medium_disagreement,3,0.9182958340544896,0.33333333333333337,0.6666666666666666,0.0,1.1547005383792517,"[9267, 938, 6466]","[2.0, 0.0, 0.0]"
13230,"Nah, I ain't with that gay shit",medium_disagreement,3,0.9182958340544896,0.33333333333333337,0.6666666666666666,0.0,1.1547005383792517,"[2089, 10548, 7613]","[0.0, 2.0, 0.0]"
12288,"Poland out of the European Union,now. You people are a joke when compared to sane,decent people Pray to your fairies and hate on 'sinners' all you want,just do it while you're OUT OF an union that stands for equal respect among its citizens.EU is acting like a bunch of wimps for tolerating an authoritarian christian-caliphate like Poland",medium_disagreement,3,0.9182958340544896,0.33333333333333337,0.3333333333333333,0.0,0.5773502691896258,"[9397, 5760, 2985]","[0.0, 0.0, 1.0]"
25203,Rabbi #YosefMizrachi: Abortions from #Israel end up in #China and the Chinese eat the body parts. #Jews URL,medium_disagreement,3,0.9182958340544896,0.33333333333333337,0.6666666666666666,0.0,1.1547005383792517,"[1236, 2878, 3153]","[0.0, 2.0, 0.0]"
22151,I hate females like that tho you wait till he dead to appear naw crawl back in that thirsty hoe hole you came out of tf,medium_disagreement,4,0.8112781244591328,0.25,0.5,0.0,1.0,"[2003, 4028, 1027, 620]","[0.0, 0.0, 2.0, 0.0]"
25341,"HIGH PRIESTS of Satanism of LBGTQ Hollywood and US LEADERS, Chrurches, Temples hiding this World Water with ALL FLORIDA LEADERS & Media! To kill kids & Family with Cancer Rates! They MUST BE DESTROYED TO MAGA🇺🇸 URL via @YouTube",medium_disagreement,3,0.9182958340544896,0.33333333333333337,1.3333333333333333,2.0,1.1547005383792517,"[4687, 6080, 1672]","[2.0, 0.0, 2.0]"
2110,"god that's so ignorant. wow. ""i'm not a christian so christian morality doesn't influence medical fields"". lmfao come back to me when you have even the tiniest inkling of critical thinking skills",medium_disagreement,3,0.9182958340544896,0.33333333333333337,0.6666666666666666,0.0,1.1547005383792517,"[5737, 1529, 6731]","[0.0, 0.0, 2.0]"
49111,You dirty white people brought your diseases into my country years ago,medium_disagreement,3,0.9182958340544896,0.33333333333333337,1.6666666666666667,2.0,0.5773502691896258,"[595, 4008, 8975]","[2.0, 2.0, 1.0]"
4968,"Hey brothas, watch your 'black privilege' quickly evaporate in the libtard circles when you are guilty of 'wrongthink'.",medium_disagreement,3,0.9182958340544896,0.33333333333333337,1.3333333333333333,2.0,1.1547005383792517,"[4455, 5546, 6043]","[2.0, 0.0, 2.0]"
1784,Goys are incapable of thinking.,medium_disagreement,3,0.9182958340544896,0.33333333333333337,0.3333333333333333,0.0,0.5773502691896258,"[8329, 11004, 7709]","[0.0, 1.0, 0.0]"
15160,"Aka mentally ill people who use Reddit to show everyone how delusional they are. No you are not a woman. And no you are not a ""Terf / Alt Right Slayer"" or whatever your Twitter handle says. In truth your are so fragile that one bad word happens and you kill yourself.  Fuck off.",medium_disagreement,3,0.9182958340544896,0.33333333333333337,0.6666666666666666,1.0,0.5773502691896258,"[5319, 10665, 10698]","[1.0, 0.0, 1.0]"
50003,Future was dominated by gender fluid machines. One of them travelled in time to the past to save a Mexican girl and bring social justice.,medium_disagreement,3,0.9182958340544896,0.33333333333333337,0.3333333333333333,0.0,0.5773502691896258,"[7394, 7687, 1343]","[1.0, 0.0, 0.0]"
18323,and that is wrong. they should be in their homeland. remember goys: for every race their separate place,medium_disagreement,4,0.8112781244591328,0.25,0.25,0.0,0.5,"[8098, 2726, 3714, 7797]","[0.0, 0.0, 0.0, 1.0]"
4395,"I go with my brother. You don't need to go with other queer people, just find someone who's supportive to go with you, or you can go by yourself if you are comfortable enough.",medium_disagreement,4,0.8112781244591328,0.25,0.5,0.0,1.0,"[1531, 9868, 2681, 1011]","[2.0, 0.0, 0.0, 0.0]"
43305,You should worry about your invisible unrealistic terrorist god Allah. Indians have enough to prosper more.,medium_disagreement,4,0.8112781244591328,0.25,0.25,0.0,0.5,"[1121, 8497, 10553, 2009]","[0.0, 1.0, 0.0, 0.0]"
30489,i met this Latina chick and she sucked my dick within the 1st week of meeting her.. I found her IG the next day and followed her off a burner account. Turns out she had a boyfriend of 3 years & a daughter URL,medium_disagreement,4,0.8112781244591328,0.25,0.5,0.0,1.0,"[8534, 10670, 10166, 11009]","[2.0, 0.0, 0.0, 0.0]"
46985,After salman devil came out now am gone hate Saudi bcs of him! He's America puppet end. Another things Saudi never do any thing alone USA pushing from back and want to destroy Muslim umaha,medium_disagreement,3,0.9182958340544896,0.33333333333333337,1.3333333333333333,2.0,1.1547005383792517,"[9915, 1803, 5228]","[2.0, 0.0, 2.0]"
9830,"""Hey Ferling, let's go fuck with our retarded cousins on lockdown""",medium_disagreement,3,0.9182958340544896,0.33333333333333337,0.6666666666666666,0.0,1.1547005383792517,"[340, 6328, 10899]","[0.0, 2.0, 0.0]"
6113,lol this nigga actually believes those retarded black israelites,medium_disagreement,3,0.9182958340544896,0.33333333333333337,1.3333333333333333,2.0,1.1547005383792517,"[1511, 7064, 6389]","[2.0, 2.0, 0.0]"
49586,he likes them jungle asian girls,medium_disagreement,3,0.9182958340544896,0.33333333333333337,1.6666666666666667,2.0,0.5773502691896257,"[482, 6007, 5168]","[1.0, 2.0, 2.0]"
7162,What is she charge. Because I know some AIDS infested gangsters. Who say she is exactly the kind of rubbish the like.,medium_disagreement,4,0.8112781244591328,0.25,0.5,0.0,1.0,"[10188, 2003, 4028, 1027]","[0.0, 0.0, 0.0, 2.0]"
882,Omg I know right. Of my top 10 posts I think 8 are gay related 😂,medium_disagreement,4,0.8112781244591328,0.25,0.25,0.0,0.5,"[2791, 8502, 2724, 10201]","[0.0, 0.0, 1.0, 0.0]"
27286,Grab me some dicks and pussies to my mouth,medium_disagreement,3,0.9182958340544896,0.33333333333333337,0.3333333333333333,0.0,0.5773502691896258,"[10216, 7660, 3048]","[0.0, 0.0, 1.0]"
42658,It's time to stop messing with these idiots in Iran. Wipe them off the map.,medium_disagreement,4,0.8112781244591328,0.25,0.5,0.0,1.0,"[3874, 3205, 10437, 9930]","[0.0, 0.0, 2.0, 0.0]"
2300,And I'd rather go to hell than be some kind of subhuman retard like you.,medium_disagreement,4,0.8112781244591328,0.25,1.75,2.0,0.5,"[4656, 2158, 792, 10605]","[2.0, 2.0, 2.0, 1.0]"
40429,Fuck all muslim get a life.,medium_disagreement,4,0.8112781244591328,0.25,1.5,2.0,1.0,"[9912, 7968, 3707, 8403]","[2.0, 2.0, 0.0, 2.0]"
4805,Canada's version of this treasonous twat is our somali immigration minister who still retains his somali passport.,medium_disagreement,3,0.9182958340544896,0.33333333333333337,0.6666666666666666,1.0,0.5773502691896258,"[9226, 159, 5262]","[1.0, 1.0, 0.0]"
44593,"It has nothing to do with a color of the skin, you PATHETIC MORON. This innocent young woman was MURDERED by an insane Muslim just for the only reason that she was white and uncovered woman. You have a mind of a rabid animal.",medium_disagreement,3,0.9182958340544896,0.33333333333333337,0.3333333333333333,0.0,0.5773502691896258,"[10529, 8675, 8006]","[0.0, 1.0, 0.0]"
41894,Ya man i agree. Its like hes sitting in a baby chair. Also dont forget about the gays. They like it in the butt sooo,medium_disagreement,4,0.8112781244591328,0.25,0.5,0.0,1.0,"[9689, 7158, 2214, 2096]","[2.0, 0.0, 0.0, 0.0]"
34789,If they were black they would've been shot dead but yeah a ha ha 🙄,medium_disagreement,5,0.7219280948873623,0.19999999999999996,0.4,0.0,0.8944271909999159,"[2071, 10753, 1117, 6117, 7457]","[0.0, 0.0, 0.0, 0.0, 2.0]"
47506,"Yawovi E. he's a racist just like sodomite Lemon who fucks a white man, his ""roommate"" an all black college, yeah, sure, no systemic racism there, what if we had an all white college, THEN that would be ""racist"" see? I'm using leftist NPC wisdom, which basically says when one cannot compete in the arena of ideas, throw out the R word, and accuse the other side of what you are",medium_disagreement,4,0.8112781244591328,0.25,1.5,2.0,1.0,"[10053, 8987, 212, 966]","[2.0, 2.0, 0.0, 2.0]"
29663,@aptaube hate fake left girls who win elections and get better decision makers in power,medium_disagreement,3,0.9182958340544896,0.33333333333333337,0.6666666666666666,0.0,1.1547005383792517,"[10452, 4773, 5545]","[0.0, 0.0, 2.0]"
11368,My fucking nation brought only progress to the lands inhabited only by tribal societies. Your brought nothing useful to the world after it became Muslim.,medium_disagreement,4,0.8112781244591328,0.25,0.5,0.0,1.0,"[1761, 7268, 10000, 8409]","[0.0, 0.0, 0.0, 2.0]"
11151,"Oh.... definitely. A girl who is *trying* is 10 times more attractive. Also, high school boys are basically walking boners.",medium_disagreement,4,0.8112781244591328,0.25,0.5,0.0,1.0,"[10271, 9014, 3789, 6651]","[0.0, 0.0, 0.0, 2.0]"
43454,When are these nutbars going to come to their senses and take these frustrations out on the muslims!!,medium_disagreement,4,0.8112781244591328,0.25,1.5,2.0,1.0,"[1749, 10603, 719, 6981]","[2.0, 0.0, 2.0, 2.0]"
40950,Barack Obama all over again half black politicians out here Coonin and selling out real blacks c through there lies,medium_disagreement,3,0.9182958340544896,0.33333333333333337,0.3333333333333333,0.0,0.5773502691896258,"[3980, 7496, 2001]","[0.0, 1.0, 0.0]"
28578,Queens of their own land and the entire lesbian community. URL,medium_disagreement,4,0.8112781244591328,0.25,0.5,0.0,1.0,"[9089, 9366, 9386, 4021]","[0.0, 0.0, 2.0, 0.0]"
46727,Ugly skanks! I hope their plane crashes.,medium_disagreement,3,0.9182958340544896,0.33333333333333337,0.6666666666666666,0.0,1.1547005383792517,"[1160, 9539, 5606]","[2.0, 0.0, 0.0]"
39475,I hate these hoes,medium_disagreement,3,0.9182958340544896,0.33333333333333337,1.3333333333333333,2.0,1.1547005383792517,"[6970, 8802, 5350]","[2.0, 0.0, 2.0]"
31818,Fuck this shit let them kids out at the border bitch. URL,medium_disagreement,3,0.9182958340544896,0.33333333333333337,0.6666666666666666,0.0,1.1547005383792517,"[8778, 67, 7692]","[0.0, 2.0, 0.0]"
41963,Me and the boys signing up for gay surgery,medium_disagreement,3,0.9182958340544896,0.33333333333333337,0.3333333333333333,0.0,0.5773502691896258,"[796, 8407, 4944]","[1.0, 0.0, 0.0]"
48098,"Crime is not a pleasure to be rewarded with comfort.  Humility, pain and suffering are the best deterrents to crime.  Violations against sovereignty are to be punished by deportation. The path to US citizenship begins at a US consulate. Get in line!",medium_disagreement,3,0.9182958340544896,0.33333333333333337,0.3333333333333333,0.0,0.5773502691896258,"[1545, 4367, 50]","[0.0, 0.0, 1.0]"
49818,You white people love to kill,medium_disagreement,4,0.8112781244591328,0.25,0.5,0.0,1.0,"[7669, 10704, 129, 5634]","[0.0, 0.0, 0.0, 2.0]"
24636,When you're both gay URL,medium_disagreement,3,0.9182958340544896,0.33333333333333337,0.3333333333333333,0.0,0.5773502691896258,"[8698, 2795, 6245]","[0.0, 0.0, 1.0]"
46101,"Piss poor job of representing the country. Nothing but a lgbt party. Stick to playing your little game and when you actually educate yourselves, then you can make comments. You were supposed to represent the United States not spew your liberal propaganda.",medium_disagreement,3,0.9182958340544896,0.33333333333333337,0.3333333333333333,0.0,0.5773502691896258,"[808, 5952, 8760]","[0.0, 0.0, 1.0]"
24505,"This is what low IQ looks like.  Australia spends $8.5 billion on beef per year. Does that grow on trees? You fucking ape.  Also, we slaughter kheer/firni on Eid ul Fitr not animals. URL",medium_disagreement,3,0.9182958340544896,0.33333333333333337,1.3333333333333333,2.0,1.1547005383792517,"[6454, 2217, 2355]","[0.0, 2.0, 2.0]"
26274,They now belong to Islamic Caliphate. No longer Indian. They are not welcome any more. They should live and die for Caliphs.,medium_disagreement,4,0.8112781244591328,0.25,0.25,0.0,0.5,"[840, 5873, 2691, 2824]","[0.0, 0.0, 1.0, 0.0]"
15770,"God told the Jews to ""kill"" other Jews (if they broke a commandment which resulted in death).",medium_disagreement,3,0.9182958340544896,0.33333333333333337,0.3333333333333333,0.0,0.5773502691896258,"[5916, 880, 11128]","[1.0, 0.0, 0.0]"
24292,do y'all know how stupid you look making excuses for a nigga who knows damn well what he doing😂😂 i feel sorry for y'all,medium_disagreement,3,0.9182958340544896,0.33333333333333337,0.6666666666666666,0.0,1.1547005383792517,"[8197, 9445, 9047]","[0.0, 0.0, 2.0]"
10007,"*Roleplay* Great body, stunning face, I'd fuck every hole you have, play with your tits and pass you on a dozens of men for their turn fucking you.",medium_disagreement,3,0.9182958340544896,0.33333333333333337,0.6666666666666666,0.0,1.1547005383792517,"[5660, 6180, 9991]","[0.0, 0.0, 2.0]"
20272,"delete me out this foolishness, nigger",medium_disagreement,3,0.9182958340544896,0.33333333333333337,1.6666666666666667,2.0,0.5773502691896257,"[9476, 10638, 9268]","[2.0, 1.0, 2.0]"
151,Which is the restroom for women with penises?,medium_disagreement,3,0.9182958340544896,0.33333333333333337,0.6666666666666666,1.0,0.5773502691896258,"[3783, 1463, 9189]","[1.0, 0.0, 1.0]"
43559,Is good to see Jennifer Connelly paired up with a white guy again.,medium_disagreement,3,0.9182958340544896,0.33333333333333337,0.3333333333333333,0.0,0.5773502691896258,"[9019, 9058, 5933]","[1.0, 0.0, 0.0]"
19407,"An old pro. Stroking away and varying pace. She's handled so much dick, she may as well have been born with one.",medium_disagreement,3,0.9182958340544896,0.33333333333333337,1.3333333333333333,2.0,1.1547005383792517,"[9687, 4410, 7865]","[2.0, 2.0, 0.0]"
1925,"Is he the baby killing kind of ""Christian?"" I'm not a fan of that type.",medium_disagreement,3,0.9182958340544896,0.33333333333333337,1.3333333333333333,2.0,1.1547005383792517,"[5, 5552, 595]","[2.0, 0.0, 2.0]"
43215,"Islamist, Devil worshipers and Marxists are bent on destroying USA from within. Their common enemy is Jesus and a loving God.",medium_disagreement,3,0.9182958340544896,0.33333333333333337,1.6666666666666667,2.0,0.5773502691896258,"[10216, 7660, 3048]","[2.0, 2.0, 1.0]"
16969,hi all daddies i'm a white inferior trashy sissy i would like to serve ya superior black niggez cock n use n degrade me as sissy slut cum dumpster whore,medium_disagreement,4,0.8112781244591328,0.25,1.75,2.0,0.5,"[1263, 46, 2525, 4881]","[1.0, 2.0, 2.0, 2.0]"
28032,This bitch gave me HELL for moving on 🥴 HELL! Whole time she had somebody else 😭 bitches retarded 🤷🏽‍♂️,medium_disagreement,3,0.9182958340544896,0.33333333333333337,1.3333333333333333,2.0,1.1547005383792517,"[8716, 7933, 3386]","[2.0, 2.0, 0.0]"
35490,"NASTY, FAUX-CHRISTIAN HOLY WILTON OF WASHINGTON, ""THE QUEEN OF THE NILE"": TRUMP'S TYPE OF ""DISCOURSE HAS NO PLACE ON THE LIPS OF THOSE WHO CONFESS CHRIST OR WHO CLAIM TO BE CIVILIZED MEMBERS OF SOCIETY!"" URL URL",medium_disagreement,3,0.9182958340544896,0.33333333333333337,1.3333333333333333,2.0,1.1547005383792517,"[10358, 2735, 10646]","[2.0, 2.0, 0.0]"
38105,@BreitbartNews Yeah obama. You would just love to get your grimy Muslim hands on our guns so you can get your relatives to take the USA over and turn it into a sharia shithole!,medium_disagreement,4,0.8112781244591328,0.25,1.5,2.0,1.0,"[9301, 9475, 4994, 6701]","[2.0, 0.0, 2.0, 2.0]"
45907,Y'all want to make money get some immigrants and build a land scaping business b miles easy money man another one pay them cheap man 7.50 minuim wage fuck them man I'm Hispanic and we do the same man it's money man that talks and if they came here to work well shit I gotta make it to and raise they're pay as I get up they're in the bands 💰 If the system wants to hires these people and pay them for cheap labor well shit people should use them to get money like they do nothing wrong just them having they're own taste of they're own medicine man why can't we profit like these elites do.,medium_disagreement,4,0.8112781244591328,0.25,0.25,0.0,0.5,"[1276, 7089, 772, 499]","[0.0, 0.0, 0.0, 1.0]"
17598,I'd leave you bruised broken and crying. Tie you up and beat you before filling your pussy full of cum.,medium_disagreement,3,0.9182958340544896,0.33333333333333337,1.6666666666666667,2.0,0.5773502691896257,"[7407, 4533, 5709]","[2.0, 1.0, 2.0]"
4102,Bro... She never fucking loved you in the first place. Most women are gold diggers,medium_disagreement,3,0.9182958340544896,0.33333333333333337,0.6666666666666666,0.0,1.1547005383792517,"[3487, 9003, 10310]","[0.0, 0.0, 2.0]"
32983,A lot of you niggas is pussy and ima FUCK YOU,medium_disagreement,3,0.9182958340544896,0.33333333333333337,1.3333333333333333,2.0,1.1547005383792517,"[5660, 6180, 9991]","[2.0, 0.0, 2.0]"
6352,This just proves that Africans are morons,medium_disagreement,4,0.8112781244591328,0.25,0.5,0.0,1.0,"[2797, 985, 2426, 9532]","[0.0, 0.0, 2.0, 0.0]"
23757,You WHORES nut in dumb bitches who only want you for your mixed babies,medium_disagreement,4,0.8112781244591328,0.25,1.5,2.0,1.0,"[1109, 5408, 108, 2953]","[0.0, 2.0, 2.0, 2.0]"
9429,That woman's a stupid fucking cunt. He should've beat her half to death and fully brain dead,medium_disagreement,3,0.9182958340544896,0.33333333333333337,1.3333333333333333,2.0,1.1547005383792517,"[1633, 1981, 5186]","[2.0, 2.0, 0.0]"
20355,"Due to complete inaction regarding immigration reform on the part of Congress, I see the 'plan' is now to ship 1000's of diseased, broke refugees here, there & F'ing everywhere for 5 years while they wait for asylum hearings.  God Damn, what a farce. #ThirdWorld here we come.",medium_disagreement,4,0.8112781244591328,0.25,0.5,0.0,1.0,"[10026, 967, 7507, 10763]","[0.0, 0.0, 0.0, 2.0]"
793,Ur pathetic. Go take a shower u 400 pound bitch. Ur room probably smells like cheese,medium_disagreement,3,0.9182958340544896,0.33333333333333337,1.3333333333333333,2.0,1.1547005383792517,"[4522, 6010, 610]","[2.0, 2.0, 0.0]"
17303,"Disgusting turtle cock I knew it. You probably look like a gross Euro inbred with your receding hairline to top it off . I bet ""mommy"" has to pick out your nasty dick cheese too. You sound like such an entitled prick. If your parents and nation are rich and you still can't get it together you are truly a pussy boy.",medium_disagreement,4,0.8112781244591328,0.25,1.5,2.0,1.0,"[596, 332, 3969, 10315]","[0.0, 2.0, 2.0, 2.0]"
2871,Sure thing Bitch the adventureing slut,medium_disagreement,3,0.9182958340544896,0.33333333333333337,0.6666666666666666,0.0,1.1547005383792517,"[6251, 4163, 2307]","[0.0, 0.0, 2.0]"
10478,I'd take her to the nearest corner and force her on her knees and stuff her mouth with this dick until her little mouth is overflowing with my cum,medium_disagreement,3,0.9182958340544896,0.33333333333333337,0.6666666666666666,0.0,1.1547005383792517,"[5763, 2311, 7602]","[0.0, 0.0, 2.0]"
5526,Of course you n@ggers are fucking jacking each other off over this. Spewing loads all over each other. Fucking n@ggers,medium_disagreement,3,0.9182958340544896,0.33333333333333337,1.3333333333333333,2.0,1.1547005383792517,"[10834, 7263, 9770]","[0.0, 2.0, 2.0]"
34010,"#rodsuskin ""he he he he kill your work sincerely thats all we care about, you will not persist in a jew world, we will come & rape & kill your mother, does this sound semite enough for U, come post us raped by Palestinians, he he he""",medium_disagreement,4,0.8112781244591328,0.25,1.5,2.0,1.0,"[1564, 2016, 3085, 4914]","[2.0, 0.0, 2.0, 2.0]"
3516,They're gay for banning Pete,medium_disagreement,4,0.8112781244591328,0.25,1.5,2.0,1.0,"[9558, 671, 8460, 10046]","[0.0, 2.0, 2.0, 2.0]"
2874,ooga booga send the immigrants back to africa,medium_disagreement,4,0.8112781244591328,0.25,1.75,2.0,0.5,"[10422, 8716, 7933, 3386]","[2.0, 2.0, 1.0, 2.0]"
20933,"If you could fuck my bitch, Keep her.",medium_disagreement,3,0.9182958340544896,0.33333333333333337,0.6666666666666666,0.0,1.1547005383792517,"[554, 3571, 6686]","[0.0, 2.0, 0.0]"
46574,Your both fags asswipes,medium_disagreement,4,0.8112781244591328,0.25,1.5,2.0,1.0,"[7873, 10396, 4778, 5708]","[2.0, 2.0, 2.0, 0.0]"
1191,"I'm all for equality. So fuck black people. And fuck hispanic people. And fuck muslims too. And asians. And indians. And jews for that matter, fuck them. And fuck this fat fuck in particular.",medium_disagreement,3,0.9182958340544896,0.33333333333333337,1.6666666666666667,2.0,0.5773502691896258,"[3934, 1485, 7504]","[2.0, 2.0, 1.0]"
6801,I grew up literally living in all parts of India. I am not generalizing. I don't shit on streets and I believe you don't too but being called street shitter is rather better than dumb folded lying no use patriotic piece of shit.,medium_disagreement,3,0.9182958340544896,0.33333333333333337,1.3333333333333333,2.0,1.1547005383792517,"[100, 7499, 7917]","[2.0, 0.0, 2.0]"
16339,This is really really weird to read. I mean... yes women shouldn't fuck pieces of shit?  But the follow up rationale here is really bizarre. Is he implying that men are just expendable cattle who should be mostly incel? And then get picked by women or sent to the trenches of the somme or something?,medium_disagreement,3,0.9182958340544896,0.33333333333333337,0.6666666666666666,0.0,1.1547005383792517,"[5260, 6063, 5890]","[0.0, 2.0, 0.0]"
44532,Don't blame dhoni..he is not the captain.and he is better than that captain who scored 1 for the country in worldcup..he will next be seen in a tea cup add.go and bought it brainless worthless to be indians,medium_disagreement,3,0.9182958340544896,0.33333333333333337,1.3333333333333333,2.0,1.1547005383792517,"[1529, 6731, 4694]","[2.0, 0.0, 2.0]"
20721,"This cum starved fªggot was hungry for cock, so naturally I let it beg and earn a nice deep Alpha throat fuck. The boy... See this and more at: URL URL",medium_disagreement,3,0.9182958340544896,0.33333333333333337,1.3333333333333333,2.0,1.1547005383792517,"[2825, 2592, 5082]","[2.0, 0.0, 2.0]"
32622,@NihaMasih When you have jihadis writing for wa po. Even Americans are dumping them. This chic is product of inbreds. And there you go wa po. You guys are also must be inbred,medium_disagreement,3,0.9182958340544896,0.33333333333333337,1.3333333333333333,2.0,1.1547005383792517,"[1450, 4282, 3832]","[2.0, 0.0, 2.0]"
48046,WHITE SUPREMACIST BUT HATES WHITE MILK LOL,medium_disagreement,3,0.9182958340544896,0.33333333333333337,0.6666666666666666,1.0,0.5773502691896258,"[5438, 3021, 2513]","[1.0, 0.0, 1.0]"
15475,"She's right. It's time for equality. It's time for women to date 5ft 3, small penis, balding, ugly, smelly guys to equalise the playing field.",medium_disagreement,4,0.8112781244591328,0.25,0.25,0.0,0.5,"[10696, 11010, 6121, 9369]","[0.0, 1.0, 0.0, 0.0]"
12534,Nice tits whore but show your holes next time,medium_disagreement,3,0.9182958340544896,0.33333333333333337,1.3333333333333333,2.0,1.1547005383792517,"[9991, 5971, 4805]","[2.0, 0.0, 2.0]"
21640,@cuntgIomerate Get ur faggot ass off my shit,medium_disagreement,3,0.9182958340544896,0.33333333333333337,0.6666666666666666,0.0,1.1547005383792517,"[10834, 7263, 8151]","[0.0, 2.0, 0.0]"
6661,"For people saying InDiAnS sHiT oN sTrEeTs, pls don't worry about us. 94% of the people have access to toilets but what can we do ? There is no toilet in the world to flush out shit like you.",medium_disagreement,4,0.8112781244591328,0.25,0.5,0.0,1.0,"[8534, 10670, 10166, 11009]","[0.0, 2.0, 0.0, 0.0]"
43896,"We just need to pull an Afghanistan on those cocksuckers, only this time, make em the next star on our flag...Kill any piece of shit that has anything to do with the cartels for ANY reason regardless, and start the fuck over....That worthless goddamned piece of shit country deserves to be wiped off the map....",medium_disagreement,3,0.9182958340544896,0.33333333333333337,1.6666666666666667,2.0,0.5773502691896258,"[8601, 5058, 10602]","[2.0, 2.0, 1.0]"
45273,If these was done on a woman the network might have been shut done. Gender equality at its finest.,medium_disagreement,3,0.9182958340544896,0.33333333333333337,0.3333333333333333,0.0,0.5773502691896258,"[8732, 1894, 3801]","[0.0, 0.0, 1.0]"
10054,Fuck this guy and his religion of cruelty,medium_disagreement,3,0.9182958340544896,0.33333333333333337,0.6666666666666666,0.0,1.1547005383792517,"[2909, 8745, 5381]","[0.0, 2.0, 0.0]"
12056,I know they're genderswapped but I didn't expect fem squadra to be cute,medium_disagreement,4,0.8112781244591328,0.25,0.25,0.0,0.5,"[1586, 4061, 2084, 6302]","[0.0, 0.0, 0.0, 1.0]"
38095,"@KimKSidePiece @90sMariah @bombpozole Just making sure we're on the same page, as an African i would prefer dont water down our culture like that.",medium_disagreement,3,0.9182958340544896,0.33333333333333337,0.6666666666666666,0.0,1.1547005383792517,"[4038, 6616, 10907]","[0.0, 2.0, 0.0]"
30876,"A re "" homosexuality is a disease"" 💀💀 yes, we will never let this go URL",medium_disagreement,4,0.8112781244591328,0.25,0.25,0.0,0.5,"[8394, 7861, 1977, 858]","[1.0, 0.0, 0.0, 0.0]"
47192,Whites are constantly demonized and are told to feel guilty and that we are privileged by other races.  Looks like the other side don't like it when tables are turned.,medium_disagreement,4,0.8112781244591328,0.25,0.5,0.0,1.0,"[1945, 3855, 7471, 4390]","[0.0, 0.0, 2.0, 0.0]"
19952,Mean words are terrorism you fucking mongoloid,medium_disagreement,3,0.9182958340544896,0.33333333333333337,1.6666666666666667,2.0,0.5773502691896257,"[3503, 11043, 4220]","[1.0, 2.0, 2.0]"
16528,Crossdressering and getting fucked in the ass with a strapon,medium_disagreement,3,0.9182958340544896,0.33333333333333337,1.6666666666666667,2.0,0.5773502691896257,"[10811, 10667, 6986]","[1.0, 2.0, 2.0]"
17083,40% of trannies,medium_disagreement,3,0.9182958340544896,0.33333333333333337,1.3333333333333333,2.0,1.1547005383792517,"[6336, 9140, 3775]","[0.0, 2.0, 2.0]"
26337,Bitches be so retarded,medium_disagreement,3,0.9182958340544896,0.33333333333333337,1.6666666666666667,2.0,0.5773502691896257,"[5633, 7249, 10248]","[1.0, 2.0, 2.0]"
28322,A couple of white wives having a fun time with a gang of bulls #HotWife #Cuckold #Cuck #QueenOfSpades #SlutWife #Qos #XXX #CuckoldGoals #BlackBull #SnowBunny #Interracial #Hotel #Gangbang #Orgy #HubbyRecording #BigBlackCock URL,medium_disagreement,5,0.9709505944546686,0.4,0.8,0.0,1.0954451150103321,"[4144, 3898, 2990, 3104, 5541]","[0.0, 0.0, 2.0, 2.0, 0.0]"
3159,"Oh my fucking God. You have a pussy to worship.  To kiss, nibble, lick, suck and fuck",medium_disagreement,4,0.8112781244591328,0.25,0.5,0.0,1.0,"[6282, 9580, 4959, 10409]","[0.0, 0.0, 0.0, 2.0]"
24045,"Surely! Something going better in every aspect for Pakistan..... Well played guyz, Alwayz kill the waves 👏👏",medium_disagreement,3,0.9182958340544896,0.33333333333333337,0.3333333333333333,0.0,0.5773502691896258,"[5797, 2131, 3058]","[0.0, 0.0, 1.0]"
24095,@manlikexshaq @nureenshdi the action of a woman does not mean that you all can continue to treat all women as sexual objects,medium_disagreement,3,0.9182958340544896,0.33333333333333337,0.3333333333333333,0.0,0.5773502691896258,"[9143, 7599, 8592]","[0.0, 1.0, 0.0]"
14953,"I'd fit your entire girl dick down my throat,",medium_disagreement,3,0.9182958340544896,0.33333333333333337,1.3333333333333333,2.0,1.1547005383792517,"[9080, 8668, 1553]","[2.0, 0.0, 2.0]"
28119,"@MagaAngeles @lsarsour Sarsour is a hypocrite since she promotes herself as a leader of the feminist movement yet is a proponent of the barbaric Muslim tradition of Female Genital Mutilation, which renders women unable to enjoy sex. URL",medium_disagreement,3,0.9182958340544896,0.33333333333333337,1.3333333333333333,2.0,1.1547005383792517,"[9721, 4616, 5977]","[0.0, 2.0, 2.0]"
22482,@wyatthunter39 me Ima faggot,medium_disagreement,4,0.8112781244591328,0.25,1.5,2.0,1.0,"[8178, 4637, 9896, 9231]","[0.0, 2.0, 2.0, 2.0]"
15998,We're talking about stupid Americans.,medium_disagreement,3,0.9182958340544896,0.33333333333333337,0.3333333333333333,0.0,0.5773502691896258,"[10437, 9930, 1944]","[1.0, 0.0, 0.0]"
1509,Ugh these faggots,medium_disagreement,4,0.8112781244591328,0.25,1.5,2.0,1.0,"[3820, 6042, 3218, 3088]","[0.0, 2.0, 2.0, 2.0]"
37653,"Pakistan should nuke india, even if they nuke us in return. We are ready to die but annihilate india too. The future world will thank us for ridding the world of this ugly hindu rat infestation.  #KashmirParFinalFight",medium_disagreement,4,0.8112781244591328,0.25,0.25,0.0,0.5,"[5650, 2269, 275, 7242]","[0.0, 0.0, 1.0, 0.0]"
11793,"*""Yes, in the name of allah, I have direct orders from the mullahs and (((javad zarif))) to determine your coordinates. hurry up and tell me sand nigga""* You're the sand nigger, not me. Islam is an equity seeking ideology. Only people on the low end of the ethnic, class, and racial totem pole want equity to make up for their feeble traits. A true nobleman would espouse aristocracy (from Aristos, Aryan, i.e. noble) as an ideal society. You are your stupid religion of peace.",medium_disagreement,4,0.8112781244591328,0.25,1.75,2.0,0.5,"[10332, 6528, 8701, 8783]","[2.0, 2.0, 2.0, 1.0]"
125,Proof positive that women are worse than men: they suck at rapping. /s,medium_disagreement,4,0.8112781244591328,0.25,0.5,0.0,1.0,"[7, 2542, 9780, 2522]","[0.0, 0.0, 0.0, 2.0]"
40592,A country can't function when there are millions of invaders sitting in its heartland while traitors try to rip it apart. Just start the civil war already and get this done with.,medium_disagreement,3,0.9182958340544896,0.33333333333333337,1.3333333333333333,2.0,1.1547005383792517,"[41, 3282, 9873]","[2.0, 0.0, 2.0]"
38743,Get a load of this fag,medium_disagreement,3,0.9182958340544896,0.33333333333333337,1.3333333333333333,2.0,1.1547005383792517,"[10651, 2575, 2051]","[2.0, 2.0, 0.0]"
1770,Hahahahaha get exposed you autistic degenerate,medium_disagreement,3,0.9182958340544896,0.33333333333333337,0.6666666666666666,0.0,1.1547005383792517,"[2068, 9130, 4661]","[0.0, 0.0, 2.0]"
47385,How can 6.4K people not see the real nigga shit put into this video?🤦🏽‍♀️,medium_disagreement,3,0.9182958340544896,0.33333333333333337,1.6666666666666667,2.0,0.5773502691896258,"[3358, 4038, 6616]","[2.0, 2.0, 1.0]"
24937,I literally need to stop fuckin w dudes that don't give a single fuck about me.,medium_disagreement,3,0.9182958340544896,0.33333333333333337,0.3333333333333333,0.0,0.5773502691896258,"[10059, 7825, 1191]","[0.0, 1.0, 0.0]"
8897,"Thats based on a hadith where the guy killed 150 people. Was on his way to ask about allah, died in the desert. Allah decreed for the distance he traveled to the city to ask about forgiveness, if it was half he was forgiven. He then moved the earth to skew the measurement. I believe this was from muhammad himself. Still if the people he killed were pagans or christians or jews, we are the worst of creatures according to the quran and hell will be our dwelling.",medium_disagreement,3,0.9182958340544896,0.33333333333333337,0.3333333333333333,0.0,0.5773502691896258,"[9163, 259, 4466]","[0.0, 1.0, 0.0]"
10247,"So here's the Nazi still ranting at ""impassioned hold the pain harold"" as of a half hour ago:  URL ""because I don't care. I would rather protect the nations that whites created from being flooded by 3rd worlders being corrupted by jews. Words mean nothing to me""",medium_disagreement,3,0.9182958340544896,0.33333333333333337,1.3333333333333333,2.0,1.1547005383792517,"[5722, 10724, 7725]","[0.0, 2.0, 2.0]"
47819,Why Mulan gotta beAsian. Why cant she be black?.,medium_disagreement,4,0.8112781244591328,0.25,0.25,0.0,0.5,"[791, 10675, 6524, 9013]","[1.0, 0.0, 0.0, 0.0]"
43518,I hope that hatefull greedy bich chokes on her dentures.yesterday,medium_disagreement,3,0.9182958340544896,0.33333333333333337,1.3333333333333333,2.0,1.1547005383792517,"[6118, 1466, 8348]","[2.0, 0.0, 2.0]"
26839,@GreatGameIndia You're telling the world that indians are foolish and fucking retard nation You guys are morons you cant understand that if we involved politics and defense forces in this game then it will be disaster for this game Don't destroy sports,medium_disagreement,3,0.9182958340544896,0.33333333333333337,1.3333333333333333,2.0,1.1547005383792517,"[8668, 1553, 5445]","[2.0, 2.0, 0.0]"
37203,"You say fuck 12 then slide some white supremacist cops peen in ur mouth, like a good blk feminist. Stfu",medium_disagreement,3,0.9182958340544896,0.33333333333333337,1.3333333333333333,2.0,1.1547005383792517,"[9350, 6763, 10365]","[0.0, 2.0, 2.0]"
43627,"The migrants need to stay away from thr border, so meh. My issue is: Who wants to bang AOC? Those are the people who are sick, watch them. Today it's AOC, tomorrow it's the pony giving rides at the petting zoo",medium_disagreement,3,0.9182958340544896,0.33333333333333337,1.6666666666666667,2.0,0.5773502691896258,"[8750, 3439, 5494]","[2.0, 2.0, 1.0]"
2041,she looks like a zombie who gives cancer! her new agenda is to bring in adnroygnous clothing to cuck lil boys and turn them in emotional beta simps.,medium_disagreement,4,0.8112781244591328,0.25,1.75,2.0,0.5,"[7936, 5782, 6434, 4049]","[2.0, 2.0, 1.0, 2.0]"
22181,I will suck on yo clitoris and finger you at the same time eat yo pussy from the back let you ride my face till you cum and go home and post my bitch 🤷🏽‍♂️💯😭,medium_disagreement,3,0.9182958340544896,0.33333333333333337,0.6666666666666666,0.0,1.1547005383792517,"[3025, 6766, 2626]","[0.0, 2.0, 0.0]"
43858,"Keep fucking with ppl older than you and you're gonna have some adult problems at a young age. And to that inbred yelling like a psychopath, you'll get your, bitch! Trust me, what goes around, comes around.",medium_disagreement,3,0.9182958340544896,0.33333333333333337,0.6666666666666666,0.0,1.1547005383792517,"[1073, 480, 7897]","[0.0, 0.0, 2.0]"
9301,"If white genocide means this guy won't exist, sign me up. Signed, a White guy",medium_disagreement,3,0.9182958340544896,0.33333333333333337,0.6666666666666666,0.0,1.1547005383792517,"[6082, 2148, 5988]","[2.0, 0.0, 0.0]"
