query_id,text
5521466_gab,in sweden immigrants trying to live normal lives are demanding that criminal immigrants be deported they want families of immigrants to be deported it is not clear what that means they think they are under attack from criminals in some of the no go zones and want more police
5824375_gab,all people engage in stereotyping bc that how humans survive anyone who claims that assuming blacks are thugs bc of how they dress in the ghetto is a retard bc they dress that way literally to convince others they are thugs so they will not be attacked by other thugs
9831315_gab,pls call this coon out for the of impoverished blks living on he brink while he and his clowngressional bleak carcass cbc use every avenue to distract from their cowardly performances
1121959412778897409_twitter,niggas ah pay dollar just to stand beside her
1178707335973343233_twitter,<user> <user> <user> tour guide and here you will see true caucasians just being white
1179100863664545792_twitter,<user> and you are proving your ignorance more and more like i said i am done arguing with a ass scratching finger sniffing redneck do a little research and then we will talk
1094042528024850433_twitter,<user> lying atheistic communist jews are hurting the image of my people shanda
1179074380720201729_twitter,i stole a parking spot from a white boy this morning happy october 🧡 🍂 ✨
11542146_gab,this is the general attitude of all ghetto apes
1179096372479320064_twitter,<user> <user> <user> no one wants to leave one homeland and go somewhere because they were forced thats why they had to leave their home land and roam like refugee
1118252411414564864_twitter,mice are sexily jewish and i grow increasingly aroused thinking about rikki tikki tavi bitch
13567007_gab,i have offered quite a few constructive and gentle criticisms of her kike face and it modern art paint shellacking 😬 buffalo bill was not very appreciative
1087858194519601152_twitter,now stephanie liking this nigga shit 😔 he getting mad bitches tonight
1179059616677814273_twitter,these fucking faggots be outta line son -.- every year these mf get more comfortable and comfortable in disrespecting straight man like i will not slap the shit out of mf disrespecting me 😑 and best believe im out too dumb ass mf
9045150_gab,why the surprise he is protecting is fellow mudslimes
5241413_gab,retarded honky nigger faggot cunt bitch am i going to be banned for <number> hours oh this is not twitter
22877517_gab,islam see to be only doing aweful things no wonder we do not want to do with that even a few good peeps are among them i doubt the ideoligy of the islam is good for peeps more bad for humans
1178641566602158080_twitter,<user> it is very fair established accustaion kashmiri muslims has forced to vacate pandits masaacred pandits raped their girls nd women kashmiri muslims r sole culprit of this
21627337_gab,no bro this is ooga booga yikes this mongrel looks like a predator alien fucked a nigger that fucked whoopi goldberg that fucked one of those little monkey critters on star wars
1179030824668352512_twitter,<user> announced clerks <number> i am excited you need an extra on set someone to make sure porch monkey was taken back i am willing to come work
1179104610461585415_twitter,the media frenzy regarding boris allegedly touching a woman thigh <number> years ago yet children are groomed and raped for years without the genuine scunity it deserved the pungent stench of hypocrisy by mps and the media makes you wanna throw up
19930942_gab,priceless intro to gab i will follow just because you said shithole country lmfao welcome to gab home of the anti semites also home of the muslime and nigger haters <happy>
1178741653026291713_twitter,need them white malteser truffles in my life
18481914_gab,and the author is a ratfaced kike faggot absolutely shocking
1105741490423242752_twitter,son of a bitch the keyboard and purifier i bought sunday night got delivered yesterday to my parents house fuckers
1187406485128695809_twitter,thought she was a pretty rickey bitch but she like yo gotti
24758229_gab,does it refer to the real jews comparing them to those who call themselves jews today is comparing apples to oranges
1179037519167422466_twitter,<user> <user> but ethnic cleansing of hindus has actually happened in pakistan hindus who wr <percent> in west pak in <number> hv been reduced to <percent> thru killings n conversions hypocrite werleman never cared to question terroristan coz he thinks like a jihadi
1178287461560127489_twitter,u niggers r coonin for that kanye shit
1145140813707583489_twitter,only in america are legal citizens labeled racists and nazi but illegal aliens are called dreamers
13927228_gab,no kike should ever feel at home or welcome on this site
1178822496205889538_twitter,u can rent a hoe but u can not buy a bitch
20337799_gab,shaved headed bitch creep the left could not have found someone cute they had to go with a dyke
22312249_gab,who cares what is popular what are you <number> kikes want you and your children dead this is well known but i bet you are still watching nigger ball and hollywood garbage
25636207_gab,i fell for the great white hope rhetoric my bad he better than obama and bush et all idgaf still a slimy politician piece of shit also dgaf about muzzies and kikes i do not want american lives or dollars spent on any of those fucking parasites
1178835957845544960_twitter,when i say i only like seven <number> men i mean i only love seven <number> men bc im fucking gay
11142985_gab,i have always considered that nigger one of the many anti christ saying name of jesus to do the work of the devil
1750303_gab,<user> calling someone a nigger is probably the douchebag equivalent of a down vote in the real world if you can not handle the downvotes maybe you should not use the word do not be afraid to speak freely when other people will not like it i am like <number> something
1183859219595874305_twitter,you ’ re ghetto stfu 😂
1178810964390502402_twitter,so apparently poeople dont like it when you say you want to kill yourself itd true though
3478943_gab,<user> in <number> yrs compassion to muslims has never worked the ungrateful refugees and terrorist prove it still has not changed but it would not be islam if it did
20477640_gab,i know and work with many indians and sikhs almost all are hard working polite honourable people who don t like blacks jews queers or liberals
10871342_gab,the retarded fighting the retarded
5613562_gab,so let me get this straight last year activists made a big stink about no blacks at the oscars and this year an all black cast with a black director won best picture you want me to believe this was based on talent maybe do not make a stink
1179104396673716225_twitter,imma real big ol slut for spooky season
22421440_gab,if i hear the phrase white privilege one more time i am going to opt to come back in my next life as a black hispanic latino illegal muslim jewish faggot feminist queer gay lesbian dike transgender piece of shit in other words everything i have not been in this life
18418884_gab,it been nearly three weeks since a man described as a somali immigrant attacked evenson while she was walking home from work in uptown minneapolis slashing and stabbing her relentlessly while trying to drag her off of a public street
25212997_gab,go be a nigger somewhere else
1179087220613029889_twitter,saying you hate all white people men straights is not funny or quirky oh my god
5644239_gab,why are good conservative white tan men so hot 😍 speakfreely
22398621_gab,skinhead dyke cunt
324N5FAHSXCKZ5OS68BGDFK3SBPKV0_nf_3,we have been much better than brugge we have had more chances and we have controlled the game the two chances they had they scored cuz courtois is a fucking bum
1179095488282279937_twitter,<user> na actually buddhist christian sikh jain and hindu all were refugees and were allowed by indian government so they are living here legally but bangladeshi illegal immigrants are not so that why he cleared the air that all those refugess will not be asked to leave
1178741533161525249_twitter,a nigga got super drunk and walked home not drinkin till vegas lol
1179105500018823169_twitter,white police getting charged with murder and niggas is dancing with lions i am baffled
1209247794755776514_twitter,fuck all you gay bitches that are gonna buy the codename elf bundle kys niggers
20869024_gab,the shitlibs are clinging to a grain of truth when they bitch about corporate speech it just turns out that all the corporations promote degeneracy leftism anti whiteness etc etc too bad they can not make the connections
15236599_gab,one day a nigger will blow your brains out
1178518008366604291_twitter,sometimes i purposely type with shitty english to make grammar nazi ’ triggered
24656359_gab,you are a nobody kike faggot delta male emo bitch who gives a fuck enough about you to even try no one fucking twat
1179035770763403266_twitter,they all look good in mugler with their yeezy heels on no cappity
23974948_gab,lol finally one nigglet out of millions learned how to use white people invention
19799018_gab,eat me it a ritual created by the jews to bring their sons closer to god the rabbi literally sucks the bleeding dick fuck off with your pagan rituals
14500990_gab,of course because steve jobs was a gay faggit kike himself
1179094957690408965_twitter,old white people really think they are entitled wow do not doubt the power i have over your exams bitch
1178402978031521793_twitter,<user> <user> babies in cages destroying environment by rolling back regulations siding with white supremacists bad mouthing gold star families shithole countries response to puerto rico that just a few
1179073898903719938_twitter,i do not wanna be a super reacher but something is telling me that lil girl did not lie about them white boys bullying her and cutting her hair i am wondering if the family is doing this cuz they fear for her safety 🤔
1178379130804432896_twitter,thigh high black boots burberry all day bitches
1178834447266914310_twitter,i wanted to follow the dumbest hoe on twitter but it said edit profile smh
15527158_gab,never open your door to a muslim shit skin cop or if you do be prepared to kill the fucking nigger because as has been demonstrated if you call a muslim cop especially after the minnesota muslim got away with murder they know they are above the law
11933625_gab,<user> you are easily the best youtuber out there but you are still a nigger
1179089977436565504_twitter,<user> noice i got the silver one just cuz i am a white hoe and that the closest color i could get to it 😂
25647426_gab,they probably have some muzzie doing that
1179009714409132034_twitter,fucked a white bitch in the ass she shitted call it a mcflurry
1178992034150924289_twitter,does taron keep the troubadour sign unplugged or does he have that bitch lit up to full neon fluorescence <number> <number> that my only question
1085172397152583682_twitter,<user> <user> have you heard steve king comments and retwitting neo nazi bs
26726148_gab,more substance than anything you are ever going to post you disinfo kike
1179014410964213760_twitter,i have this great idea of overcoming white people so we as africans empowering black economy
1179102245696262145_twitter,<date> can not wait to start wearing more and going out less like a slut
1122680380090400768_twitter,winterfell needs captain marvel against these niggas
1179097935436496896_twitter,<user> a fucking hate you
1178064726942781440_twitter,brits be like did you put the faggots in a bin
6030950_gab,sounds like something a moslem would do
11366872_gab,not tame just do not use words like nigger and kike etc disqus lets websites blacklist particular words
1225955964106366976_twitter,<user> <user> stfu you retarded scumbag did you really verify the news or you spreading false information
18815358_gab,there is nothing a woman desires more than being brought to heel if white westerners will not do it then they will defect to the muzzrat savages who will it as simple as that
18481911_gab,lol you keep typing fuxc you dumb cunt you paki trash are way too dumb to even fix your auto correct
10750547_gab,adl kikes team with jewoogle and all right wing sites get attacked or shut down this will not stop us it will only make us stronger and bring more attention to you kike terrorist free dailystormer
6453946_gab,the reason jews shitlibs faggots hate attack christians while defending muslims is because they know the christians will never fight back while the sand niggers will throw their skinny jeaned asses off roofs cut their fucking knit capped heads off
16487965_gab,that the founders owned slaves mostly negro is a historical fact not a liberal confabulation liberals have a pretty accurate view of american history it their moral response that is the problem
7884653_gab,also asians get more of a pass cause they are seen as less threatening cause they are good at math and have small umm hands
1182956991293071360_twitter,<user> ho jay gay
1146008465581547521_twitter,<user> <user> hahaha dumb bitch blocked me
23366947_gab,these faggots and dykes need to stop pushing their perversions in our and our children faces it is all part of their diseased agenda to groom and indoctrinate more kids into their disgusting lifestyle it is not about teaching tolerance its about making more faggots and dykes
22807536_gab,ahed tamimi is whiter than all the kike rats in israel free ahed tamimi gas the jews
1126646488761806848_twitter,niggas been debating quilly and meek since <number> lol
1217208944436940800_twitter,<user> <user> illegal immigrants aren ’ t americans
1179098055020171265_twitter,<user> just listened to your episode <number> job haunting cannot believe you refer to living human beings as illegal aliens or even aliens you have lost a listener and got a low rating btw you should read up on the atrocities border patrol agents do to children and families
1179103472685330432_twitter,<user> <user> r u kidding it be all over the news lol media hawks would jump on it quick and make it front page where they d be sure to mention at least <number> times how many jews suffered n died in the holocaust 🙄
1178309101425610757_twitter,i will take the rise body pillow in exchange go to hell u fuckin faggot
1098349742675898368_twitter,<user> what about us white arabs
16308654_gab,hey nocoiner pedophile faggots
23153961_gab,christianity turned whites into lugubrious losers that why even white kids prefer nigger music because niggers do not sound beaten down white christians always do
1165409508157341696_twitter,not a grammar nazi but
1179087197733081088_twitter,i am holding my celebration until after she get her numbers i know how them white ppl play guilty do not mean shit if they gone give her county time
1081685508626022400_twitter,a lot of white men from texas are currently offering unsolicited coaching advice to their significant others colts texans
1179016717604937728_twitter,<user> one day terrorist modi will be abducted killed and raped by his own terrorist organization rss
1177586147276578817_twitter,<user> normani and bts they hate you
1179089382277570562_twitter,a bitch needs a hair cut tattoo and vacation
1179039985175060486_twitter,ima bitch i will admit it
20741822_gab,look where iq has gotten us our countries are flooded with brown inbred retards nah i d rather be a nigger at this point
17402205_gab,you mean the conservative saint ronald reagan gave amnesty to a million mexicans another chink in his armor
1179028587485241344_twitter,it inappropriate to tell someone you are going to skull fuck them because you are angry i will skull fuck you too if you all keep up this nonsense 😂
1178733596183388160_twitter,lrt im not one for excessive violence but fuck if that scene did not get my dick so hard when i first saw it
19582499_gab,<number> years later that kikess still has not been gassed wtf
1178412599169486849_twitter,<user> <user> <user> i own a biz in a black neighborhood and my husband is white answer me this why in the hell does it matter 🤷 🏽 ‍ ♀️ also what have the dems done for any impoverished neighborhood i will wait 🤔
1178554750809362432_twitter,charwe in full nehanda charwe nyakasikana born <number> — died <date> one of the major spiritual leaders of african resistance to white rule during the late 1 9 th century in what is now zimbabwe
18676042_gab,the reason god made women for easily manipulated is so everybody could get laid
18915190_gab,jesus christ man look at the size of your forehead are you smuggling illegal immigrants into the country in that thing
1178647995816071170_twitter,quick question i am five years here in the republic like am i not yet good enough to just be a culchie sure redneck feels way too close to hillbilly the hills of ulster plus king billy wm of orange recalls evil james mitchell and john weir types please 🙏 ❤️
1178457629754118144_twitter,<user> im supposed to be worried about men instead thats that lgbtq bullshit why black women want all black men to be raging gay faggots no im interested in woman
12075675_gab,so do alt lite jew and nigger loving faggots
1207166286335217665_twitter,my sex drive retarded i wanna be nasty <number> <number> 😂 😫
16024094_gab,realy bama dude speak russian wtf are you retard that not right at all
1178273282610667522_twitter,let me go and watch power because you niggers have no respect
1081320994244055040_twitter,that hoe only got time for his friends
19747235_gab,any site run by kikes is just anti white kike bullshit
27027259_gab,yah gots to stop da violence
1178061567276896256_twitter,<user> <user> sikhs get called towel head by racists all the time to have someone from a sikh family do the same is ridiculous
17227689_gab,spoken like a kike <user>
1179041825056870400_twitter,you gotta be bold as shit to be on social media when you have not texted me back bitch i hate you 💀
13466331_gab,other than questioning that islam is not peaceful and that queers are not born that way
2372101_gab,cuckservative media calls trump a liberal liberal kike media calls him far right tired of these deceitful cocksuckers
27026482_gab,yeah ok thai fuck shack faggot google totally did not seize the fucking domain when weev transferred it to them ask him faggot
8739790_gab,i should write a comic book about a white superhero who takes a woodchipper to a ghetto hospital an throws all the newborn niglets into it 😹 😹 😹
1178883925533310978_twitter,<user> im a slut and hoe
27211797_gab,another typical nigger
8071344_gab,why are people surprised by the dimwitted response of some air headed mudshark
1263277749327855616_twitter,<user> <user> another group of feminazis released in to society yikes
1083168216095051776_twitter,sick of niggas acting like bitches dawg
7578858_gab,serious question does this kike not understand he is rich follow up what exactly does he imagine rich to be if not him
11368611_gab,two gay guys living together and pooling their resources you know have more resources also before everygaycouple started adopting non verbal special needs niglet boys none cared about the quality of schools the only gays i know that adopted a girl other than on modern family adopted a niece
1179088192701681672_twitter,i am praying that this world really see the mindset of this what would people call her it not one healthy human being does this white everything is white so as she loses as all these diverse nationalities it all once again a scam racially and anti gay
1179093059361017859_twitter,<user> <user> thank you white person for telling me that i should not get upset about people making excuses for why a black man was murdered bless your heart
7179173_gab,just do not say nigger
22595106_gab,only when i am in the ghetto
20529027_gab,kill nigger like love
1117054098774339584_twitter,stay in your lane aint no traffic in your lane stop trying to be in other niggas lanes
14855841_gab,lol i know about disproportionate black on black crime the reason i act dismissive with yall because you have no intentions of having a dialouge all yall do is just say nigger <number> times a post and bitch and whine uneducated faggotry from you all mouths
1179082218809024512_twitter,dreading working with that white bitch tonight 🙄 gotta get higher than normal
14316860_gab,oo i had no idea it could get even better yes please start talking about this you crazy anti america nigger mother fucks
1276116874598678528_twitter,<user> this isnt a mosque a simple islamic architecture palace
16275795_gab,reminds me of the salem witch hunts back in the <number> bunch of hysterical women did that too
1082113977751166977_twitter,that niggah do not do nothing but make you cry girl you dating a onion
1179048968396787716_twitter,sad how we teach girls how to not get raped do not walk at night carry pepper spray do not trust strangers instead of teaching boys how not to rape respect women and understand concent gender forum
1178804781130887170_twitter,white gay men mad they can not say dyke bc they do not have faggot to themselves lmao
15217159_gab,the royals deserve no respect after the rothschilds took over the british empire after the french revolution but now they are absolutely beyond redemption with letting one of them marry a half nigger half jew every royal should be exterminated for this kill everyone related to them by blood too
1179103152479637504_twitter,never drum on the white lady boobies at the big ole redneck dance got it
1207661032220581888_twitter,a white dress and red lipstick make everything better
1078328752613003269_twitter,<user> you say yiddish speaking immigrants in the 1 9 th century they hear globalist diaspora self hating jews
1206439074879414272_twitter,<user> <user> there is a reason some states are majority retard and if given the choice they would build farms or malls over them
16825506_gab,we can either all gang up on the kike or the kike can get everyone to gang up on us
1179065805121544192_twitter,juri was very passionate about things that mattered to her as she vehemently objected to kaien plan to kill all vampires declaring that not all vampires were bad and physically opposed him
1124388854319013888_twitter,women women women
20293120_gab,deport all non whiets revoke citizenship protip jews arent white
10339935_gab,not long ago giving children dreadful made up trashy misspelled firstnames was strictly a black thing e g antwoine shaquonda monikwa ta queesha daetrell ad nauseam now stupid white women are into it too i am seeing white kids given comical names like alecksus kaylleigh kaitlun
1179094068741201922_twitter,<user> <user> <user> <user> <user> <user> <user> <user> continued our dm are open and thank you for putting up with us a fan community should be welcoming and free of harassment stealing etc but sadly sometimes that is not always the case
10023158_gab,what kind of retard would put mooslem women and honor in the same sentence and anyone can see where their head is at by using the word keep women hell i do not even keep my cat and no westerner ever forced plastic surgery on me a fucking islam apologist wrote that shit
1178667780809338880_twitter,<user> would be nice if he recognised the plight of white farmers in south africa
13537537_gab,i am thinking of a new old social system <number> only women can own land <number> man job is to maintain and improve the land <number> only men have political power <number> niggers obey or leave <number> jews will volunteer for the ovens <number> fill in the blanks
1249038455902031873_twitter,<user> i just saw your ghetto gaggers video why did you change your name from harmony rose 😔
18229892_gab,mysterium tremens why do new yorkers continue to support insane kike djuggie schooma
22777982_gab,as benjamin schwarz has pointed out in fact britain today receives more immigrants in a single year than it did in the entire period from <number> to <number>
18195956_gab,kick all illegal immigrants out they do not belong here they have no business being here we owe them nothing
1085130085009711104_twitter,excited for dam with bitches
18852504_gab,sorry patience has worn thin at this point if any of these kike lovers even mentions isreal i mute them i do not want my screen getting infected with degeneracy
1092249190418198528_twitter,me too me too me too 😂 which one am i ☠️ big dick energy 🐹 big cute energy 👙 big bitch energy ❣️ big heart energy
3492903_gab,i hope obama and his corrupt cia get caught trying cut the power to our grid i d love to see that muslim goatf*cker <censored> in cuffs and a jumpsuit falseflag obama
1179093145319084032_twitter,<user> <user> the mistake was that the dinosaurs did not kill all humans
18377209_gab,rt realdonaldtrump great to see how hard republicans are fighting for our military and safety at the border the dems just want illegal immigrants to pour into our nation unchecked if stalemate continues republicans should go to <number> nuclear option and vote on real long term budget no c.r.
13075034_gab,jim daughty at the croton gazette is a nigger lover dickens sneezed a lot
1178450704509394945_twitter,update shes in the hospital for atleast <number> days <sad> sick puppy
6275765_gab,he said with a mouthful of nigger jew dick
3581881_gab,<user> jews have their own country they should stop meddling and trying to flood our nations with immigrants
1179094410312785920_twitter,<user> <user> <user> to what the israeli government does they are so wrong and even gal has spoken up against netanyahu anti arab racism but even poc could uphold white supremacy while still being targeted by white supremacists many non white latinx jews arabs etc can uphold white supremacy
1179082549617930240_twitter,<user> <user> what an idiotic comment white people are not using these asians to sue harvard the asians are suing on their own initiative hypocrite hari also known as the neckless one is trying to insidiously scapegoat white people in his anti white bigotry
23637308_gab,monday kike nigga kike tuesday nigga kike nigga wednesday kike nigga kike thursday nigga kike nigga friday kike nigga kike saturday nigga kike nigga sunday kike nigga kike repeat yawn
1178674168956633089_twitter,im here queer muslim and tired
1179020387075706880_twitter,<user> <user> are they considered refugees if they broke the law before the storm not trolling genuinely curious about when the refugee status is applied
1179085005030645760_twitter,ben platt and david corenswet called me their bitch
1179086669280157696_twitter,<user> <user> maybe so and i agree it sad but why would a black girl falsely accuse white boys of assaulting her if she had not been taught to blame whites
1179057119401672704_twitter,<user> fellas is it gay
16896639_gab,welcome to america home the degenerate globalist scum who pride themselves on brainwashing and manipulating other people children in the hopes of eventually creating a mindless ghetto of exquisite slave perfection
1178895379011555329_twitter,<user> did their glorious captain provide them white dresses or where they supposed to provide those along with the magical table settings
1178863733826838528_twitter,well i did said i will be nude on the rest of the month but i will be sexyon halloween and not naked and get raped by a certain werehog
3847933_gab,<user> looks like the idea to stop criminal harassment trolling by giving each user the power to do so as they see fit according to tgheir own account is really upsetting the very criminals it is designed to stop <user> maga gabfarm trump troll twitter
24110538_gab,go back to mexico you spic neocon le <number> nationalism
1178912010760704000_twitter,i really do not get white australians hatred of immigrants you are all literally immigrants wtf is wrong with you all i mean i get you hate poc but come on
1207712192935579649_twitter,dang ever since my friends sisters been into kpop she went from dating yt men to only asians
27869091_gab,she deserved it for race mixing looks like a quadroon tho either way another nigger made good too bad the baby lived
16968190_gab,america will become a neo brazil if the right retreats into the ghettoes of explicit ethnonationalist advocacy retreats into the ghettoes of explicit ethnonationalist advocacy this kike is pro ask ricky tkr
1179105754005082112_twitter,<user> <user> <user> maxine waters a us congresswoman openly called for threats harassment and assault on trump supporters sometime ago months ago how is this legal for a congresswoman to say this
12441225_gab,which proves everything we say about kikes is the truth these book merchants know the second they mention a kike their gig ends which gives kikes free reign to start more wars because no one can question their shit
1179104691961106435_twitter,<user> <user> no dear we hate you because you ain t true
1246637691262943232_twitter,covid <number> is ghetto af 😭
1171505866081570818_twitter,according to lambo men have cervical cancer while women have breast cancer bb naija
1179075554693255176_twitter,how come in every spanish class there that one white person who thinks they know everything
1121842500732428294_twitter,this nigga thanos done killed aquaman
17740939_gab,youre upset that fashy men think youre a disgusting shitskin you take a shower yet i can smell your paki stench from here
12846808_gab,yes the bear and eagle imagination equivalent to a nigger
1178925512233586689_twitter,why my mama just tell me the white men i like look like they say nigger 😭
1178975058422665217_twitter,suck my dick and call me a faggot
1176528708708044800_twitter,<user> the violence outta your gob
1178334508317380608_twitter,<user> <user> why does lindsey tweet he posts something dumb and then gets dragged
1143630194571382788_twitter,studies show oklahoma leads the nation in hamburger consumption oklahoma is the officially the whitest state in the union
1179055816545984513_twitter,<user> <user> <user> <user> aragorn was an incompetent king and arwen actually ruled gondor sherlock holmes did not solve any crimes it was actually mrs carmichael the whole time hitler did not kill all those jews eva braun masterminded the whole thing
26989362_gab,imagine actually thinking semites were more intelligent than whites or asians hahahahahaahahaha
1179093999426166784_twitter,kissing somone with a white ass tongue is more nasty in my opinion but i guess i am nasty cuz i drool in people mouths 😂 😭 😭 😭 😭 😭 😭 😭 😭 😭 😭 😭 😂 😂 😂 😂 😂
1109531446757281793_twitter,sex after my ex has been trash so a bitch is celibate
1178774802200485893_twitter,<user> <user> <user> it a muslim immigrant man in europe this is not a white scandinavian woman thanks for your help though massive
1179096960537632768_twitter,listening to <number> right now and man these callers are morons in hillbilly voice what if we switched aj hinch with bill o brien would the texans do well good lord
4612914_gab,remember this evening libtards bitch and moan anything good its what evil assholes do and this includes idiots like mccasshole and grahamster
15800577_gab,total bullshit and a complete violation of the people rights then again that the liberal college allowing blacks to run that place into the ground karma a bitch
1252640147126063107_twitter,<user> <user> can the usa take in a billion immigrants
11342145_gab,yeah about what i d expect from someone using a kike term for his username fraudian psychology stay go finger your own asshole whatever it takes to get you off there princess virtue sniveling at me is not going to earn you good boy points
1115852543911919616_twitter,taeyong keeping that black hair
1179104074119204864_twitter,if a rape victim is laughing and make jokes after a rape it does not mean that she has not been raped <number> <number>
26533419_gab,ukip sues muslim home secretary over tommy robinson arrest
1179103905621434369_twitter,ffs just seen yet another <user> report that has failed correctly report the basic facts correctly so much for basic research
20473768_gab,is he still twittercausting big businesses over the nra thats it i am breaking out my last sock just to go full retard on him
19608046_gab,if trudeau keeps importing sand niggers we are going to build a northern wall and make canda pay for it and they will pay when we start shipping off the sand niggers for them
1178764361474727936_twitter,any other queer trans people concerned with your outer image and looking queer i try not to bc i know it a privilege to be able to present myself as non cishet but also i just want everyone to know im a dyke
16166955_gab,wow you are so alpha abusing women on the internet parroting anglin troll articles you just dgaf what these bitches <number> something married women opposing feminism on youtube say so so alpha now go finish your homework before your mom gets angry
18122043_gab,this is a newsweek journalist threatening harassment of the mothers of political dissidents that refuse to talk to him
1266476388481204226_twitter,<user> <user> compare their flag to nazis
1179103606752055298_twitter,a literal slut for lana del rey
1178659879633985536_twitter,<user> oh now that one was rich she misses willie her actions are what we call po trailer trash
19156920_gab,a cunardly group sex mobile glory hole device its no3 on the takeaway menu cunardly made ceramic sinks a cunardly sink chink
1179057767304323072_twitter,<user> do not understand why in america it all about black or white there are yellow mongoloids and brown orientals people as well most suppressed ones never get to raise their voice v unbeatable loosing in agt is an example to show how racially biased americans are
1270030665128476673_twitter,being gay doesn ’ t give out free passes to be gross to women
1178990389111508993_twitter,abu hurairah may allah be pleased with him reported the prophet pbuh said he who goes to the mosque at dawn or dusk for salat allah prepares a hospitable abode for him in jannah every time when he walks to it or comes back from it al bukhari and muslim
1178487834807799808_twitter,<user> spanish is the 2 nd most spoken language on the planet even i speak spanish but no white person would learn arabic for fun and i stated that i was african arab in my tweets stop clowning yourself for assuming my race like that
24958450_gab,idk we need our own internet and need to trash this whole system if gab is the zenith then the whole thing is still kike bullshit <user> ‍
1179105323883343873_twitter,<user> its like impossible to say no again i got raped and robbed
1179030668098932736_twitter,<user> what part of i am a shitty person with violent anti social tendancies and the emotional development of a carrot equates to the nazi holocaust exactly
1103830041249697792_twitter,slap the bitch in the fave with them hoes
19255529_gab,makes me want to puke so fucking tired of this moslem shite appeasement
1179040181825032192_twitter,stupid ass bitch just made me waste my fucking money
17948021_gab,black boy what is socialism mother that when the white man works pays taxes so that blacks illegals refugees and muslimes can have free stuff the boy said do not the white people get mad 😡 the mother said yea and that called racism
4629273_gab,dear susan rice why would or should we believe your tweets about the refugee ban when your department and administration caused the refugee crisis in the first place better yet when are you going to say climate change was caused by a conservative video skeptical of climate change protests
11311147_gab,we have had a muzzie problem since that psychotic pedo mohammed started his death cult
1178476858662215680_twitter,<user> <user> <user> <user> <user> <user> <user> white people fought and suffered for your ancestors freedom
16017463_gab,yeah just a bunch of triggered retarded nazis anyway i am off to sleep good nights
27797594_gab,damn im about to workouy like a cotton field slave nigger sanz yar
4105410_gab,god bless james earl ray putting down that nigger mlk to save all those white girls from his rapist cock maga
22047052_gab,jesus was no kike he was a jew in the biblical sense an aryan the jews of today are descended from southern european converts to judaism in the dark ages they are evil jesus is not
1160890833463336961_twitter,best bad bitch
14727249_gab,there are a few muslim girls at my school i can tell because they wear highjabs i am always so tempted to give them some bacon 😹
1179098202282369024_twitter,yes i live in texas and no i am not a damn redneck
1179089211565232128_twitter,<user> <user> <user> <user> seriously what going on in minnesota illinois california new york is putting people in danger young girls and boys are being raped and murdered these politicians have a lot to be accounting for because they are killing their citizens
1178742610074226689_twitter,<user> you mean immigrants ex pats is a term used by white people for white people colonialists
1178784199689539587_twitter,dykes on the tl having nat icons yes we are
1192619788088102912_twitter,all these faggot ass trolls just air dropped in my mentions i am straight up laughing right now triggered little bastards
1185713609512509440_twitter,moving bricks like it black friday
1178485467290976257_twitter,i remember trying to put on a strap on once while drunk 😂 up to this day i did not succeed no wonder i failed at being a proper dyke
22266851_gab,sickening time to intervene these are refugees we need to help
23847540_gab,abortion is never going 2 b accepted by the majority of people since women bear the burden of carrying a child the respons falls on her 2 b more responsible if u are not married do not have sex if u can not afford birth control
15805378_gab,well i apologise for any ozeez that might have forgotten that we can take the piss but go too hard and somethings amiss i do find that seppos do not understand aussie british humour and can take things personally everyones a liberal snowflake to an aussie and then they imported muzzies here damit
1083042797995941889_twitter,take drugs and rape sluts
18593688_gab,some other kike company will buy them out so yeah
12409558_gab,are you being sarcastic like retarded on purpose
1240143113504645120_twitter,people are so racist to asians it ’ normalized i literally hate yall
13964687_gab,homosexual and hollywood communities redundant
1179061474574110721_twitter,<user> stefan molyneux too many gay people stefan molyneux too many women stefan molyneux too many leftists stefan molyneux too many liberals stefan molyneux too many transgender stefan molyneux too many moslems i can continue but that might take a while i am afraid
17046888_gab,agreed if both sides want legit compromise this is it daca has education participation and clean criminal record requirements daca immigrants seem more likely to become productive members of society if keeping them enables limiting drug smuggler and terrorist infiltration that a win
3TCFMTM8HEP9WD44AOLN6VRTM9T218_nf_2,thats sick mj raped those kids and yall are making jokes about it blocked
1087955800168038401_twitter,in hopes of finding good jewelries inside the treasure box yg lets go of the diamonds and picked up the golds
18371866_gab,being led by a moslem terrorist cunt linda so sour
1097306577311125505_twitter,<user> there are literal nazis on your list of conservatives lmao
14315071_gab,my point is condemning all women as church leaders because a couple of dykes are out of control many women make great leaders some are bitches same goes for men
22073556_gab,figures a fat coon liberal
1179011030757838849_twitter,<user> <user> it is terrible that approximately <number> to <number> hundred thousand people died in the holocaust from typhus and starvation mostly
1179026125248499713_twitter,<user> do not forget ones like homo homosexual queer lgbt and mlm all forbidden words now
22448349_gab,common core weed too much ritalan chem trails vegan diet women studies at ivy league schools madcow msmbc too obnoxious to have a good guy
22376721_gab,it like dejavu of the hamas orchestrated swedish marxist funded armed struggle using anc goons in south africa leading up to final chapter now the genocide of white christians just as cair oic will orchestrate across america using libretarded dems hoggs queers
1122879949252300800_twitter,can captain marvel be gay and can valkyrie be bi please thank u
1178757488914681857_twitter,<user> <user> <user> <user> <user> indeed i wonder what kind of misogyny does she think woc and homosexual women face thats different from white women are not we all discriminated because of being female or is it something else 🤔
1172924606220517377_twitter,<user> <user> jews and the stupid holocaust myth
23202591_gab,😂 altright is a joke and they dare to make fun of conservatives ha good luck killing eachother trying to be the top nazi ya bunch a retards 😂
1204572282443780096_twitter,<user> <user> rue <number> is the ghetto
1766534_gab,i m just gonna post porn and laugh at nigger jokes that <user> posts because trolls need love too shitposting internet trolls put trump in the white house lest we forget
6700335_gab,unnecessaryconfessions obama i hire women because they are big fat blabbermouths evelynfarkas susanrice
1105848780732153856_twitter,why are these white women being picked on 🙄
1115411612863729666_twitter,oh hush rt <user> sliding in dms in this economy whew child the ghetto
1179075212505075713_twitter,<user> the same people that give women are hard time for abortion are the same people that hate homosexuals
1178302419547107329_twitter,some of you are allowing your white friends to call you my nigger and trust me it really shows
14357997_gab,shalom aussie goyim my name is gladys berejiklian i call myself an armenian but in fact i am a ratfaced kike looking to implement communism in your country do you like my gallah beak
1178687316581240834_twitter,<user> <user> it depends like i have been with all kinds of white boys but i dated this one basketball player he was fine as hell <number> one of them white boys who hung around niggas all the time that was some elite dick
1178769506371538944_twitter,spraying a shopping cart worth of aerosol cans in the air to own the faggots
17033926_gab,fuck congress he should be dictator the jews would run scared shitless to mexico
25681656_gab,fucking kike loving magapedes kys you sniveling faggots
1178830793545781249_twitter,<user> <user> <user> lord almighty thank you for the peace that comes when a predator feels your wrath very historic indeed no other african american comedian has raped a lesbian to expose his serial rapist past and expose the enablers who praise the false idol he in prison praise jesus 🙏
1178539535048814592_twitter,fucking children get raped is it their fault how the fuck is it ever the victims fault
1179104863101304832_twitter,can yall dusty niggers engage im bout to start following the yts bc at least they gimme some ❤
19590544_gab,oh absolutely kelly the nigger is worthless a slur is needed to let them know what their proper place is the nigger wants us dead any white that does not understand this is doomed
1179046103477575680_twitter,<user> girl like tf lol them white hoes was better
1188922877036388352_twitter,jodeci blackstreet do not belong in the same sentence
1084123535914586112_twitter,ino the type of bad bitch who would smack sasuke randomly
1081024633149698053_twitter,i am sorry if this upsets someone but honestly to whoever started the leaks 🖕 🏻 we support toni storm
17397697_gab,how many in percentage form jews niggers mexicans muzzies or dot heads vote for less government intrusion and less government services
1178899821392023552_twitter,<user> yeah that was dope
12977068_gab,this is a confirmed kike demanding you click on it kikey unsecured link this allows the kike to view personally identifiable info on you entirely unsecured demand https boycott niger jewess
22799173_gab,so just asians now right
15413395_gab,white women please take you heads out from your butts i do not want to be raped by shitskins stop welcoming them for god sake
1144441414891311105_twitter,its the summer time so niggas are going to disrespect their boys just to catch a body
24873800_gab,goes against the kike narrative goy
1197581325600989185_twitter,<user> he ’ not a nazi
1160604827275206663_twitter,i ’ m not gonna promote anything of mine free palestine 🇵 🇸 🇵 🇸 🇵 🇸 🇵 🇸 🇵 🇸 🇵 🇸 🇵 🇸 🇵 🇸 🇵 🇸 🇵 🇸 and eid mubarak to all my muslim brothers and sisters ❤ ️ 🕌 🌙
1253407478290628609_twitter,<user> i ’ m in the ghetto rama da dan
1125728703743324160_twitter,<user> i like u becoz u r a beautiful girl muslimah ⚘ ⚘ ⚘
17524246_gab,i am happy once the last kike hangs from a tree
25691638_gab,we will see there best i can figure is if we cut those dick mutilators adrift then dune coons would not fuck w us no more esp cuz they ain t gawt no navy
1178739430485643264_twitter,<user> white christians hate brown christians
5081338_gab,transgenderism is a fantastic away to remove queers from the gene pool
1174824361683050496_twitter,<number> soley tomasdottir patriarchy is built on women burning out
1387111_gab,white women have really fucked this country up we will be a lot better off when they are extinct
1080861105604284416_twitter,<user> <user> i can not believe reid uses the words negro dialect in his personal vocabulary
26964751_gab,lol we got another israel firsting faggot i bet you d like a kike rape your <number> year old daughter to prove you are not anti semitic would not you
1092608520648880129_twitter,o this white gurl liked chocolate dick
15525257_gab,feminists are the gender counter to how muslim males think of all women in the world feminism feminist <user>
25297832_gab,do we have <user> on the list zionist heeb alert on this guy
1178913817113198592_twitter,do not be sticking your white ass tongue out in pics 🤢
1178786478870142976_twitter,also i am very much like the homosexual friend this is pretty much how my old friends used to see me
1178868025912463361_twitter,<user> i cometely agree the playbook has been around since the 1 8 6 0 white men wanting to take back the country it frighteningly similar to post reconstruction violence and terror
21149794_gab,the policy was wonderfully effective it succeeded in keeping insane kike with taco beaner last name nicholas cruz from suffering the fate of the school to prison pipeline everybody sing kumbaya kumbaya
1249409690011721728_twitter,<user> <user> poverty is the worst form of violence
1179085305086910464_twitter,<user> translated directly blackfoots means white algerian descendants of immigrants
1178105646454960128_twitter,raindrawp drawp top i look like a faggot in a crop top
1221415676168065025_twitter,<user> no but someone got silk touch and placed one diamond block at level <number> to troll them haha retard
1179072805184446464_twitter,<user> <user> <user> u talking about the white supremacists neonazi sympathizer called djt 🤔
1178859023547981826_twitter,now i hate the term libtard but people who are afraid of violence joker movie could incite are faggots
11684884_gab,i am a lying faggot that moves the goal post
1081679540127174656_twitter,<user> there are no palestinian people because there is no palestine we saw your true colors <number> days ago you filthy bitch
1179036622345494529_twitter,<user> am quoting you indian specially hindus live work earn there fact they have entered that muslim dominated country legally working there legally amit shah is talking about illegal immigrants shame on you for spreading misinformation which can cause hatred sick
1089312238102609921_twitter,tariq nasheed beating the fuck out of that drum beloved lmao somebody put a biscuit in that niggas mouth already
1178957467276976129_twitter,married women who drive always get past pretty ladies standing in the hot sun not knowing that their husbands pick them up
27279573_gab,another example of a fine nigger buck
1179010487457112064_twitter,<user> <user> <user> except for all the extra women who get raped and sexually assaulted why do you think we have separate sex facilities
1249738535994884102_twitter,hey gays does anyone wanna be penpals on this app called slowly xo hmu for my id and we can send virtual letters pls i am so bored
1179018058226122752_twitter,thousands of <number> <number> year old vulnerable white girls have been still are gang raped by muslim child grooming gangs but that does not seem to matter boris allegedly squeezed a woman thigh <number> years ago and that concerns people more is this country seriously f*cked <censored> up or what
1179025462825291776_twitter,<user> remember when ebola was in american news and all white people there got scared when they are not even close to africa
1178722544641118212_twitter,just got assigned to write a paper on how reverse racism is not real in a class full of white ppl you all know i got this in the bag
4320599_gab,in a gesture of cooperation the mex government extradited el chapo to the u.s. trump should boot international mega kike soros to russia
1179073167119138817_twitter,do not forget to kill yourself
1179091164432986114_twitter,<user> i fucking hate you 😂
1092488228014342144_twitter,technically we ’ re all immigrants but ima hush 🙂 😅
19806318_gab,yawn look the book up boomer kike it written by a kike like you you know a degenerate coward yid <happy>
1178850205564846082_twitter,nigga jay z said i am what supreme did not become niggas is not listening
1263146979317764099_twitter,<user> please explain to me why illegal immigrants would receive millions under your latest bill that is just outrageous
1179098021964988417_twitter,<user> symbolic evolutionary and weird to a precious and precocious fault revolutionary girl utena is a one of a kind flamboyant experience in exploring gender roles societal expectations and the fallout of queer traumatic experiences
11632794_gab,some fuckin kike does not know what free speech is
1161416245524041728_twitter,told my little sister she need to leave me alone right this bitch gone say you need a boyfriend 😭 😂 she play too much
1170052623648604161_twitter,england women scoring in the last minute of that netball competition to win gold is the greatest sporting moment in history
1179062627319848960_twitter,told dat bitch get right or get left
1231804803614830592_twitter,4 chan is retarded and so are you
15392809_gab,for all those who want to discuss or debate with me you shall uphold the ethics of a conversation or find yourself discredited for internet violence and your argument is automatically nullified muted yes i am the smartest being in the universe deal with it
12867168_gab,he was a leftist and probably antifa not a white supremacist neonazi kk with a gook wife plus shooting victims being white country music is now the official music of american nationalism
1179074791350784000_twitter,<user> the way people are not taking racism against asians seriously
14521688_gab,keep your mind on the real face of racism the war on whites rise up and unite my brothers as others have taken up violence against you
15702025_gab,you mean red pills like it ok to fuck half nigger apes and an ethnostate can not work in america because muh magic dirt that not a red pill cuck faggot that jew bullshit that she been pushing from the beginning if you think that helpful kys
23463064_gab,get the fuck out of my country spic
1105548506306170882_twitter,<user> i can not decide if you are retarded or a troll
27956816_gab,says the swamp muzzie who fucks goats
1178975295023407105_twitter,<user> that pic was months ago i hve shit skin now dont ask me for tips hh i cannot help you
14267907_gab,let the kike sluts chase us its nice to feel wanted however i rather chase women of my own caliber
1188148902119301121_twitter,half these hoes don ’ t care about they nigga they just hungry and growing out they old clothes
1178625277464842242_twitter,all this time i kept thinking the beauty spot on my nose was a blackhead and being a retard i d stand in the mirror trying to squeeze it 💀
26107989_gab,the chimp virgin nigger can not spell australian so he has to ebonics text oz instead
1087172044159152129_twitter,i really think airpods are overrated tried some and there was no bass in them hoes 💀
1087586680452706305_twitter,fuck that hoe
6817112_gab,sweden suicide is a foregone conclusion no amount of tweeting raging philosophizing or praying is going to do diddly squat for them so why bother our energy is better spent arming and insulating ourselves from the muzzrats here
1178749750381817862_twitter,<user> <user> happy birthday muzzy bear 💕
9085488_gab,never happen european men have been emasculated by their domineering women such as the swedes may and merkel and they have no weapons
18628194_gab,the difference between hetero and homo couples part i
1179034360747581440_twitter,<user> we are all so glad that we dont live in your state how ridiculous is it that you governor is going to fine you for saying illegal alien they are not here legally so they are illegal aliens
1178704304510779392_twitter,when i met my nigga he wasnt clean cut but he was still fine baby this nigga lined himself up the other day and almost got mf raped
1220505344436129792_twitter,<user> <user> some might say it somewhat flippant to compare such an incident to the extermination of <number> million jews
15584227_gab,the retards pushing this crap just about have to be kikes i will wave the israeli flag for propaganda purposes if it means winning these im faggot autists who insist on waving the windmill of friendship an alien symbol to americans are not interested in winning they are interested in larping
1110037292419375104_twitter,i am such a shady hoe omg
1180866810255687681_twitter,a group of xhosa men is called the hoes stop getting mad because we use the right terms
1084104267303022594_twitter,and black olives gguk 😂
1121888092850401280_twitter,<user> <user> you are so retarded
13551638_gab,why could not mlk be a pro boxer lousy nigger could not take a shot to the head
1178437916902731778_twitter,<user> what wrong with asians latinos jews and gay white guys
27393366_gab,love that pic exactly where the nigger needs to be forthousands of years the nigger inferiority has been known
23604751_gab,its amazing how times have changed when i first posted the hot women in bikinis thread back last july i got alot of wtf posts and people calling me out for debauchery now i just get the up votes
27134916_gab,nick the spic le <percent> face mr being catholic pedophile is more important than being white
1084219799406825472_twitter,larry moreno and the neighbour destroyers a blackened progressive metal band
1110270902552461315_twitter,first attack montenegro <number> england <number>
1079526566156070912_twitter,i detest racialism because i regard it as a barbaric thing whether it comes from a black man or a white man nelson mandela
23083459_gab,if white people should be ashamed for our forfathers slavery then why do arabs get a free pass they are still doing it
24133934_gab,the nigger deserves a punch in the face as well as hot coffee thrown in his face
1178762234664669184_twitter,the white east asian dudebros love having an asian guy saying this shit bc they can say it not racist if his family was asian immigrants
15122698_gab,story headline is misleading the actual issue reads as highly superstitious nominally christianized african immigrants abusing accidentally murdering their kids in diy exorcism attempts kids might not have been demon possessed at all except in the minds of nutbag parents theyhavetogoback
1178483586208538624_twitter,bill maher m islam is horrible and mosques should not exist anywhere fuck freedom of religion white liberals o lol it ok
1206208308446662656_twitter,<user> he got banned retard
1118233205708976128_twitter,gg raped by the goat
1178353812307922946_twitter,subtly homophobic news story this child is gay twitter influencer who still shits himself thoughts 😳 🤔 mike pence himself i like gays and even have a faggot friend but this is too much
1159399863223816193_twitter,sometimes being a bitch is all a womans got left dolores claiborne best movie line ever
16874612_gab,yeah that dumb nigger just took all the evil of the kikes and blamed the nazis for it and actually expected someone to believe it i would call him jidf but he is so stupid i can smell the nigger stench through my screen
12103098_gab,trump should pardon shekreli and deport the gook judge
1188814785644843009_twitter,intentionally scare hoes
1178608735373189120_twitter,if you all were not so selective with your understanding maybe you would realize this issue has nothing to do with religion there are many other muslim countries they could perform in
1125257188493209602_twitter,alohomora he said confidently pointing his penis at the padlock but nothing happened
1179094087212978177_twitter,<user> <user> <user> only a person with considerable privilege could reasonably write in a candidate out of pettiness when the alternative is trump trust and believe that my queer ass does not have that luxury women poc immigrants etc do not have that luxury grow up
27483244_gab,i did not ask shit lip nor care what your political persuasion you are a dickwad that a faux nazi wannabe on gab like the rest sit the fuck down nigger lover
24247856_gab,our biggest sin as white people is lying and denying that we are racist we tolerate all the various nigger races because we feel sorry for their inferiority we deny our pity source we know they are lesser but our pity makes us want to protect subs from the truth
16188507_gab,i think it time for another hindu kush only thing the muzzies ever did that was worth a shit was genocide about <number> mil of <user> coethnics i have been in some valleys full of skulls up there beautiful
16147501_gab,you are either fucking retarded or a kike which is it the is the most dishonest or dumbest comment ever communist are the opposite of christians
1237970711488036864_twitter,damn i really am into asians lmfao
12867041_gab,remove all muslims and niggers and kikes from the united states of america this is the appropriate response to what these animals have been doing to human beings
18088062_gab,this morbid yid with fleas brown only in his shithole
15133126_gab,lol nice boomerposting hey does kike jism taste better on the shabbat you d know after all lol gimme more
1097145209870266370_twitter,<user> i fucking hate her so much and i love her so much
1178885921111990272_twitter,<user> i heard my birth mother was raped by joe and here i am proof bring on the free dna kit oh n the back child support baby needs a new pair of shoes
27429634_gab,it is my history and my english do you know your nigger history
1179079982406090752_twitter,<user> im screaming i fucking hate you bro 😂
1184976385082871809_twitter,these hoes for errbodyy
1179095080663207936_twitter,savannah has no plugs it sad 😔 ima have to take over this lil hillbilly city
17503871_gab,eh i do not think i d suggest it at this point too much crime largely driven by immigrants and the fact that jobs are getting hard to find at times five years ago i would have said sure chile may be better cc <user> <user>
16935125_gab,it should be built on sand niggers and other savages buying our bombs to kill each other
1179078375454826496_twitter,<user> you incite violence you are proud of it mass shooters white van driving maga bombers racists rapists and dirty cops you should be charged with obstruction threats and witness tampering you goon
7547439_gab,during the 4 0 quota of immigrants were established expanding into the 5 0 every <number> years until the internal security act required aliens to report their addresses the immigration nationality act in <number> tightened screening restriction preferences <number> skilled workers that excluded communists
1179084881969631232_twitter,this is god way of testing if i break my no white boy rule or not
3507563_gab,all i ever wanted all i ever needed is queers in my butt girls are very unnecessary they can not suck on my nuts
1179098451570757632_twitter,<user> one last time skippy the white house released the notes on your treasonous conversation with zelensky your own white house they must hate you so much to have done that
1163105518258442241_twitter,the rosacea disorder can be confused with and co exist with acne vulgaris and or seborrhoeic dermatitis
22647656_gab,juan is about as much of a fucking a stupid ass nigger as any juan can get libtards like this fucking nigger black democrat asshole have exhausted their statute of limitations much in the same way that white gop fucking stupid ass feminist bush whore bitches like perino bitchtwat have exhausted theirs
16646500_gab,this nigger should be in africa catching ebola or getting eaten by one of his relatives
27652218_gab,i have found another degenerate who is pushing smut on gab not a joke he is actually promoting smut and porn <user> is a degenerate diversity kike hiding behind patriotism i am not so easily fooled
20079767_gab,fuck niggers and jews
27563287_gab,his father and uncle came to the uk in the <number> i was sexually assaulted by <number> paki muslim men in the <number> just walking down the street their wives and young children walking with them was that your father and uncle sajid javid eh
5508622_gab,ignoring the truth jc shannon <user> <date> <time> msm ignores sweden immigrant riots because it does not fit their narrative trump right again newsbusters org blogs nb nicho …
19511749_gab,i wish these retarded filthy sub humans would quit that you know what i find funny about this particular go round she whiter than the kike schumer talk about the pot calling the kettle names eh
1220886994022211591_twitter,i ’ m not boutta let bts be some backup dancers for this islamphobic fuck please get them off that stage
1179088766624878592_twitter,<user> btw i need numbers people all my friends left my fat white ass
12647173_gab,hunger games with little niglet babies
22124193_gab,all jews need to be barred from holding public office outside of the horseshit sand nigger state of israel the kikes can go live with the palestinians only white males who are pro gun and pro free speech and anti illegal alien should hold office in the usa canada australia and europe
3201658_gab,merry christmass to every one hope you have a blessed happy new year unless ur an anti american goat humpin moslem u can eat goat shit
1179035123942952964_twitter,now i say my prayers i got too many people in my head right now so many that in jail or they are dead right now one time for my nigger crag right now he in the feds damn the times change and these stupid niggers talking bout crime pays
13396700_gab,fuck muslimes and fuck islame go back to your own shithole country if you want sharia crap
19159387_gab,lmfao the retardedness yo actually stabbing a fucking real kike is not larping you muppet come on <user> ‍ you are not sending your best to bullycide us
1178783767818887168_twitter,<user> then you dont say dyke literally why are you so mad its a fcking slur there even some lesbians who dont want to reclaim it go reclaim queer if you want a slur so bad jfc
26830113_gab,beatles when i am <number> you mean london stabbings you got that wrong lennon who fucked a chink
25660109_gab,the <number> million jews killed hitler prove me wrong is my favorite troll on kike book right now
22148922_gab,oh you mean like count dankula who a self admitted communist with a tattoo of a red star on his chest who just got convicted of being a nazi because he white cowards like you find it very easy to attack the enemies of the jews
1178829716502876160_twitter,<user> do it i wanna get the actual words white trash in metallica font somewhere on me lol
25417338_gab,in the long run niglets fuck themselves over
27781574_gab,rare photo of the gunmen before fleeing the scene also adios nigger ahaha
23153766_gab,a prime example on the average swede this is why the left and the muslims should be gassed listen you swedish whore us arabs will take over your fucking country down on knees and suck my dick you swedish whore allahu akbar allahu akbar you whore
13468249_gab,we should all send thank you notes to wikileaks and all the others that saved us from a drunken evil perverted psycho bitch finishing up the destruction that obamination started
13820195_gab,when moslem women can walk in front
1178330638014791680_twitter,<user> <user> your being intentionally blind pay attention scripture foretells events related to weather study of scripture and history reveal facts weather is cyclical we are in a recognized eddy grand solar minimum they bring disease famine pestilence civil unrest wars prophesy
1179065569884217344_twitter,if you dont already know that i am very gay then youre not paying attention
1179104668607291392_twitter,all tea all shade bitch all offense
22385425_gab,if you remember there was a gay flag wielder at the lee rigby march well i just got back from a gun control march this is the real reason they hated me
1218029245454258176_twitter,i only want to go to coachella for one day to see my king and queen frank ocean and lana del rey this is violence <user>
1087045766231732226_twitter,you fake ass bitches want the realest friends 🐍 🐍
1171359405209604097_twitter,junhoe showing off her songwriting skills tho like let us get that promo luv bcs yg wont do that for you 💅
1203061821298528256_twitter,<user> i hate you but sometimes i love you
1178509331899142144_twitter,<user> <user> <user> the problem is these nations give a fu to human rights so in muslim countries like pakistan minorities like hindus sikhs are ill treated it a kind of blackmailing and we are seculars
17930241_gab,no wonder my twitter account got banned for life the white guilt cucked out faggot ass founder has a bunch third world shithole sand niggers running the show
1116746157043126273_twitter,breaking president trump says he giving strong considerations to placing illegal immigrants in sanctuary cities ap
10415867_gab,even queers like beers international beer day
14031786_gab,the jews are less than <number> of the total world population so the only way you can be right is if all the jews are some kind of ultra wizards fyi the jews are not some kind of ultra wizards
27023353_gab,alright i officially declare my old lady chink acupuncturist a protected citizen in the new white state that bitch is magic
1086796746213257217_twitter,crazy how many people will hate you that don ’ t even know you
1179100560118751232_twitter,ladies and gentlemen this country of ours is indeed a shithole country what the hell is this how does an agency funded by tax payers engage in this banditos sins of saviours
1178812134114770944_twitter,<user> youre hurting my feelings thats why dykes 6 o o h € ii
12533510_gab,this sounds like a kike national socialist
1178867951732248577_twitter,<user> <user> lmao larry are you a nigger
1241491288651939840_twitter,i ’ m convinced all white girls are hoes
1161799130970148865_twitter,<user> <user> do you mean voter manipulation and voter harassment teams
1082732859897667584_twitter,i can not believe women are defending r kelly
1179013103327072257_twitter,<user> or queer it ll be something like that if it had been racism they d have been all over it like a slut on a dick
1179055004553900032_twitter,i dont think im getting my baby them white 9 he has two white j and nikes not even touched
1077631147595755520_twitter,<user> when jesus was born they were not refugees they went to bethlehem from galilee for a census
26612388_gab,shut the fuck up you anti white piece of shit no one wants to hear what you have to say
5515205_gab,<user> you are going over board for a faggot you are on the left torrid ton a fag enabler he enjoying being part of what is now apparently the lastest fad on gab fag enabling my low the gag gift that keeps on giving
22877427_gab,so the blacks are into islamism abuse of the islam for their own political agenda i heard someone say niggers and the muslims are sandniggers is that family
21990566_gab,this kike is still alive wtf
24495529_gab,mudshark sunglasses to go with your mudshark milk shake
11042138_gab,i did not say anything about the violence in chicago other than a lot of people are responsible for it lol
1179033048400220160_twitter,<user> thanks bitch
1179071305322287105_twitter,<user> <user> <user> no illegal aliens increase population not lower it and they work for low pay
1178757394177957889_twitter,can not nobody tell me i ain t a good nigga honestly i am probably too good
1165391497795010560_twitter,here are some new one groovin on down to gitmo krusin in kenya if your gay and you know it clap your hands treason is the reason
1178899984038682625_twitter,women be so aggressive when they are horny
1179075228430790656_twitter,so at my job we sell this round of drinks <number> wines called the wine flight last night a white man asked for it and i accidentally said white flight if i lose my job this why
16293427_gab,so i can say nigger on here
25489107_gab,to the gallows with this sand nigger junk foodie faggot
1179100564971409408_twitter,<user> my illegal alien maid confidently told me last year how proud she was to have voted for hillary and i voted for my husband too she told me
27501024_gab,commie yid bastard
1179103617556590592_twitter,can someone give me a legit amazon link in uk for dear my dear <sad> <user> i hate you <sad> why could not you have just dropped the links you really this petty 😭 <user>
1089191966414262273_twitter,you say well they elected the nazi retards
1106572746987843585_twitter,to all my muslim homies stay blessed today <number> real
1273356661839798273_twitter,<user> muslims just simply should not be in the world
16072646_gab,okay gabfam we did not get what we wanted let burn this bitch down oh wait that what the other side does
1178723913016184833_twitter,a white man callin me brotha is way more offensive than them just callin me a nigger
21596006_gab,yeah and nobody wants to see nigger tits either
1178721668782575616_twitter,through the security council of the united nations colonialist powers have always ensured the division and occupation of muslim lands themselves or assisted others in doing so یو این چھوڑ خلافت لا کشمیر کو آزاد کرا
21242245_gab,hm 🤔 maybe if i survive my chemo and grow up i could be a lifeguard at a nigger swimming pool 🤔
12645179_gab,screw the cowgirls nigger bitches
2994138_gab,all the desperation whining by democrats has backfired no one likes sore losers unless you are a freeloader illegal alien or ghetto thug maga speakfreely
5937412_gab,a worthless nigger who sold out to globalists because nobody took him seriously as a statesman now he just a whining defeated has been
9647358_gab,black men prefer big banging ghetto blasters white men favour a more classy sleek silver surround sound systems scousers are fond of nicked car radios i just can not help stereo typing people
20588422_gab,will there be an option to submit our own jared i have got a freaking library of kike professors teachers etc etc
1201560835065122816_twitter,<user> i dont hate you
1179097703604801537_twitter,<user> haha i was questioning for so long because sometimes i felt physically attracted to men but never sexually but i am now comfortable identifying as queer 💛 ✨
10798270_gab,gab might be a honey pot to get great overview of alt right community map its networks and then to hack them right wing bias here is astonishing it not freedom of speech here but a refugee for twitter exiles
17074293_gab,agreed and riyadh and any another place in that cesspool they congregate as i said level them both if we ever want world peace there are a couple billion fundie raghead that gotta go
1142676661487333377_twitter,might fuck around and drunk text this nigga 🥴
1166905431819804672_twitter,<user> <user> no blacks no asians no fems
16003028_gab,stupid moslem terrorist forgot to do rockets and blew his dingus off that what happens when you make things when you are a stupid head
12580428_gab,specific threats of violence should never be permitted kill the honky is allowed as it is interpreted as political speech kill that honky at <number> main street is a specific threat and should be banned
1161856513230692352_twitter,i ’ m sorry gay community call me by my name wasn ’ t it fam
1178827642511990784_twitter,who would have thought my nigger ass would be eating some fucking california rolls lmao
18706002_gab,canada refugee board abruptly changes its scheduling system amid surging backlog
26588874_gab,what does the constitution say about immigrants and illegal immigrants amendment <number> section <number> – all persons born or naturalized in the united states and subject to the jurisdiction thereof are citizens of the united states and of the state wherein they reside
15782348_gab,there was no islamic holy violence prior to <number> retard slav nigger
17827302_gab,you mean a typical subversive perfidous christ killer kike
23241349_gab,faggot ass nigger <user>
10556891_gab,a politico morning consult poll finds significant support for the raise act forty eight percent of voters support reducing the number of legal immigrants by half over the next decade compared to <number> percent who oppose that <number> of likely voters support the chain migration cuts in the raise act
1178921504630697984_twitter,that taimi app is clearly not for lesbians lol they have bear and twink and bisexual and chaser as options to describe yourself but not lesbian or dyke
17680158_gab,right that is why i keep offering myself up to you by calling you nigger and comparing you to a silverback
1179081958485217280_twitter,<user> <user> <user> ok i understand but if you were raped you are aware what happened so why not take plan b asap after these unwanted instances
1168961056028405760_twitter,<user> <user> and the government is supposed to protect from nazis
1165679759755530243_twitter,we really finna elect biden with the appalling amount of rapey advances he made on camera with literal children damn lmfao
1179094510241861632_twitter,<user> too bad the sheriff would not let you interview those being housed there to expose the truth pretrial incarceration pretrial murder all lives matter exposed
17439443_gab,gays love communism and especially islam they want to try to see if they can fly of tall buildings with a pack of carpet kissers helping them just to show they are not racist lol
15848435_gab,what a f*cking <censored> kike dirty trick white nationalism is normal and healthy for european societies and countries i can hardly wait till their filthy slimy rat kike blood flows thick in the streets
1867181_gab,business seven beyond borders working to end child slavery prevent violence against women girls in haiti founded by clinton global initiatives in the business of defending girls yet surrounded by businesses with the pedophile symbol pizzagate twittergate draintheswamp
16596161_gab,<user> paul and jayda keep up your battle of britain never give up your struggle with that retard political movement called muslim here in holland it becoming the same sh*thole <censored> with those goatfuckers the moaning minority gets the most benefits the truth still hurts greetings dennis
1172073418365140993_twitter,jontron is a fucking scumbag
12818270_gab,the core of the movement is the protection of white identity which they are calling evil there a not small point here white identity is weaker than white race race can not be changed identity sounds like something one chooses
26943747_gab,no he has two his dyke wife lost and pissed off the new leftist leader barack hussein obama
1081879537145835520_twitter,system superman retards all of a cattery cats to be able to make toast explode
1178991427943976962_twitter,what up faggots
1178747576704741376_twitter,<user> <user> she creative alright a big ol fake hate crime victim liar too now how do you think this effected three innocent white christian boys what about their parents what about the school community you think they were traumatized
1178874632482381824_twitter,<user> the tolerant left killing children consequence free expecting tax payers to pay for it and hoping pro human people get raped
14972010_gab,blackpill they are still having babies someone call bill gates operation sterilize the beaners has failed
17194420_gab,u.s. would be richer if israel was gone we would all be safer if all the sand niggers were dead nuclear weapons are really cool
15615762_gab,these two self serving pieces of crap are okay with possibly destroying a person livelihood who only being true to his religious beliefs who gave queers the moral high ground sick of this libtard lgbtq hypocrisy
1178958595443945472_twitter,turns down the saturation on the gay flag 1 6 k retweets
1093220213758312448_twitter,<user> i do not knock doors but it only because i am a bad bitch 😂 😂 😂
10931699_gab,people should be able to recognize just how much we are at war when the criminally retarded are the only ones that have a voice this is what america stood as one and voted to end
1236768959535427586_twitter,<user> she gotta take up for the black man but the one she is taking up for is a muslim and not for this country racist mind
1179093142777323526_twitter,<user> his dumb white ass 😭
1092441251776024576_twitter,you white with pink nasty locs or w e you wanna call those yo i wanna kick this bitch
9523048_gab,it never really gone out of style it just got kept out of the usual places <number> a while tv media politics academia sand nigger sand groid dune coon dindu nuffin all valuable additions to the nigger lexicon oh sheeit dat remind me mexicon lexicon meh some beaners r ok
1116698316899856390_twitter,futurama episode about gang violence you all were reaching too hard and it very stereotypical and ignorant and needs to be banned of air
1188562053650407424_twitter,this is fucking twitter you will never see these niggas irl get over yourselves
1117452142397116417_twitter,<user> got mad at me because i told him he was gay in 4 th grade was i serious yes is he gay yes
25997755_gab,good list except ruhe sodomite rivero kike
12847124_gab,sarah i feel really bad for calling you a dyke so i baked you some cookies <user>
1179105405005381635_twitter,<user> poc can still be racist hun the only reason white racism doesnt exist is because white people aint ever been oppressed meanwhile black people latin americans asians etc have been oppressed she threw around the words be*ner <censored> and sp*c <censored> which are both racial slurs
26441093_gab,lol we all know <user> ‍ likes working with jews it has nothing to do with racism just kike nepotism real high in group preference pretending to have moral authority that right there is the reason hell it not like aa works for the idf and fires indiscriminately at crowds goyim
5517776_gab,earth is the ghetto of the galaxy why would any aliens want to come here
1178422167920369664_twitter,<user> <user> and here my privilege i am white and i agree with him i am also not a liberal or a muslim so does that make me a jihadist too
8725240_gab,holy fuck is gab filling up with moslem loving retards seems to be islam is terror islam is shit mohammed took it up the ass
1178760494364200960_twitter,<user> <user> another hoax against caucasians • is this crap that keeps happening to white folks our white privilege that we keep hearing about
15303992_gab,john oliver is a queer
1167107425322688513_twitter,i can ’ t believe i have class on fridays for the first semester ever so ghetto
15369074_gab,moslem scum should bleed out on the street like the halal meat they scum off into fuck each islamofascist and supporter you scum rape jihad sharia creep islamo facism white genocide christiangenocide pig meat moslem white black retard friend die now please you are filth btw brits 1 a
1178958398676766721_twitter,<user> <user> did that make them white
13855748_gab,does the nfl still think poor blacks faggots dykes and hillary supporters are going to fill their stadiums look again maga gabfam news
1178688339018469379_twitter,inciting violence by retweeting dangerous and violent rhetoric is indeed repugnant i wrote my congresspeople just now to call for trump resignation have you yet resign now trump civil war 2 impeach trump pence barr impeachment impeachment now impeachment is coming
1165309956352040960_twitter,dani ceballos looks like his shoes are too big for him coming like it pe in year <number>
1179088585967853568_twitter,even if trump gets impeached but will not step down at least he will know that he is a fucking failure and the american people want him gone
1179097851936329728_twitter,<user> the fact that you had <number> and <number> mikes 😭 😭 and some vodkaa bro you were asking for it u cant mix four loko with no other alcohol unless you tryna die
19923123_gab,black panther is bullshit the reality is darker than any african thousands of years later they are still killing each other at an alarming pace and they have turned south africa into a ghetto where murdering white families is their latest endeavor
1178808202730721280_twitter,my supervisor is a fucking coon i have a white kid telling other kids that they are acting like niggers and he doing nothing about it
1116646039123976192_twitter,these little niggas really riding around in my moms car and weve been tracking it for <number> minutes now whew shoutout to the sprint drive
1179074607015444489_twitter,<user> <user> jani look after baar afghan where <number> women were raped by us soldiers
1178042198165774336_twitter,supa wanna be a dyke so bad lmfao
1178813519921373185_twitter,im sorry i do not usually get involved but you are a disgusting human being and i fucking hate you putting other people down because of your shitty mistakes
1179105177443454982_twitter,<user> <user> <user> like pretty much anything rooted in nostalgia even tangentially is going down the wrong path because if you are a trans woman of color or disabled queer latina you almost certainly never had all of things and in many cases had none
23670821_gab,what makes you think that another muslim will not win
15500373_gab,beat a guy from bejing in the world jousting final found a chink in his armour
1178753430162001920_twitter,<user> i fucking hate you lmao
1179073008977108992_twitter,<user> <user> unlikely to happen soon this is the perfect distraction for the lnp to get political mileage from has everything dog whistling moslems women nationalism perceived terrorist threat nastiness for the haters let us them avoid answering real questions and make good policy
26415483_gab,<number> spartans killed over <number> sandnigs anders breivik required <number> shots to kill <number> traitors bernie bro at gop ball field fired <number> rounds <number> kills copenhagen moslem attack had <number> rounds fired with only one dead that was not the cartoonist target chose your river blood or sewage
1178643287873335296_twitter,feel phylliscitations to daff mr hairwigger who has just hadded twinned little curls he was resting between horrockses sheets wailing for white warfare prooboor welsht breton
1178831129538744320_twitter,when that white rapper called chelsea handler high class white trash chelsea and i both said yeah that sounds right at the same time
22061834_gab,people with talent something you paki street shitters lack
1179072047479234562_twitter,i wish you all dudes stop asking me to come over that a definite no i would never let you faggots around my parents 🤧
1272537572967882755_twitter,<user> ted you grow some balls i bet you hate your name is not smith
16823274_gab,nigger porch monkey tree fruit neggra niggress ol black joe
3999711_gab,bringing in pro sharia law immigrants is like letting a drunk driver take kids to school on the bus it like letting a serial killer out of prison and hope he she has learned their lesson
1179077398194769924_twitter,just spent <number> min figuring out exact loc of tea lounge on 7 th ave park slope to map it i will never get these 1 5 min back but mapping a place of my and so many others many boring fine or stellar first dates is worth it dyke gentrification cri tgis dig geog lesbian queer
1092233705035390978_twitter,big boi saying atl hoe was the only halfway interesting part of the halftime show super bowl
17528127_gab,the golden sun kike shining like a new shekel in this big oven
11865056_gab,i think you are missing that it is young white males especially that are waking up
1178813284495056897_twitter,<user> my family considered going to toronto in november for a week long vacation but as white christians do not feel safe in doing so we might get arrested for our own safety
24164900_gab,that why you are destined to be murdered by sand niggers who very much are
1178748203149271041_twitter,<user> they white asses be built for that
25905133_gab,are we really this stupid as a species europe is turning into a muzzie infested hell hole but o the royal kikes are getting married let us celebrate o boy 😒
1257886286091878400_twitter,i hate you i love you
9353459_gab,you r encouraging miscegenation that is an aspect of white genocide so if you are white you are a mudshark skank traitor if you are any other race then you are cheering for white genocide all the facts i stated about black crime your poor writing skills r true no assumptions here
1178963188441739264_twitter,men have had these conversations with countless women but they never learn because they have not listened to the labor of those women they have not changed after being asked again and again
12744613_gab,otoh you might just be retarded and failing at trolling along with the rest of your life
25160519_gab,all these pro white christians should be deported to africa where they belong who would come out against that these subversive pieces of shit take advantage of white civilization while opening the gates for niggers we need standards that the bottom line and these nigger level iqs are dead weight
12554644_gab,this is a coverup the real shooter is sam hyde who was reported as saying these son of a bitch coons that kneel have to go
1179048493014376448_twitter,seeing how strong the push back to pass anti sexual violence bill in the parliament i am afraid to acknowledge that either <number> conservative forces in the parliament getting stronger or <number> some ppl did not understand that raped is different with having sex in marriage
15752914_gab,this is a resistance account literally slut shaming trying to keep al franken in office go check out her feed it unreal
19410887_gab,fuck you kike
22628139_gab,<user> ‍ i try to ignore you bec you are rude but basically if jesus walked down the street today in the flesh you would call him a kike like you called me you hate jesus stop the pretense
18457914_gab,<number> to <number> seems about right as a general rule about left vs right violence as well
19655794_gab,according to the democrats rinos mainstream media liberals progressives and social justice warriors this murdering pos deserves amnesty and sanctuary because he is a dreamer apparently this man victim and the victim family are not entitled to dreams because only criminal immigrants and invaders can have dreams
1178875194267430912_twitter,<user> <user> statistics say no but nice try black on white violence on the other hand
27879139_gab,nigger tranny pics you found
13099204_gab,i do not understand why anyone would watch guys under <number> fight i also do not understand why anyone would watch ugly dykes fight either so maybe it just me
8124272_gab,can you imagine what would be happening on the streets of the uk right now if that had been an attack on a muslim event
1178691072303812608_twitter,all i did was wake up and love myself and some group of uneducated white girls are yelling nigger at me through the internet before lunch
2408325_gab,how many refugees should be admitted to the united states if your answer was greater than zero we have got a problem immigration
1178750868503457793_twitter,i dont hate you mskddjd im just want ur throne
1179071487623475201_twitter,getting an all white kitty tomorrow ❤️
22813282_gab,fuck the taxis they are all run by ignorant towel heads anyway i do not use or like uber but i do see many white people driving for them
1081197157439426560_twitter,you dudes need to boss up i am tired of women saying niggas ain t shit
24556422_gab,you are retarded and paranoid not woke <user> ‍ has met me in person he will tell you i am a dispatcher and not a fed dude you are hilarious
2237880_gab,notice how the bbc split the immigration figure up so it appears less than <number> maybe they can also split it so it shows number of moslem fanatics came in
16959844_gab,be armed and avoid travel in cities we can never take the nigger out of the nigger chicago baltimore detroit should be no go zones and let them all kill each other hope the <percent> of good blacks move first
13441981_gab,well of course it does jews invented feminism that all jews do destroy shit they openly admit they destroy shit
24515858_gab,i think you missed the point i acknowledge the existence of the magic negro you mentioned i however would prefer they go be a nigger somewhere else like africa for example to accept them you must accept them all
16070530_gab,<user> is going to let pedos run freely on gab advocating for child fucking but if you think nigger and jew rapists that want you enslaved and your kids raped should be killed you are the bad guy
1178818613362544640_twitter,i really need to just go back home to jamaica find my wife impregnate her have her raise my kid till about <number> get em both her a green card and become faithfully nigga
1179082645759594497_twitter,the white boy in my english class just yelled good morning shut up chad
25245738_gab,incoherent much boy typing all in caps is fun huh oh wait are you retarded your caps key is stuck i should not make fun of special people like you it like taking candy away from a retarded baby
1178496950754263041_twitter,<user> you act like you do not live next to a house full of white boys for you go get one
1328755_gab,if being gay so trendy acceptable why do so many celebs and politicans have fake marriages
1178968407565328384_twitter,<user> those niggers get paid
4473541_gab,sli mg is not a good place to put your pics they say your pics are never deleted well they lie i can not even upload any more f ing kike bitches
1179104713356320768_twitter,love getting fucking condescended to by the cis telling me im reductive and need to calm down bc i simply mentioned to a largely queer qnd inclusive group of ppl that certain devs are transphobic so they could save their money and said cis wouldnt let it be
20078058_gab,number of reported deaths total civil war causalities <number> jewish holocaust deaths <number> <number> think about how ridiculous that sounds
1256072404830478338_twitter,people that use trending topics or hashtag to post their pics or nonsense tweets irritate me the ghetto
1179095859348287488_twitter,<user> volga slave trade crimesn khanate barbary slave trade muslim spain slavery of christians ottoman slave trade all focused on enslaving white people white people have never faced oppression for being white
1179031922489614336_twitter,<user> <user> <user> i call anyone a nazi who is a racist white nationalist it not that abstract
1187917816948756481_twitter,anyway you all see these euro niggas dangerous mofuckas
23975159_gab,hang all sand niggers from a tree
24116289_gab,<user> fuck you and die you fuckin lezzie nigger white hating cunt
1179041186885054466_twitter,<user> i use that unfollow app on twitter and instagram from time to time and kill all of those cats plus i block everybody that want to sell me beats 🙄 or ask me to check out shit although we did not spoke a word before it disgusting imo
17819498_gab,you are a fucking mush brain jew i fucking know that about iq and never said any different i said that a shitskin thinks a white woman is an upgrade because they do because she is you are like in the mossad special education classes for slow jews or something
20505552_gab,nice i like where ur head is kike rinds
12673633_gab,perhaps the bigger impact was within the demographic breakdown where muslims dropped from nearly half of refugees under mr obama to slightly more than a third christians meanwhile went from <number> percent to <number> percent under mr trump
1178749845886164993_twitter,<user> hahaha and that nigger has someone thinking they should fight for him what a god 😂 😂 😂 😂
1179080720830083074_twitter,all white like messiah feel like i am illuminati
1178315214275538944_twitter,<number> x1 all white 엑스원
17896103_gab,fact whites are the only race that care about animals niggers eat them chinks torture them and arabs fuck them
1179001510803464194_twitter,not me getting foundation on this white christian dior collar 🤒 🤒
1179099597702078464_twitter,<user> and then dreamzy has been raped but that do not get mentioned cus u lick eachothers arseholes
1178595083534454784_twitter,good morning tonight i had a nightmare where all tj suddenly became horny for todd and people were shipping him with hank there were fanarts and whole threads about it and i wanted to kill every single one of you
24337479_gab,sergei the faggot would prefer the nsdap had not burned gay pornography and books on transgender theory
1178909126790918155_twitter,<user> we dont have the ability to process refugees because of the flood of illegal immigrants
1178855622936186880_twitter,islam muslim people news read words worldwide quran everything challenge that you fight for must know and think how to end it but mostly everyone enter for the challenging do not know and never want
1178422013238620162_twitter,play one game of overwatch after a month away very first game instantly has two players calling people faggots and to kill yourself oh boy i gotta just not play this game at all anymore
1178665557735944197_twitter,<user> <user> <user> <user> <user> iraqi refugees were forced to flee and started waiting for resettlment since <number> till now is it time to be fair is it time for equality is it time to componsate them the waste years that lost in waiting they lost everything stand with iraqi refugees
1179070953185087488_twitter,<user> i can not even decide who to look at they all look amazing
11678017_gab,in the meantime jewish advocacy receives billions in funding from jews and that ok but when whites do it ooh better watch out it all a scam better not organise someone might kike you
1178741095150313480_twitter,it took just one million refugees to bring out the dark side of european politics and unsettle moderate governments do we really think there room 1 8 0 m nigerians in western cities <percent> of us is more than they can cope with there only one way forward fix this place
1142922938422898688_twitter,real niggahs do not get in to that
1178571617254940672_twitter,fuckin with the same sex they say it a sin huh but i am a dyke and she a fem it a synonym ooh puttin m ms in the bitch then i go and buy a pack of m ms nigga let us get it <user>
27879993_gab,womp womp kike
27767940_gab,a vile piece of shit that kidnapped beat and tortured a pregnant woman and got out on 1 0 k bail thanks to his kike lawyers from the music industry
10032177_gab,i wonder if poland will accept christian refugees from germany and france in the coming years
4480271_gab,retarded nigger bessie coleman on google homepage literally fell out of her plane to her death because she wasnt wearing a seatbelt while flying the more you know maga gab fam
11323439_gab,since it has already been established that as an aggregate blacks could integrate just fine in this country and still do in many parts of the country its clear the issue must lie with other factors specifically with post <number> urban black populations
1179097970899329024_twitter,<user> <user> <user> <user> <user> juanita broderick was raped so are you saying she wasnt a victim
1170516555635015680_twitter,get out of my face faggot
1187164926797926401_twitter,i cannot go to a restaurant amp eat a burger that ’ ghetto
1179093459396972544_twitter,what more disappointing a white boy who can not shoot 🏀 or a black person smoking cigarettes 🚬
1179017933458153473_twitter,he asked me if i wanted one and i tried to grab one but then he proceeded to pull it out of my hand well fuck you too
9844016_gab,gas all niggers jews the world over presto most if not all racism ends
24783666_gab,australia is not a nation of immigrants but settlers and pioneers south australia is the only part that was settled by euro immigration and its one of the tinniest states
16636622_gab,i agree with you it all boils down to girl woman upbringing but point is that only a white man would do something like this not beaner or nigger or whichever other species of coloreds
12894603_gab,is he taking lessons from penis juice and his kike handlers 🤔 that a great example of reaching across the aisle so to speak if true
1178527286447890432_twitter,white ghetto and stupid not cute
1177304303796674568_twitter,<user> they gotta think bout the niggers 😂 i d be giving out smoke like a newport vendor
1111537171327053826_twitter,edge smedge have you believe this gay old horse of affection
16120519_gab,the only good nigger is a dead nig oops there are no good niggers
1178910299119730688_twitter,<user> false headline hillary clinton sexual assault allegations are less important than democrats winning in <number> she never said that <user> begins w a false premise clinton found it politically useful to hype up the myth that women everywhere were being raped and abused
12296009_gab,mod moslem <number>
10529949_gab,not interested in whatever retarded argument you are going for here
1116952651105804288_twitter,gimme all of that ultraviolence
1206023608109273088_twitter,<user> <user> i only see some muslims but nothing else typical for the cowards jailcarola
1178494435904151552_twitter,<user> wait what latino man who crashed into suburban mall full of white shoppers charged with terrorism
1116794085476409344_twitter,yellow album so cold niggas thought it was a fluke
1143083211171364864_twitter,unpopular opinion not all you niggas need waves 👀 some of you all need the hair
1173204487911198720_twitter,buying white baps instead of brown because it ’ sunday and i ’ m a crazy mofo who can ’ t be tamed
8041761_gab,i hope there a pig farm nearby or at least someone should bury some pig carcasses on where they are going to build those moslem structures
1179060368209010688_twitter,<user> the president is encouraging civil war is that what you want for our country mr mccarthy do you want to kill democrats for this man do you want to see women raped killed and children killed that is war is that what you want
1367527_gab,<user> completely respectable ladies can enjoy a couple of honky tonks and some beverages nothing wrong with that <wink>
7949240_gab,the end of it did not mix blacks and whites it just meant the liquor stores in black areas are now run by arabs instead of blacks
15032941_gab,<user> no wonder you are charging for tweets stereotypical kyke behavior spy and propagandize the goys but remember to charge them for you fuckin oven nigger
8687178_gab,niggers are only good for keeping judges cops corrections officers and parole probation officers employed go die you stupid worthless black nigger trash
1179079586803585026_twitter,<user> to use to kill all the jimin stan
12458728_gab,the only way torba could rationalize this simple observation as weev advocating for violence would be if torba assumed weev thoughts and thus he is accusing him of a thought crime maybe weev does want an uprising so what private internal desires are not criminal thought is not a crime yet
1178765107062546434_twitter,fcking retard take xhaka off not torriera
20796672_gab,i heard you hate joows you a muzzie hon
27444536_gab,i think i like gab for two reasons great memes and reading my husband argument threads i met and married this atheist but according to several nazi types i have married a jewish man does placing loads of exclamation points and random caps locking constitute better arguments 😂
25895876_gab,apparently he had a shirt with badges of the white power and ussr hammer and sickle symbols and another one that says born to kill sickening
1233393878566305792_twitter,<user> cuz all turkey can do is just playing with immigrants
9906038_gab,it been <number> years since the moslem terrorist attack in argentina thanks to the liberals there there may never be resolution amia <number> años han pasado y nada gracias cfk gabgento
20213902_gab,how would issues even be brought up to vote for in that system some kike will push drug legalization or gay marriage or something
21553592_gab,sad imagine being a jewess so low on the talmudic scale that the shuttle you off to run the dying print saggy nigger tits magazine
1179002983826313216_twitter,<user> well technically he was referring to a white bitch on go get it so ok
14046032_gab,apparently cannot read either stormer women are off limits to kike mediatards
1104580628744409089_twitter,edina vs eden prairie is the grape nuts of high school sports
6362215_gab,if we do not act to remove islam from our countries we will have our people blood on our hands if we do not act to remove kebab unilaterally we may well doom mankind endislam
16941468_gab,pakistany child grooming gangs are rife in bradford keithley and leeds but police are too frightened to say anything is not it time to send the troops in and just shoot all the paki scum
1178648036261728257_twitter,so the new season of orange is the new white supremacy is a fucking mess master race ha more like disaster race
1116404992456437766_twitter,<user> <user> bc he ’ a white man 💋
1239198065497722880_twitter,twitter on the laptop is the ghetto i want my phone back now
24304860_gab,translation how can you tell that a muslim is lying to you
1108115844008198144_twitter,rosé white girl of the month
1179088733636685830_twitter,you are banned remember white boy
1179086676750192641_twitter,<user> definitely blacks white people are not surprised when it an actually unjustified shooting there justice but ya know you people like to immediately just to conclusions before all the facts have come out on every single shooting
1162589602063900673_twitter,i have to be better hunting that metaphorical white whale will not end well or even end at all
21092381_gab,when i see usernames like jill kews or people posting pictures of violence against black civil rights marchers on here i know they are neo bolshevicks here to piss in the well that is and will continue to be a problem with rightist spaces
1178609040341049345_twitter,lil white ass never wants to go home
12302647_gab,did you know the only time moslem women can walk before men
25476794_gab,and there is nothing as bad as a filthy kike
1179095158685650947_twitter,<user> <user> the right of course has not been anti semitic before just like the daily mail has never been and neither is the spectator or telegraph comments section full of white supremacists it definitely the hippy labour lot that are anti semite
1178836649280593921_twitter,between elder harassment displaying zero sense of fear about an almighty creator god by some of today youth is plenty enough reasons to say lord come quickly
1082088434468937728_twitter,so that white powder must have been sodium percarbonate
12659625_gab,<user> you confound arabs with north africains white people romains and iberian origin and i am the illiterate how many languages do you speak doctor in geography which is pointing africa in the arabic peninsula i speak <number> like a native sucker
1179082068946493440_twitter,<user> <user> <user> <user> <user> <user> i am not saying that at all what i am saying is that during that jim crow all black people had an understanding that white supremacy was the biggest threat now immigrants come here to compete against everyone else they do not recognize our continual struggle
25337115_gab,sacrifices must be made i agree screw that newport smoking fatass mudshark and her ugly mama too
1178358935151108096_twitter,lol white people who hate cops but dont live in the ghetto amuse me so much every one of yall acab black flag niggas shi look like a bag of mayo with blue veins running thru it
1178898488605773824_twitter,<user> yea ur white so do not say it wigger
1088064713664151554_twitter,davos is merely whitewashed economic gangsterism
14564271_gab,i tire with you all day same just blah blah blah kike you will see it a dream cheese puff boy go bed it a school night 😉
20374990_gab,so a kike banned you from twitter and you come over to a platform full of jew hating nazis to complain about nazis what the fuck
14370087_gab,the scottish government has said it will ensure a member bill on an outright ban on physical punishment of children becomes law no word yet on wether they are going to ban female genital mutilation in the muslim communities
19068637_gab,yup just like the old joke why do lions lick there ass to get the taste of nigger out of their mouths 😈 gab fam white is right
1179047731505049600_twitter,1 st wave feminism let us vote and shit assholes modern feminism i hope you get raped for not bowing at the altar of big government fellow females
1179093982774607872_twitter,very excited to watch margot robbie kill all men in theaters this february
9382121_gab,<number> should i fuck my mother before or after it comes out that he also a muzzie <number> would i not have to fuck my mother if i waited till it came out that he was a muzzie and then pointed that fact out
1179079184775335936_twitter,<user> yeah cuz incel violence is a fucking epidemic and movies cause violence this joker outrage is just stupid it only a movie chill
1178838216184479744_twitter,<user> it starts off with that infamous footage where trump egomaniacally rudely arrogantly pushes away the prime minister of montenegro and trump is proud of that footage apparently we are letting trump down not sending in men with white coats to take care of him
1179076392769720320_twitter,white professor just used the term illegal aliens
20164205_gab,true if u go thru a drive thru an there a nigger there u gon get aids
1178918143718297601_twitter,<user> we have never seen any fabricates of whites being harassed as breaking news in our countries in my neighborhood one white lady pressed some serious charges against a black boy for harassment after much investigation it was found that she was just lying it wasn t a breakingnews
1179063685655846912_twitter,<user> <user> they vam go yo pakistan or any muslim country
10010219_gab,sugar grove that out <number> sugar grove is nice but there are some real hillbillies back there i mean coon skin capped only has one set of clothes so one day wash clothes they have to be naked type of hillbilly
1178223346674098176_twitter,<user> <user> what wrong that she calling them white supremacists when they are literally jewish
1263729453286346754_twitter,don ’ t be bitching when you get that same energy playa what ever goes around comes around pongase trucha 🤟 🏼
1178651156849012739_twitter,<user> how it takes resources to help refugees settle in the country but the same resources that could be used for them is being used to accommodate illegal immigrants
10365362_gab,hey gabbers how can one get a channel for the donald made we have twitter refugees coming and most are fans of the potus like me
1179100557300158466_twitter,me buying one thing off of depop wow i am a slut for depop
1178977216408907777_twitter,me being like omg i do not have any shivs left how am i supposed to kill all these clickers
1099306009762230272_twitter,think about you i dream about you i talk about you i smile about you i cry about you i love you i hate you i need you so bad
1179080129022222337_twitter,i joined a queer asians fb group thinking it d be like sat where it lighthearted memes but instead it just that constant lol i am gonna be forever alone bc i am a depressed piece of garbage type of shit and i am like huh i really can not stomach that anymore
7934523_gab,and president trump will not be bowing to a raghead either
1246265979476344832_twitter,<user> ma ’ am that ’ gay
1122669751698898944_twitter,not this bitch
5973480_gab,what would you do if you found out your husband or wife was gay this is something that is increasingly happening to couples all over the country and many end up divorcing so that the gay spouse can freely pursue a gay lifestyle michael snyder
1179074562870386688_twitter,this fat faggot id such a child grow up porky
1179078508720640000_twitter,the wokest thing u can do as a white person is kill yourself by self immolation
1178550655239249920_twitter,wea df all you saints fans come from 😒 go back to yo faggot ass cowbitches saints won 🤪 🤪 ⚜️ ⚜️ ⚜️ like bitch who are you 😭
1144043803277271040_twitter,pomona ain ’ t ghetto enough i need to move
21421213_gab,weev talks about killing and raping white women <user> ‍ talks about putting gook women over white women was this shooter apart of the anti white women mgtow stormer
25629260_gab,lol it shocking news to normies that they do not have any nigger genes 🙄 they believe that race is not real however if there are such things as nigger genes they are terribly disappointed they dont have any lol
1178426476338671616_twitter,right now we have at least <number> of the white stuff on the ground what ever happened to the fall season lol 🇨 🇦
1276507590785105924_twitter,<user> is every young person in america retarded
1179008873484685312_twitter,<user> <user> have you guys tried raping someone it hard work only someone who tried would say this failing to rape someone is a crime it called attempted rape
1179050937148678144_twitter,white chocolate covered strawberries edible arrangement me please
1178981778683416576_twitter,some of them are still young and none of you think how will these things might affect their mental health and how they will lose confidence reading those articles and what will their parents feel about it i fucking hate you all
1179027000205484032_twitter,shade never made anybody less gay but conversion therapy and homophobia have caused violent and irreversible trauma to queer people all over the world
1179046303088537600_twitter,<user> illegal immigrants r thrown out of every country now if all the muslims r not welcome in muslim countries and will end up going to non muslim countries wat u expect will happen mexicans r not muslims tell me why no muslim immigrant is welcome in ne muslim country
17226025_gab,they are calling him a nazi when he is surrounded by jews and has lots of jewish family and just changed the capitol to jerusalem nothing he can do will change them calling him a nazi
1178935230297600001_twitter,i will never forget how one of my coworkers looked me dead in my face and asked me do you wash your hair just because my hair is in braids does not mean i do not wash it you small dick white bitch
25138131_gab,you do not need to shut up i like when you talk exposes you as the kike loving shill that you are
1217605408329592832_twitter,as long as you gettin money yo bitch don ’ t care if you don ’ t go out
1177933241099194368_twitter,this is anecdotal but i used to have people drive past me screaming kill yourself you emo faggot when i walked down the streets does not happen so much any more though yeah northern ireland is like exceptionally garbage when it comes to progressiveness so lol
21949847_gab,what a fucking disgusting lowlife piece of shit he missed his calling he should have been born a kike
19112164_gab,fuck her she nothing but a kike that will play which ever side that will get her paid
13104688_gab,we need nigger control
17958826_gab,skin color should never determine whether or not one can form their mouth to make a sound just because some idiot finds offense with it nigger equals slave when one acts like a slave one should be called a slave every leftist is a nigger
1178252140822683648_twitter,forgot my password to this shit once i got a new phone im back bitch
16074519_gab,he going to get fucked by the left i blame this on trumps lack of kike awareness his son in law for example
1178607632682123264_twitter,<user> <user> white neighbourhood <user> are you on drugs — or an agent provocateur across the west former ghettos chinatowns etc now are just quaint anachronisms because we are not racist you have had more time than you deserve no more patience for your stupid racist bullshit
12073861_gab,every action by the establishment government seems to be in direct conflict to the well being and betterment of its citizens this government no longer operates with the consent of the governed but rather under direct threat of violence against us
26657816_gab,i d beat his fucking ass retarded for talking to me like that honestly
14550110_gab,is not a mudslime touching a boy dick frigging it with lubricant to get it a little hard then mutilating it with a knife sort of faggy or am i being a bitch mudrape
17363428_gab,jews lie niggers steal and rape spic women can not stop shitting out babies and birds have beaks
1179064687641710597_twitter,<user> <user> <user> <user> so then do not complain when a white person does the same shit to you you can not be selectively mad about something like this without being a colossal hypocrite
18677828_gab,i have heard that and have read that verse in the bible that is arabs muslim is a religion and muhamid is the prophet of alah the koran is their book which is not of the god of abraham
1178039605427200001_twitter,wtf is with the john wick joker equivalency re gun violence john wick is a former assassin who gets pulled back into the game by mobsters while trying to live a peaceful life not very realistic joker is a movie about a guy who turns to uber violence bc he feels like
26627642_gab,bbc quits broadcasting to focus on bbc tv licence fee harassment business to fund bbc common purpose degeneracies courts enforced tv licence fee funded bbc where truth gets slaughtered
15920501_gab,our local moslimes are clustered to the south and south west serbia does not have colored immigrants moslem or not refugees who got here before surrounding countries have closed borders are located in special facilities and very few have managed to escape and live among general population
1178918644547489792_twitter,wait i am gonna be in paris at the end of october please tell me there starbucks in paris and i can have psl like the white bitch that i am
1178849207567798272_twitter,so in new york if you say illegal alien you will be fined <money> <number> it you are attacked or raped by an illegal alien it a crime to call ice hm kinda fucked up to be an american in new york
1179023893224443905_twitter,<user> why do not you meet with the women that you raped and offer them an apology with compensation there is a list and you have not asked to meet with them why not
1179033768004186113_twitter,you want a bitch i will show you a bitch
1179033932903243776_twitter,<user> <user> so then queer is not queer how about homosexuality does that still exist or do we not need to discuss that anymore either
1179049870633648129_twitter,<user> <user> <user> not we love america and tanding tall with straight spines unlike the maga who defend treason corruption dictatorship cover ups murder white supremacy misogyny racism homophobia and the list goes on good always wins in the end
23246666_gab,wonder why they had asian women in wheatfields as a prank wonder why they joke about asians were the hardest part wonder why they make a song about how italians are not honkeys this is all controlled these songs are not even funny but forced
1231321657534504967_twitter,<user> all it is is 5 v5 point and click lmao kill all to win or plant the bomb for it to explode defuse
16645148_gab,<user> hey andy welcome to gab while <user> was screwing with our feed or putting us in time out andrew torba was creating this 1 a based platform like social media was meant to be lots of bird channel refugees about sure you will run into many more glad ur aboard
1178995222862340097_twitter,politics live two fat tories saying they dont know why over <number> people died on our street and that the care as much as labour about people they cut 3 8 billion the women said we are giving <number> million back they really are sick
1143201658324881408_twitter,you know those fb sex memes and quotes the ghetto lit rally the ghetto
1178806201787863041_twitter,bitch fuck yo nigga hoe fuck his feelings
17933849_gab,trumps calls shitskin countries shitholes and is lauded as a hero hillary called blacks super predators but is still a villain the power of kike brainwashing
1089588241714634752_twitter,i swear if demi does not use flowers or a phoenix as concept for music videos for d7 she can cancel the era
21527223_gab,part i the <number> murder trial of oj simpson and his subsequent not guilty verdict was hugely symbolic for many reasons <number> it symbolized the browning of california a place once known for its beauty splendor and prosperity now a hotbed of clash violence and negrofication
16881276_gab,make up your retarded mind did hitler or did he not kill <number> jews
1179088882631139329_twitter,my mum talking about how when i came out as queer she had to mourn the version of me she thought i was before and how i am a different person and i am just sat here like oh man you are gonna have a fit when i come out as trans
1178962473849741312_twitter,<user> unite yo stop hate injustice agains blacks over the years blacks always been brain washed and tricked by white america
21084011_gab,tired of these pussy fucking memes make one it ok to shoot a fucking nigger in the face if he on your farm
22626955_gab,can you guys say nigger without getting arrested lol
1179085372787216388_twitter,<user> <user> <user> <user> <user> the text specifically says he took her and ענה the girl sexually abused or raped apologists redefine the term it also used for the hebrew man who sees a beautiful gentil capitve he can marry her but cannot sell her because he raped her ענתה
17841635_gab,these fucking su calls are just as fucking bad as the god damn cleveland calls stop with the retarded bullshit that isnt funny guys holy hell
1178414031599742976_twitter,how maney of you ladies are attracted to older women
1179043003350093824_twitter,<user> this administration never fails to keep their white trashy unprofessionalism from leaking out
1179101261276123136_twitter,<user> still many soul are alive in indian they will never allow to happen what happen to jews in 1 9 3 0 in germany we are with you
15332117_gab,<user> hey jewie u still suckin jew cock in your twitter son
1196053412900560902_twitter,top of it bitch happy sunday i hope you all make it to church i will not but i hope you all do
1179085492987428864_twitter,<user> <user> <user> they are already creating a digital concentration camp it <number> do not need physical walls and guards to create a concentration camp i see a scenario where uk and us open up refugee status to hong kongers and allow for a mass migration modern trail of tears
22364588_gab,how do you who live in the south of ireland feel about the refugees being allowed in without letting the irish citizens know and what your thoughts on that foreign leader trying to make abortion legal i like ireland and do not wanna see it go down the shitter
1194994723490029569_twitter,<user> i hate you
20050791_gab,five women pose for a picture as they playfully ask for the affections of the men standing london england in <number>
1146513422055550978_twitter,i feel whoever dresses amy want her to look ridiculous love island
1178837824625401856_twitter,hogan is the definition of white trash
1179101134163775490_twitter,<user> is he so surprised he works with flowers after all if he happens to send more make them white roses
27385986_gab,i hate jews so fuckin much 😤
1179056757168955392_twitter,<user> the bad bitch life is not for everyone
25523547_gab,this is why israel rothschild hungary soros must open their borders diversity will be their strength refugees and non white in white homelands are worth more then gold to israel ask any kike
1178132546787450881_twitter,<user> <user> lmfao
16031140_gab,justin trudeau is the retarded asshole bastard son of fidel castro
1179102496847024133_twitter,<user> <user> <user> <user> the difference between an immigrant and a refugee is timing important to judge what is best for your circumstances
1213395976792264704_twitter,taina really herb peace bitches think it ’ cute being crazy and ghetto
15762396_gab,welfare is a kike scam to enable niggers like you to sponge off of the system it was pushed upon the country unwillingly and has been causing constant turmoil and misery ever since it should be abolished completely what else have you got for me you jew fellating ignoramus
15991664_gab,tyler q houlton ‏ dhsgov can confirm that the suspect was admitted to the united states after presenting a passport displaying an f43 family immigrant visa in <number> the suspect is a lawful permanent resident from bangladesh who benefited from extended family chain migration
1195515140143058944_twitter,<user> the campus is also a place where the law must be observed and should not be used as a cover for violence
22341450_gab,i believe she a secret nigger lover
19961089_gab,lol yeah i am not gonna give you my name and pic faggot i am not stupid set it up and ill show up no tricks just a beatin inside the ring
15457141_gab,in canada we have people lining up at food banks vets homeless people sleeping on the streets children going to school hungry every day seniors living in the dark can not afford hydro rates native indians that have not had running water in 2 0 yrs trudeau crying about queers muslims
1105537173313540096_twitter,<user> <user> you can be a thot and still not have hoes
1179093268862312449_twitter,man said dark skins should be raped and we should accept his apology because he apologised before brudda u should be kweffed
1179084285069930496_twitter,got told off in the butcher for asking for a welsh faggot apparently they are now called savoury ducks that explains why i was banned off facebook for the f word i used
1179036898611752962_twitter,<user> you and your politicians ignored the plight of kashmiri hindus you watched them be raped and killed you did nothing madam
1179097984748929025_twitter,<user> they probably regularly say they all look the same they being whichever loosely defined group is being targeted mind i have just done the same
1104479512463499264_twitter,date of birth may 5 th deidara bot
1266350773241360384_twitter,<user> it same when you enter any islamic ghetto
13918213_gab,you are super cool i bet you get that thirsty retard pussy easily
26827207_gab,im not going to join that gay ass jew hate club ya fag now go find a kackrat and stroke it all better
1179075546426286080_twitter,yoongi is ew have u seen him r u retarded u stupid bitch i only care abt jikook bitch tf i may be a taekooker but atleast i love and appreciate all of them and their ships u dumb excuse of a fan
1178752135816724481_twitter,<user> right the man used proper grammar footnotes references in a specific university draft like how in tf do you assume he some dumb hillbilly jfc
24415281_gab,i am not jewish as it happens but support the great israel from the dirty arabs like you suggest yo go back to your cancerous family as you have not been brought up normal you spastic <user>
1228881629562712064_twitter,<user> they are both gay listen to better bands made by better bands gang
1089815734950264832_twitter,it so funny to me that whoever hates on tøp the clique will find them and play along kdkjskjssjk
4569323_gab,<user> cell em with the biggest hairiest bull dykes in the joint
8036831_gab,yeah probably sunni but i do not care what flavor moslem they are get all the moslem invaders the fuck outta western countries
1178854608040529920_twitter,i just saw a grown white canadian man violently cut the dreadlocks off of a trudeau supporter syrian refugee dreadful elxn43 cdn poli scheer hypocrisy
11150663_gab,<user> i disagree with you on interracial marriages i am a 1 st generation american chinese married to a white man we both have found the christ for me it abt the culture u choose to follow than ur race i have seen many asians in us following the trad western culture than many urban whites
1179047552412307458_twitter,<user> this aquib guy is a twitter version of love jihadi baba working cleverly under the name of bjp and bharat mata ki jai slogans while sending dms to hindu girls hitting on them asking for personal info and no full on horny casanova even msgd me if i am single or not
23647910_gab,ellen degeneres promoting gun confiscation in the usa surrounded by marxists disguised as police officers to confuse the population police all around the world are doing the same becoming zionist collaborators to help the jews kill us all
1178187065370009600_twitter,this one bitch even used faggot and the n word even though i told her every time she can not say that shit she said it okay cause her brother is adopted and he black 😐 after that i was like yeah it over
22569828_gab,nothing in this photo violates any laws however i do see you reposting advocacy of violence in your timeline so i am going to chalk it up as you being another fed
25690451_gab,we need to stop all id to the nigger nations le the sub humans fend for themselves let mother nature cull the feral herds nothing better than niggers getting rid of niggers
1118282778154536962_twitter,<user> now now you naughty little slut
1186055160096808965_twitter,<user> lmao actually i take that back it depends on how much i like the person 🥴 but even then sucking dick is ghetto
1091141176957329409_twitter,larxene is out here serving looks in kh3 and fuck dude i sure am a lesbian
11762516_gab,go back to breitbart you sound like a retarded boomer
8394773_gab,ye olde niggra tax makes us pay more for home car insurance police ambulance medical schools school resource officers school po po <happy> security entertainment we have to commute farther to work the niggra tax is endless in a perfect world muslims would blow up blacks <happy>
1178978764795068417_twitter,is it this same joro you guys are talking about this joro that i am listening to is lit abeg afrobeat to badt baba <user> dey sing for babe wetin you na expect from the lyrics motivational lines 💁 💁
1185251510466371584_twitter,put the thooka down pussy nigga put yo fist up
2745161_gab,<user> i agree but we have immigration courts in areas to process the scum and this is the way of matters for the moment we need to be tougher on beaners and other dregs and just eject them automatically after finding out their status as illegals
1179078045132414976_twitter,death penalty for this trigger happy hillbilly trailer trash muderer amber guyger amber guyger amber guyger trial police brutality
16018169_gab,i would just stab nigger one on one its fair fight now 😉 if he try something 🤗 🤗
1211595304757268480_twitter,“ i ’ m gay and a fag 🏳 ️ ‍ 🌈 ” james <date>
1199917198900387840_twitter,<user> i ’ m howling at the dirty jewelry
1178795657336889345_twitter,i sure wish i would have saw that i would have gave that hoe a piece of my mind fake ass
1170830037878104066_twitter,chinazi this is china this is hong kong today
1179094831894806528_twitter,<user> hi adrian i d love to send you a review copy of my weird little picture book for grown ups about mental health and dog rescue it the story of a queer woman me navigating c ptsd triggers and childhood trauma to help herself and her sweet rescue dog heal
1178503399962300416_twitter,i hate fucking niggers
5461604_gab,that faggot piece of shit to the right is german not swedish although his kind exists here too
27623811_gab,gang rape tommy fuck jews streetshitter420 maga gab gab torba gtkrwn turkroach fuckbees gabcoin qlarp trusttheplan
27419445_gab,is it just me or are the only people retarded enough to buy the q larp boomers i swear they eat it all up right along with a side of fox news and pro israel propaganda qanon
1110218184328658949_twitter,cardi b makes music for women who think collecting child support is making money moves
17027156_gab,camel kike spitting on aryan woman
1088925321947156481_twitter,crazy women got the best pussy
1179047465502363648_twitter,<user> <user> <user> many were hidden for over <number> years like the rochdale girls over <number> children raped by muslim paedophiles in one town alone whilst muslim women stayed quiet
1167177155639435269_twitter,<user> my middle school band director was a nazi and my current one is a pedophile uh
1179058382004576258_twitter,<user> chinaman satanist lee hsien loong criminals audible talks in <number> wellington circle singapore are always negative that they screenshot and put his profile on facebook <date> lee hsien loong disloyal to his criminals and lawyers
1179098860792291329_twitter,racist quip i heard today oh yeah asians take bear paws to make potions
1179098071671754752_twitter,for a white person extracting social capital from your native ancestry fictive or not is a way of flirting with non whiteness so as to paradoxically bolster your whiteness frankly not unlike black brownface
5219517_gab,looks like this fat fuck muzzie has not missed too many meals probably on the us tax payers dime these inbred muscum are the ugliest people in the world
1179103212663693319_twitter,law society investigator curtis smith an old white man wrote in his notes that i tweeted squaw and nigger about <number> times
17929633_gab,naked nigger attacking white not h m in south africa bart train station in san francisco
1200151913854951424_twitter,framing thanksgiving as solely a day of gratitude and family while completely erasing the pain native americans feel today is violence
25551077_gab,implies female sand niggers are hot ignores the bin bag they wear to hide their hideousness
1179063615468576768_twitter,<user> <user> this song by amy winehouse i am telling you go to karaoke anywhere and the white bitches will all unanimously sigh when it comes on because they mad they wanted to sing it 😂
23574935_gab,bloodthirsty kike is bloodthirsty
18859801_gab,more than <number> french towns battle floodwaters as river seine is set to reach peak tonight closing roads and schools and evacuating hospitals in underwater paris hey maybe they can permanently evacuate gillions of invading barbarian muslimes <user>
15468960_gab,i thought yemen is white people isnt it the moslems are killing them because they are not moslem i mean fuck the muzzies and jews and double fuck the niggers but if they are white non moslems or jews then its not a good thing for them to starve
1220372133328670720_twitter,<user> people who dislike his character went full retard
1178658044852555778_twitter,<user> katie hopkins reports pakistani muslim man assaults white man is racist attack civil unrest as crime against english people from immigrants rises
13102774_gab,i am not attacking these people just their bizarre kike critical theory agenda against my country ultimately the nationalist position is so clearly superior that it will win out no matter what so there is no need to argue i am just shocked people actually believe this it weird
22341782_gab,was engels a kike
20014893_gab,i agree i wasn t racist until they elected the nigger for president and unleashed hell on us
4371004_gab,what you would consider a long time ago someone in my family married a moslem american whose family was rich this person was constantly mentioned to me as having the happiness and success all young american women should strive for lots o shopping big house w swimming pool etc <user>
19770618_gab,the noodle is muzzy looks like lol off to dr appointment see you in a few 🤗 😊 🌞 🌞 ✨ ✨
1178748854583414787_twitter,<user> <user> fool we do not do this stuff on an everyday she was out of line for during that to them white kids just do not act like it a everyday thing with us
25855215_gab,nazi assholes <number> good republican <number> joke antifa hezbollah sandniggers10 little bitch mellenial <number> stupid democrats that just veiw cause scard <number> lmfao stupid dems open there mouths <number> only few have balls lmfao
1179042058851569664_twitter,<user> a person can have fun and also have been raped before those are not mutually exclusive and one has no bearing on the other the fuck is wrong with people
1124019956914577416_twitter,billie eilish is the mother of all depressed gay kids
1179049468764839943_twitter,<user> same we should just kill all the da ron of the world
23323165_gab,free speech yet he banned for his speech pretty gay if you ask me also that kike doug mackey is not right wing he a subversive antifa level faggot
1106229652887126016_twitter,<user> blm and antifa and muslims destroying this country within
14950466_gab,guardamerican draws the line at the sanctity of life unlike your gosnell crowd ethno cleansing blacks more than any nazi ever dreamed that your side the kk venezuela socialism euthenasia all you libs love death conservatives value life
9637052_gab,leave us kikes alone you talk about jews the was blm talks about white people
1217464079763300352_twitter,<user> why does he have to have towel head behind him
4564182_gab,the morons in washington really need to start prioritizing american citizens above other people fix the va and help our homeless men women and children before we take in more people period we need our safety first not last
1103766016742416384_twitter,a whole generation of white women is gonna get radicalized when they realize nazis are the only ones taking their safety seriously
1178994611190210560_twitter,<user> <user> <user> <user> <user> <user> <user> <user> hey uneducated brainwashed sangi chaddi jihadi bjp it coolie if every countries become narrow minded extremist like you hindu jihadi give up liberal secular value <number> million indian rotting in ind even muslim country like dubai have <percent> indian hindu ungrateful chaddijihadis
17101996_gab,if you think destroying iran will weaken islam you are a verifiable dumbass all it will do is push more refugees to europe and create more hatred and more bloodshed none of which will be to the benefit of white europeans
13754697_gab,now we just need a man to come forward about obama and a butch dyke about hillary
6478984_gab,look at that little half breed ghetto manlet with his try hard <number> <number> roses bet his mom helped him pick them out
5001577_gab,me borrow many wampum from white man buy many teepee
1179100190822866944_twitter,when redneck neighbors try to start shit as you are packin your moving truck lmao come on my property bitch ill cut you the fuck up
5478552_gab,the fact that they are stupid shitts is a problem ricky faggots that do their job is not a problem leave that part out so as not to alienate conservative gays
19071181_gab,the truth is harsh lets not even pretend like this is not the story of every inner city ghetto latina
20359327_gab,🤨 hm six million but yep they were disarmed ceppin the ones in the warsaw ghetto that survived because they defended themselves came to the usa started the jews for the 2 nd amendment club still exists to this day
12151829_gab,he did post that way before this latest towelhead bomb thing so i have no idea what motivated him to post it
12430027_gab,i hate to say it over and over but it bears repeating talking to alt retard is exactly like talking to a ghetto black woman always looking for drama and firing off what they think are gotchas using words they do not know and concepts they can not understand jaci
11929539_gab,he sent pp pics that sexual abuse now fgm and having refugee daughter sex slaves not so much
21022360_gab,congrats to the win on a fantastic woman men are way better than women on being an actress
22928823_gab,this is normal for nigger ghettos
1102928161015255040_twitter,<user> we can not be friends with jews and india at all
1144028393392005122_twitter,<user> yes it has islam is the problam
7259392_gab,of course cubans are actual refugees so fakeamerican barry put an end to allowing them once he saw they helped beat shrillary r20 g
12869461_gab,your just mad cuz white guys are better at violence than you are what did obama do about orlando other than invite omar dad to tea fuck you
5849296_gab,wait what thats not true tho is it o this isnt even true stop trying <number> scare me u stupid alt right neo nazis actualy it is u nazis who they r watching cos of ur violence and terorr
14533988_gab,adopting pro homosexual policies walmart plays both sides of the social issues culture war it does this by cultivating good relations with both homosexual activists like human rights campaign and christian conservative organizations like american family association afa
3056934_gab,deck america with boughs of holly tis the nadir of liberal folly put away the gay apparel troll feminists with traditional carols falalalalalalalala see trump blaze a path before us burning through the funds of soros follow me but not on twitter everyone there so bitter falalalalalalalala maga
10652908_gab,the end goal is public acceptance of open in the streets cannibalism of a freshly murdered and raped infant once we accept we are their food and toys we will have been progressed
11198659_gab,💩 straight men doing it in the butt 💩 doing it in the gay hole makes you at least a little bit more than <number> gay does not it c mon be honest
15817167_gab,gets arrested for saying nigger civic nationalism at its finest
18648259_gab,source tells utt training video for super bowl security tms shows white females as suspicious persons somali muslim as pass holder with access to secured areas when u believe islam is not the problem this is what u get shariakills maga banislam bansharia <user>
17966571_gab,so white babies are just magically going to change the society that white babies let happen in the first place if those white babies do the same shit and ignore the same issues your white asses have ignored what do you think are the chances of anything changing
22130807_gab,are white people allowed to have their own countries should asians be able to move to any white nation they like and open pho shops and nail salons
22056825_gab,oh glorious america clutched warm in zion claws our court corrupt our country gone the jews hacked off our balls no sovereignty no identity god left us in the dust and turned what good to a ghetto hood and left us there to rust
2899868_gab,kathy griffin who picks on teenage girls is worried about women getting locked up under trump but had no issue with hillary being funded by islam
1080151051875930112_twitter,guys do not blow up gay pride parades haha this is a joke i do not care
8280174_gab,kike was a term german jews used on eastern european jews that flooded in from russia and poland during the vicious pogroms of the late 1 9 th century when many german jews fled the third reich they brought the term here the origin of goat fucker is obvious
7068723_gab,jews bring muslims to kill americans and they still want them to support their war effort to turn russia communist again
14707444_gab,c ville <number> now l2r j goodwin <number> d borden <number> c cantwell <number> r preston <number> a ramos <number> not pic d d mothersbaugh <number> albemarle county regional jail <number> peregory lane charlottesville va <number> our warriors are in jail <number> being white having ballz goyfundme com jailatm com
11131947_gab,this does not happen in white schools j
1272944965732175872_twitter,<user> the difference between lib jews and real jews
1117044040795611139_twitter,<user> send all these immigrants to malibu
25781975_gab,my advice to white europeans get your guns and ammunition back by any means
11860003_gab,the fedcoats have no concept of how much they are hated by the people when the shtf i am hoping that the ghetto dwellers degrade their abilities enough for the victory of the folk remember the second mouse gets the cheese
27388394_gab,they are too retarded to farm or get a grasp of animal husbandry they are not moving here for the space it for the gibs and to rape
6914852_gab,one rifleman one vote american one bitch one vote communist if your ballot is not backed by your bullet then it just cheap virtue signaling and we all know where that leads the gulag the ghetto and the grave
1179492437460492288_twitter,<user> hello pot would you like to call me kettle a negro
1104638833079943168_twitter,never will i ever compromise for a bitch
18003130_gab,need to get on the meatpacking plants and the nail salons too those asians do not have the respect to learn english they do not have a problem taking our money and not ringing it into the register either
10007406_gab,the scientific findings that advocates and the pro gay media cite tend to come from decidedly unrepresentative samples that have been collected from places like bulletin boards at gay parenting support groups where everyone has an interest in proving that gay parenting is a success austin ruse
20624553_gab,looks like team building day at some retarded corporation who hr staff are millennials
6088348_gab,do not lower alt white credibility by saying the holocaust never happened instead say the holocaust was hugely exaggerated defensive and unimportant next to the marxist genocide of white christians lots of jews definitely starved in the camps when germany was on tight rations
7067204_gab,gypsies are not desperate though they are scum everywhere they go they rob and cheat and scam until they have to leave they are like jews if matzo balls had lead in them
1117832897103159296_twitter,being ghetto is not cute being ghetto is mad ugly b 🚫 🧢
9543918_gab,there are <number> families living in <number> apartments in one building a mexican family a white family and a black family a tornado hits the building one day which family survives the white family because the children are at school and the parents are at work
23811299_gab,perpetual war cuz the jews finance it and only the jews
17849237_gab,if i can tell asians apart whites are pretty easy
15450541_gab,the more you can increase fear of drugs and crime welfare mothers immigrants and aliens the more you control all the people
17846073_gab,lots of jews in the armed services as a veteran i never encountered a single one lots of blacks hispanics and poor whites but not a single kike
13865752_gab,i do not believe anyone is actually attracted to the same sex the typical raped lesbian is conditioned out of it many younger men and women are artificially conditioned in govt schools twitter and tv hollywood to likewise fear what they really want
1191683098166972417_twitter,<user> sad because they are muslims right
17056454_gab,the jews and muslims being assimilated by the catholic order anyways lets get back on topic
26643860_gab,all things kike are foul we know this 🖕 🏻 ✡ ️
11669580_gab,the more masculine men are the more feminine women become so women actually cant be feminine when they are surrounded by what can be colloquially called beta males as in feminine tara mccarthy
22553609_gab,keep electing islam followers and see how fast you aussi kaffirs convert to peaceful islam these are no h u m b l e aboriginals that you aussis can tame islam followers will make sure of your d e t r u c t i o n islamisevil
20474561_gab,the alt lite loves rolling out a gay minority with a muslim name dey signaling some fucking virtue brah
18379119_gab,potus great to see how hard republicans are fighting for our military and safety at the border the dems just want illegal immigrants to pour into our nation unchecked if stalemate continues republicans should go to <number> nuclear option and vote on real long term budget no c.r.
13690544_gab,muslim immigrants are not integrating they are actually further ghettoizing they are moving inward not outward raheem kassam author of no go zones how sharia law is coming to a neighborhood near you
20896139_gab,rt patriotic_va are you simple no american is against legal immigrants we are against you your ilk defending illegal aliens over americans your state is the welfare capital of the country <number> in <number> californians on welfare how that harboring illegal fugitives working for ur economy https
23340204_gab,on the right literally the kike subverter shill pick one
4582509_gab,you invited sandnigger child rapng muzzies into your home and you are still allowed custody of your own children
15766634_gab,there must be a mistake with a name like husnain rashid he could just be a peaceful sikh who been mistaken for a muslim jihadi 🤷 🏾 ‍ ♂ ️
15313450_gab,every single movie is retarded garbage now 9 6 0 english women having affairs with black doctors extreme close ups of feminists to try and force us to relate with these out of shape man hating garbages
1166190318116646912_twitter,adulthood is the most ghetto hood i ’ ve ever been in bitch i hate it here
1216920091125780480_twitter,i fucking hate anxiety
1179004510993289216_twitter,gangsta swaggin lean fuckin sweat this nigger
1089660726057279488_twitter,<user> man <number> of these nibbas really retarded
1269569431832838144_twitter,fuck i should have said queer not homosexual in my reply 😔 😔
23770945_gab,absolutely no one will speak up for us except ourselves organise network build white brotherhood
23370486_gab,end refugee resettlement programs instead spend the money to kick the ass of any country so bad it citizens try to run away our <number> forced refugee program will destroy the usa welfare immigration is global socialism
14524021_gab,other people can see the lies of the saudi led un agenda too never any mention of the real victims of rakhine only the poor suffering war criminals they need more of our money and more fake refugees in western countries news politics
1213900578109018112_twitter,<user> pranksters are worse than nazis
25419574_gab,great nazi faggot
6174598_gab,if any american is hurt by any immigrant this fucking judge allowed into the country i want the cost of whatever that victim and that victim family had to bear to come out of this judge hide and obama fucking ass
17168988_gab,why do you have a big stash of muslim gay porn you like that sort of thing yes
1262430294390509568_twitter,<user> <user> <phone> yes he is a hindu extrement affiliated with rss they hate muslims and islams
2338901_gab,<user> bring your chess boards out china no more ghetto checkers
15998887_gab,sir can you kindly address the information presented you if you have no cogent response do not flail about like a hysterical woman with a bat tangled in her hair i presented anecdotal evidence of loxism here numbers jews prefer muslims to evangelicals pls explain
1095376480274735105_twitter,i fucking hate this game
1211514294258618368_twitter,i ain ’ t neva cared what a bitch hadda say about me 🗣
1263939415770042368_twitter,<user> shit they hate negroes more than the white folks in davie
6081559_gab,also <number> 2 white and <number> <number> nigger halfrican lol
19755969_gab,we need a new nazbol meme make all upper class jews and upper middle class shitlib whites give away all their money to ghetto niggers <user>
7514897_gab,at this point if you support democracy then your vote really is worth no more than a retarded black welfare mom less if she bussed to vote <number> times
7694251_gab,the screeching of the left is approaching <number> decibels or so it will not be long before they join muslim jihadists in upper level massed political violence beyond a few rocks molotov cocktails or isolated i hate fill in the blank people like all good and stupid commies beprepared
24849662_gab,the longer the refrainment from using force to stop invasion the more force that will ultimately have to be used so violence now would be justified as the humane option lol
1222096692733992961_twitter,<user> <user> we need to end legal immigration also and deport all kennedy act immigrants
18627569_gab,<user> white nationalists warning <number> demographic shift towards non whites brings a culture that is intellectually and morally inferior <number> with demographic shift comes affirmative action immigrant ghettos declining educational standards <number> immigration should be restricted to people of european ancestry thanksforfollowing gabfam
1229884826154491904_twitter,niggas be hating on immigrants but don ’ t even got a license bro u worried about driving away the wrong foreigns 🤦 🏾 ‍ ♂ ️
18030509_gab,brexit un eu india trump maga obama israel cnn projectveritas foxnews microsoft ceo h1b visa indian chinaman freeloader google ceo h1b visa indian chinaman freeloader facebook run by h1b visa indian chinamen freeloaders twitter run by h1b visa indian chinamen freeloaders
24356318_gab,young tyrone is contemplating the calculus of how to make his sheboon a single mom
8100663_gab,around <number> percent of the muslim so called refugees are young muslim men of military age without women and or children
27667784_gab,if a wall stopped just <number> of those future illegal line jumping crossings … it would pay for itself in fiscal savings from welfare public education refundable tax credits and other benefits currently given to low income illegal immigrants from mexico and central america sperry wrote
27953001_gab,merkels murder bingo the new game for germany sadly a body has been found its looks like three murders this week folks in germany brought to you by anglea merkel and the cdu the weeks nor over let see this week immigrant murder total on monday
20001668_gab,john flynt aka brianna wu never lets us down with his hilarious retarded tweets gamergate
17388389_gab,are they have you ever asked one if they d prefer to live in the ghettos or in a nice spacious apartment in downtown new york trouble is with many us blacks there a massive chip and entitlement culture like our white chavs have here too lazy to earn it
16968406_gab,<user> do you support letting females and faggots join the boy scouts
16869971_gab,jews will do anything they can to convince you not to read homer iliad and your glorious past of victory and unity because they want you to keep worshipping their compendium of civil rights victories where they convince blacks to attack whites also known as the old testament
24524671_gab,israel defends it self from attack braindead tell the arabs to stop attacking and then ask israel
8309724_gab,some white chick was a bitch to me once so i hope all white women suffer for all time wtf
1268558604765925377_twitter,nigerians who lie have premarital sex and steal draw the line at homosexuality 🤣 🤣 🤣 🤣
18529303_gab,<user> <number> so what is the jewish plan when the globalist and zionist clash with each other how many aryans caucasians europeans and other white and non jewish nations are going to be conscripted to fight and die in this next war <number>
1214239272355737601_twitter,<user> <number> thousand people think anne frank is diarrhea sounds like sarah silverware has quite a lot of nazi friends
14384672_gab,what will cuckservatives say when texas and florida go blue thanks to diversity will they keep insisting that it only about ideas that race plays no role in this tell that to blacks latinos and asians who will always vote for their collective interests ie democrat
21646855_gab,common sense gun control would be the uk gun laws for blacks and the us gun laws for whites any honest look at the far greater criminality of blacks shows this approach to be rational
12155983_gab,i like my women like i like my bath water so hot i can only stay in for <number> seconds
7525769_gab,exactly but asians are so great is the narrative then why are htey leaving their countries the chinese are here as invaders you can believ that and every time you eat chinese food you help kill off ol whitey brought to you by mcmurphy chinese food
18353388_gab,can anyone explain why liberals especially liberal women love islam
1274495469918568450_twitter,idk what ’ wrong with my ex gfs but then hoes get on my nerves 😒
2118065_gab,<user> i am done w jewish women saying white women like themselves should hate themselves for being white lena dunham sarah silverman amy schumer do not mention they are jewish women who want white women to hate themselves it so sickening
9719987_gab,twitter done ant was the main reason i went there and to make fun of libs blacks and feminazis looks like i can get all of that here and more
19158984_gab,watching man in the high castle wow the jews that wrote this are neurotic
20238789_gab,this guy wants to put women in cages and birdles hes a fraud and has no kids but speaks of saving white race probably some edgy angry teenager mad at his mom
5588203_gab,we will never be your slaves the syrian president request you come home you so called refugees the cowards who ran and left women and children behind go home fight your own battles americans grow weary of providing more than charity requires more than your victims were allowed
27174897_gab,fine but of no use unless they are given the ok to shoot the fire power to do the job if attacked 3 rd world savages only understand a good trashing they need one to send a message europe is no longer open to ponces criminals especially moslem scum
22581140_gab,the census will show the browning of america and the fact that democrats have to import voters to win elections there are not enough guilty whites or blacks for them
24950446_gab,new jersey prints ballots in multiple languages so the immigrants and puerto ricans should not have to learn english after all some of the puerto ricians are third generation on welfare and still will not learn english
1255285704361496577_twitter,<user> <number> million jews you f****ing <censored> jerk
1126207508748619776_twitter,<user> <user> zionist jews are courting their own destruction by christian zionists that is a disturbing irony
13926171_gab,i think this is due to the common folk being raped my muslims during fhe so called golden age they basically mixed with sand niggers
1178764150811455488_twitter,<user> <user> faggots
18135548_gab,the military takes weak minded white kids who have been brainwashed to hate themselves and kills them for the jews in jew created wars it a global phenomena
18933777_gab,he was a jew doing a jews job getting whites to kill each other
13532514_gab,chinky chinky chinaman went to milk a cow chinky chinky chinaman did not know how chinky chinky chinaman pulled the wrong tit chinky chinky chinaman got covered in shit
3532491_gab,<user> here one of your more shining comments from <number> some are still pretending like the recent muh dikings are specific to the sandnigs who have only just arrived when will you white supremacists realize you are sjw in white face maga blmkklarazasjwallthesame trump
13239404_gab,asians do not have higher iq or intelligence in general than whites that is a huge grotesque joke probably most of the stats come from lying commie chinks so strange that when it comes to stats even based nazi pooplords believe pinkos
23728501_gab,american wealth based on debt opec countries based on wealth real wealth oil let them take the muslim refugees
1172554911873196032_twitter,<user> <user> no not really want to see some really horrifying videos i can share some of the muslim brotherhood terror videos
5317564_gab,i want to know what the refugees have been told about where they are going my suspicion is that soros filled their heads with fake news of free houses free money fresh new mosques and blonde infidel women just waiting to help them in times of sexual emergency politics news
1178559091482021893_twitter,<user> <user> <user> <user> at this point i do not remember how many times i have been called towelhead raghead dipperhead while driving truck now i just ignore them but i accept it from her she uses indian accent in her skits so this isnt far off
21876796_gab,why are so many young english girls left unsupervised around these animals are these all poor white trash whose mothers are all out getting drunk or what i do not understand how this grooming thing can go on so badly
1217902137054781441_twitter,<user> weren ’ t you just tryna kill yourself fuck off lmao and that pic was from july
9648670_gab,more jews supporting the import of islam curiouser and curiouser
1160609516007960576_twitter,beyoncé should cater to her white audience on her next album period yall negros are ungrateful and hateful af so fuck them period <user>
1126445573224136705_twitter,i hate you 😒 <user>
14018206_gab,leftie like her jeremy corbyn george galloway only oppose israel because they oppress brown moslem in palestine they support the israeli agenda in the west of endless holocaust propaganda hate speech laws open borders for white country only white country
1164021403231776771_twitter,<user> you do realize nazi were nationalist socialists you know the system that bernie and all those hippies are implementing
16498340_gab,good bye facebook and twitter its ok to see people thrown off buildings women being stoned and head cut off god forbid the truth being told
1079059265627795456_twitter,fuck witches get honey 🐝 🐝 more trees less refugees 🌲 🌲 less gas more grass 🌾 🌱 if you do not pick up trash you are not eco fash 🗑 ️ 🗑 ️
21766022_gab,i recommend the film no escape to everyone to see how evil asians can be in a race war
15871173_gab,the trump effect will have its sway and she will no doubt get raped or something by an illegal and he will get off lol
16888034_gab,you stop lying to yourself churches all over western europe are gay friendly have gay weddings worship jews and welcome moslimes dark ages are called such for a reason tyranical reign of churches only after reneissance of pre christian european heritage europe has seen enlightement
9001081_gab,when white europeans start moving to muslim countries and murdering and raping the natives by the thousands then shitlibs might have a case that white on muslim attacks are somehow morally equivalent the mudslimes run over in london were not innocent victims they were colonizers and deserved it
1091105782735749120_twitter,democrats are inviting illegal immigrants who were fired from trump golf club to the state of the union address good now invite ice
1104566514882134017_twitter,i hate living in the ghetto sometimes bc places be scared to deliver here past <number>
1179043060598083585_twitter,<user> okay faggot
4509117_gab,nbc universal pulled the plug on jigaboo esquire channel last week hahaha the ghetto is left with the howler monkeys on bet
27473743_gab,so tommy robinson has been transferred to a <number> asian muslim prison in midlands where he is facing certain death please email write donate do what you can savetommyrobinson
10892428_gab,you retarded lefties had bannon more or less muzzled in the wh cry retards cuz you have now let slip the dog of war
22858868_gab,that your witty comeback to whites in south africa why are they there is white countries are so great 🤷 🏻 ‍ ♂ ️ 🤣 you dumb fucks are so inferior it sad
17490770_gab,the lefts go through the are we the baddies skit realizing they were the nazis all along nazis are leftists are commies are bolsheviks are jews the circle is complete
24264037_gab,give a ghetto thug any reason to riot and the losers will they are violent hateful people they dont even have a reason at all in this since it does not involve any black thugs soros will make sure the proper thug arousers show up to get the violence rolling
19680858_gab,<user> u can pretty much spout the marxist party line on cnn but just try once mentioning how sweden is being raped by me drooling jihadists that just wont fly sound of record being seriously scratched uh pardon us folks while we take a short station break
9643647_gab,oh look another muslim with ties to cair the front group for the terrorist muslim brotherhood is running for office instead of being in jail for being a terrorist supporter by the way us taxpayers paid to import this scumbag just another part of obama legacy
26257978_gab,asshole ghetto trash bastard i will have a party when someone puts his in the ground
1122251315365597185_twitter,<user> <user> i fucking hate you
10548673_gab,the only thing we can hope for now is for poland to take in german refugees actual not tan and train them to overthrow the illegitimate government of germany and crush the eu
10010765_gab,right definitely not going back to the fag hag thing it was fun for a bit in my <number> but outrageously gay people are just too high strung for me it back to that reason i can not be a lesbian
25605196_gab,last nights black lighting show ov yea such miscasting jewy jewnose is the white guy forcing <number> niglets to deal drugs but blond hergerman is the comet pizza guy keeping powerful niggerette girls trapped in his basement pizzagate seriously visit dc sometime <user> <user> <user> <user> <user> ‍
1182743253776568322_twitter,<user> fuck every cop behind him they are sworn to protect those same refugees and this is how they behave
17903027_gab,now we got gays being proud of how they are good normal white people not being proud of how they are pathology got normalized normal became a pathology gay
17700189_gab,turkish kids in german schools have been laughing about the forced holocaust indoctrination for decades
1218031762024095744_twitter,i be talking to the dumbest niggas alive 🥴 ugh
10348812_gab,if the illegal immigrant is a supposed doctor why is he leaving his own country why cant he finance himself properly if he wants to take up his practice why isnt he applying legally
25718602_gab,i will give you it right after you extinguish that flaming homosexual totenkopf it is not even the original since this symbol predated the third reich <user>
14421460_gab,tell a girl who said she had been raped that it was her fault for getting drunk and hanging around with immigrants she was asking for it
1087827869542293505_twitter,i hate you weirdos who just stare then tweet i jus seen
16058577_gab,maybe but what are our elite white men fighting for a nation of blacks asians hispanics muslims jews trannies and faggots
1104001420506869761_twitter,<user> 1 million immigrants crossed our southern border over the last <number> months i don ’ t think we are winning
1258519332423778305_twitter,<user> i gay for you no homo tho
1096954201245020161_twitter,<user> what about the guy that just killed <number> people white guy or immigrant
1179093707687157761_twitter,<user> <user> <user> calling other black people niggers what a time but if i called you a faggot dyke i d have the whole lgbtqgabtks attacking me
1144577656178053120_twitter,sindh wants no more refugees afghan refugees should be deported to their own land deportafghanrefugees deportafghanrefugees
25950263_gab,the syrian muslim refugees live among the common people terrorizing raping stabbing and plotting their next attack against the infidels royals and the other <percent> er globalists live conveniently sheltered from the evils they push on us little people
26439361_gab,illegal immigrants celebrating memorial day like it cinco de mayo
1270886447478865925_twitter,and meanwhile not being gay or retarded
24510044_gab,satan thrives wherever jews are found
17027466_gab,<user> apple killed the internet with the iphone allowing any retard to go online
2984952_gab,it illegal to compel a gay baker to bake a cake with a pro marriage message it illegal for a christian baker to be willing to serve gays but not be willing to bake a wedding cake for them tom trinko sjwlogic
17320722_gab,as a general rule right wing men and women are more sexually dimorphic than left wing men and women you often can not tell the difference between them hairy purple haired dykes and limp wristed bugmen are disgusting on a very deep level
17834045_gab,trump calls haiti a shithole gets universal ridicule in the media hillary brokers haitian children shitholes to kike pedos gets universal acclaim in the media
17114543_gab,this is what r countries have come2 in us cops have <number> show up two call <number> back up bc of seriously belligerent vicious blks worse yet whts mimic blks thxs <number> integration whereby blks were suppose <number> learn <number> act like whtamericans instead r white kids have b n contaminated by blks thx <number> mlk passive bs
14054587_gab,this rag head tell white briton they should not complain about mass non white immigration from the third world she lecture christian about the meaning of christmas she does this while working for the uk regime tax payer funded propaganda service the bbc
2867169_gab,remember in the french revolution when the people who sat in the left wing of the room asked for muslim immigration benefits for minorities identity politics welfare language police safe spaces etc me neither modern leftism is not even remotely based on the original ideals of leftism
19285155_gab,was really great to tune out and not watch any ghetto thugs trash kneel and disrespect america
14047314_gab,lol i hear people say shit like europeans were the first illegal immigrants go back to europe so by thier logic we should consider illegals as enemy combatants and start shooting people at the border if they pose such a threat to our nation
17671666_gab,not at all you said challenge the americaness of non whites for the white ethnostate there your job go challenge that nigger that killing whites means he not american this is the retardness of <user> based minority social club
24711468_gab,just a refugee way of saying thanks a <number> year old swedish girl was raped by a muslim refugee who claimed he did not know the act was illegal
13744455_gab,left journalists ruining videogames for job because even a fucking car had to be gay in some way
1207437990320115714_twitter,<user> all white people with issues kk
16318343_gab,<number> i hope they are not blaming the ragheads for destroying sweden when it clearly the older swedish men who have invited them in they let the brit jew monarchy vatican take over their country open the floodgates put women in charge of gov t and then sit back and watch things go ⤵ ⤵ ⤵ commonlaw
13874243_gab,thank you god bless the battle is just beginning saudi un using canada to leverage power in usa for more fake refugees terrorists to come west we need help to form a counter lobby one estimate is <number> terrorists under arsa in bangladesh camps the scale of this mutiny is huge
20182123_gab,we got a lot of blue pilled faggots on here today
13452626_gab,ya that is the tent city for the annual muslim meeting in saudi arabia but they take no refugees because they fear riots
1083536396281962496_twitter,<user> joseph smells a nazi
20233877_gab,city wil l soon be worthless ghetto like chicago billions in debt no profitable businesses just gov subsidized companies
6643288_gab,tried to strangle female clerk who attempted to de escalate injured one or maybe two cops assaulted a cop in the hospital this crazy mussie needs to be well sent back home
25212678_gab,barbara spectre rancid snatch must have been foaming at the thought of another white girl being raped by savages
4336941_gab,racism was invented by communist jews the term the concept those same communist jews murdered tens of millions of racists yet whites run around scared of being called racist resolved whites are a race of cowards that is what the evidence says
1178434057270697985_twitter,<user> no it was definitely you the ugly dyke with the wide hips that did it direct yourself out my mentions pal
22148551_gab,op is a white power jew
6361902_gab,attention all you right wing straight christian males please quit going around killing people in the name of jesus you are making other christians look bad you are the religion of peace how often do you here mudslimes say things like that one in <number> million
22829844_gab,oh are they are nazis killing palestinians destabilizing countries in the middle east are they lobbying ngos to bring africans and arabs into europe
20841103_gab,i am for this to fill our current refugee quotas but if they start voting democrat i am gonna vote to send them back
23689129_gab,i very clearly remember being at the maternal unit manorhouse in march when there was discussion about john bolton on fox news we were working in the yard and when she mentioned him i did not approve because i did not want another pointless war in goatfucker country
16895328_gab,unable to speak for himself faggots always fall back to stale memes
24474243_gab,<user> the gay tranny loving crying coward advocates violence
19295226_gab,there should be a bill which becomes law for a special election if the people will it to remove a known corrupt and unamerican politician especially those who place illegal immigrants over americans
17631547_gab,any time a bomb goes off in manhattan one can be sure a jew did it and that a muslim will be blamed for it by the zio media same pattern they follow in europe jew does the crime muslim gets blamed for it
2238641_gab,obama can you feel your pathetic legacy swirling the drain by april it will be like you never existed <number> obamacare first <number> days <number> illegal immigrants first <number> days <number> terrorist refugees first <number> days <number> billions in regulations first <number> days
7153132_gab,arabs didnt invent math they invented the concept of <number> and did nothing with it since
2869193_gab,speakfreely maga we are all thinking it not a bad ghetto idea but shit they will fry anything
18642788_gab,i was talking to normal adults then you barged in acting like a homosexual maybe if you didnt act like a queer i would not call you one like i said lay off the drugs for <number> days then we can have a discussion ok cheech
1170564915960020993_twitter,<user> i ’ m starting to hate you
13720844_gab,akilah now that is some dindu stereotypical shit right there akilah white muhfugga akilah taco when i be hungree akilah welfare check in a minute bitchez
1264205811376627714_twitter,nigga i got jumped by <number> arabs for eating in public son wtf its fucking eid
1215355808671850498_twitter,i fucking hate alex karev
18476796_gab,tom cotton ‏ i keep hearing democrats say the shutdown is about lots of issues translation the shutdown is about illegal immigration we have realized it massively unpopular to prioritize interests of illegal immigrants foreigners over american citizens
14895622_gab,the fuck is a white zimbabwean oh wait do not you mean a rhodesian
12722906_gab,even counting on the feminisation of western societies as one of the causes of the spread of islam jihad at the same time their inherent unbearable contradiction with the rights of women and gays will ultimately be the main cause of the demise of the religionofpeace i hope
1275276950597238791_twitter,oh you are oppressed for being gay that cute try being conservative 💅
17348408_gab,jewish professor says the holocaust is fake you can find professor dommergue on youtube
1196727600154107905_twitter,<user> i hate you too
4507492_gab,u know its hard work i mean hard damn work being white and having to be racist about everything maybe i need a list
1165522292987891712_twitter,<user> says a muzzie k
1178941972830023680_twitter,<user> <user> its because of the likes of majid memon the muslims are increasingly getting brainwashed with false narratives
24499582_gab,this is not a competition against whites we are in this together if you want to criticise other whites this only makes it impossible to ever beat these spics and sand niggers from taking over just as the niggers have
16614070_gab,yeah people need to get the slurs right orc is alt right slang for black people goblin is often used for arabs and mexicans sometimes if you really wanna get a rock to face for being big brained call them uruk when in doubt justcallthemniggas wav
11128121_gab,<number> <number> this is brilliant you imported muslim savages who rape your women so what do you do you give the muslims what they want with this stunt
11869608_gab,taboos questioning the holocaust questioning gays questioning feminists questioning jewish influence in government media finance entertainment questioning obesity and more but i think you are getting it
1184302414972760064_twitter,<user> retard that means you ’ re into yourself and you ’ re a guy so that makes you gay
10915148_gab,ha thank you for not being a crying whiny bitch like the women in that video d
17331587_gab,why are there interracial couples in almost every commercial we see accepting diversity is part of being an american nope psychologically break tribalistic instincts among white americans convince a large portion of them that open borders and mass immigration are virtuous
1248385088649179138_twitter,i fucking hate this
13921195_gab,the only thing worse than a stupid black person is a stupid white person i am neither black nor stupid
16600360_gab,users are prohibited from calling for the acts of violence against others <user> this rule needs serious clarification if i say this person deserves to die or gas the kikes race war now or if these people keep it up they will end up getting killed are these bannable offenses
1099352453974278144_twitter,<user> <user> you are gay and that ’ a sin
9117641_gab,i like how you keep making claims without proof hey show me some gay mammals we made in the lab i will wait while you take the dick out of your mouth to google d
15735838_gab,✝ ️ dear jesus lord in heaven our savior please dear loving heavenly father and son of the one true christian god ✝ ️ please answer my prayer jesus please have the white nonsense roundup group create a gab acct dear jesus all loving savior please lead these morbidly obese retarded mudsharks to me 😇
18555745_gab,and yet the government welcomes more human dross that will never contribute as after all what can it contribute other than crime violence and terror costing millions to cloth house and feed forever
2958241_gab,peter james · <user> 😂 humor · <number> minutes <user> fair enough yet the escalating violence against whites continues to go unavenged why how those are questions of the moment everyone knows what must be done bit nothing is ever carried out inaction is fatal to our race
17588129_gab,george carlin was probably the very first faggot to inject politics into comedy and pass incessant bitching as hilarious rants
16533041_gab,i think the jews in europe made a new decision on uber because they realized people will get raped and murdered just like before and they can tax the goyim over it
1126970100295307266_twitter,my nail broke i hate ghetto nail techs with cheap materials i will never cheat on leah again
18363908_gab,the feminist movement does have things to say about the islamification of the west things like how much they love islam and how great it is to them
17184388_gab,video games are kike influenced degeneracy are you going to suggest porn next rentfree in your head kike even nature is trying to warn you
22935801_gab,i have heard a ridiculous claim that only white people can be racist considering that white people are one of the most diverse minorities on the planet i d say that claim is horseshit more propaganda against caucasians
15455318_gab,a gay man walks into a library and asks for a book on hiv the librarian replies fuck off you will give it to someone else
1097097625478811648_twitter,black folks bather me when they only cook w seasoning salt ghetto
19073232_gab,white people in south africa celebrate white history month once a year and for <number> days they arent raped and murdered by blacks okay i am making that up of course they do not have a white history month they also never get a break from being raped and murdered
18038168_gab,they are demoshits never give a demoshit moslem or an illegal an inch they all will turn every city state and country into a shit hole
17424200_gab,<number> whites move out of sydney every year however they are building new places at the below rates for asians that they are importing avg sydney home price <number> <number> avg sydney home price now <number> m white people cannot even afford to rent
17335262_gab,are you trying you paint me as an articulate nigger i go from ghetto to gentleman in two seconds just ask which one you want but yes m lady i emphatically disagree with your statement
18911185_gab,says the ghetto trash who bleach straighten their hair steal white culture and worship beyonce who looking like a white girl
27100915_gab,tell me more about the religionofpeace aka islam ibrahim sulaiman jihad is not inhumane despite its necessary violence and bloodshed its ultimate desire is peace which is protected and enhanced by the rule of law
24845241_gab,not all women are femnazis i was explaining that jews consider themselves a different race
9622462_gab,i have never had any complaints from women in the bedroom rohypnol fucking awesome
25771896_gab,i want a militant village dictator to worship he is a compassionate leader and cares deeply about our zip code but will bring violence in an instant to anyone who threatens the safety of our town he does not care for the neighboring mayor finds him weak
24138034_gab,beware the <number> <number> jew dyke
21239467_gab,rate my golf game i am around <number> and gay this is my golf club bitch fuck you
8450942_gab,a towelhead naturally would not be alarmed everything is going as planned
9448369_gab,ghetto conversion for allahha
1076642231371497472_twitter,<user> do not talk to that person again if they are going to get that salty over something dumb that is retarded
23235801_gab,gotta love it when whites hate themselves i seriously believe david should off himself before that he should be enslaved by some muzzies then gang raped by them all somewhere in the middle east then after they give him a loaded gun so he can do the finale
8829390_gab,it good to know that part of the west is staying firm we could have been generous with refugees without destroying our societies if we were more realistic about numbers and prepared to defend our own culture as things are however saying no seems the only way standwithpoland
5378093_gab,no my anti feminist beliefs stem from my great love and reverence for women forcing females to be the same as men is not only damaging for society but is unfair to women who must be forced to endure roles for which they were not biologically suited
1220184102684495873_twitter,man i ’ ve done a lot shit while poor nigga most of my childhood i was poor lol
5923246_gab,i am hesitant to believe the <number> in <number> women will be raped on campus myth why would any woman choose to go to college if there is a <number> chance she will be raped worse odds than russian roulette would be interested to see more accurate statistics and estimates
13807009_gab,every whore in hollywood is claiming weinstien raped them the truth is that these women threw themselves at him competitively these women walked right into his life and knew exactly how to get the job now they pretend they are victims not buying it
5838248_gab,mgtow guy we are not women haters we are women understanders hmm interesting might work for jews just as sobran counter semite does leave out the we are not of course i am not i am weak any contruction
14079532_gab,calling mohamed a pedophile or inbred is frankly retarded just take a look at who married who in the greatest monarchies in europe it not like if there wasn t a shittons of good arguments to oppose islamists but somehow ppl end up choosing the one that apply to us also
1232347492005498881_twitter,<user> <user> jihadi terrorists will get back in their own coin
25804497_gab,anti white hollywood is now obsessed with having non whites appropriating white culture and with promoting the blending of white people out of existence through diversity and race mixing hollywood entertainment
18496569_gab,rt queeniessoapbox seems following retweeting someone is far more serious sinister than a defining your entire existence by a 7 th century book which promotes violence intolerance bloodthirsty terrorism as well as misogyny murder who knew <user>
5938845_gab,today was not a woman march it was a bitch march of commies and witchs promoting shariah where women in islam are property they love goats more i am a lady ladies did not march today
8810281_gab,my problem is to get there i have to get on a plane and risk being on it with a raghead terrorist love to see europe not worth the risk at present
26385395_gab,the fuckin pathetic state of britain and for all those who allowed these sand niggers to infiltrate and take over your nation you deserve it
1177662316835475457_twitter,<user> <user> <user> it called capitalism towel head go back to your communist country and see how that works out
11258833_gab,the phenomenon of young black men raping old white women is frequent enough to make one guilty of the saileresque crime of noticing for well noticing
16786772_gab,in a country culture in which whites and whiteness are demonized as ours these kinds of ideas seem outdated we are being put in a cultural ghetto as a people donald trump is seriously considered a white supremacist donald trump why he a straight white male and not an sjw
22954097_gab,unlike uk police other eu nations police force have gone to war with islam to repel the invaders uk police place the safety and well being of the conquerors before the future of the uk and its native peoples
26371449_gab,jews are born trouble makers
1118234099091673088_twitter,<user> this is your future if you support islam in your country and i am arabic just being real with you snowflakes
2540763_gab,<user> sorry but no it would devalue votes in overpopulated areas i e those areas over run by immigrants not citizens yet who we know are voting and we do not currently have any way to stop them maga
1233829406721761281_twitter,<user> hindus are tolerant towards others while muslims are not muslims always use violence in their own benefit
1204525535495368704_twitter,why is it so hard to meet jewish women i know all em ain ’ t die in the holocaust
7040544_gab,disappointed they still have not tracked down that filthy savage who gunned down that elderly gentleman facebook live should be shut down it been overtaken by utter ghetto trash and psycho lunatics like this never had fb and i never will
7385200_gab,u r right white is a misnomer there are irish english german swedish italian french swiss etc we must ban together yes the germans want to be german and the irish want to be irish so be it find our common enemy we must free our lands invaders out
1271903121585901570_twitter,<user> <user> where ’ the lynching just a lil nazi getting what he deserve he should go back to the safe space he came from
1097714439825051648_twitter,assistam crazy rich asians mt boom
20678909_gab,remember kids the muslim veil is a symbol of empowerment
11542353_gab,somewhere there a memo from when someone decided to dump money into the gay rights movement saying from the top down to stop talking about pedophilia as part of it it got to have that idiosyncrasy until it was useful for political purposes at which point it became a liability
19731216_gab,i think he largely joking let be real here and if he is not it a pretty good threat what woman wants to get shot in the vagina i mean that a pretty good way to discourage women from joining communist resistance
25295913_gab,in the uk yeah right cops do not even speak up when they find a muslim rapegang
1118523950663909377_twitter,<user> dudley is a fucking twat and a pestilence to this constituency hope he gets the ole heave ho shortly
1164967256553656320_twitter,fuck you and you and you i hate your friends and they hate me too blackbear
3879739_gab,<user> as long as he for muslim registry and banning of muslims
15633381_gab,one important thing remember that the holocaust started with a travel ban the jews could not leave the ghettos let that sink in i think we white people need to stop thinking in terms of race and religion replacing that with ideals and love rabbi loanstein
2098760_gab,popped into ze ecuadorian embassy today ran into mein nigger ju ass we shared a scone or was it ein sophisticated scone eating robot
1259801875056070657_twitter,<user> or that face you make when your peruvian bitch blows your dick like a pan flute
5001183_gab,if immigrants are not assimilating they should lose all government benefits and be deported maga trump
23345003_gab,i am new here trying this gab thing hope it better then ghetto tube
14971751_gab,i have upgraded your status from gangsta to playa this nigger here understands what real issues are due to his objectivity and foresight
4582737_gab,the hoopla over the immigrants being detained at airports only has to do with those with visas not refugees the refugees are not getting in the msm making this issue bigger than it really is maga trumpiswinning banimmigrants
26985413_gab,homophobic means someone that is afraid of homosexuality who can be afraid of a lesbian lol 😂
15907687_gab,love it islam does not belong in europe
3814093_gab,<user> obama born in hawaii or not was raised in muslim countries by muslim father figures he has no allegiance to the usa but then neither do most democrats ironically his narcissism may have prevented him from working harder to destroy american exceptionalism worstpresidentever
1179095481563123713_twitter,<user> <user> <user> what pisses me off the most is i knew your crusty white asses were going to show up with this bullshit because you are disingenuous racists you are phony as fuck
1262278238291677187_twitter,if you ever click on my profile pic i hate you it ’ for far away purposes only
7745211_gab,lol odd how every eyewitness victim reports a sexually aroused gay sasquatch
12482558_gab,were the kardasians jenners raised to be coal burners or what i mean the mom married a crazy white man that thinks hes a lady you think she raised them not to like white guys
18997113_gab,this morning ignoring the message of unity democrats zero in on accusing trump of portraying immigrants as an economic burden killers and gang members forgetting they have spent the last year telling america that republicans were going to kill everyone wednesdaywisdom sotu
4853166_gab,we do not keep our doors close because we hate the people outside we close them because we love the people inside that pretty much explains trump ban on muslim countries gabfam maga <user> <user>
18092954_gab,only a face a muslim could love
8540902_gab,suspended from twitter for calling a ghetto thug name tré melvin racist for referring to white people as white trash twitter is clearly moderated by members of the new black panther party
804437519194529792_twitter,did i just hear you call that gay try again using words like stupid dumb lame or retarded thanks ☺ ️ 😘
18214685_gab,taxpayer dollars should not be used to reward illegal immigrants who break into this country we are being taken advantage of
19772295_gab,black pride ✅ gay pride ✅ white pride ❌ your a nazi gaysfortrump maga
16911762_gab,is not it ironic freddy that something as manly as mixed martial arts would be too cuck to allow a scary nationalist on their team it run by jews i take it the ultimate whiny pussies that always get other people to do the fighting for them heh
19278215_gab,illegal immigrants dont have rights
11699104_gab,jews call their enemies white supremacists so welcome to the war the only question is wether youll run like a coward or youll defend yourself
1275589575050698752_twitter,“ sml ” and “ edi wow ” both radiate dumb bitch energy lmao
1170418694104600576_twitter,<user> <user> lmao shut up bitch report that
17831452_gab,trump multi dimensional chess <number> call other countries shitholes see shithole trend <number> trump haters lose their minds with outrage <number> wait a day until msm invents proudshitholer hashtag <number> trump haters promote smart and hardworking immigrants <number> deport all of the dumb and lazy immigrants
4787035_gab,why is it we always read about muslim scum raping and gang raping caucasian women but never about caucasians raping or gang raping muslim women
1178429287424253970_twitter,acts <number> <number> for just declaring one white devil repentance unto god for his or her devil biological genetic whiteness of satan is not good enough but they must back up their repentance with works of penitence unto god giving all their riches away to god people the
1232365774972518401_twitter,<user> <user> radical muslim terrorist
19080272_gab,l.a. homelessness surged <number> in six years here why the crisis has been decades in the making los angeles times however islamic <number> <number> syrian refugees got homes last several years and <number> <number> somalians last <number> y that for whom the liberals fight for real pic btw
1111709058111807488_twitter,<user> dear your worries are not even relevant by the way why only muslims and seasonal hindus are worried
1178825627413221376_twitter,basically to summarize all your key points mgtow mra are women hating flaming queers cc <user> <user> <user> ‍ <user> <user> ‍
1168221143062286336_twitter,reason for not supporting homosexuality the bible the bible pride is a sin so called “ christians ” straight pride yeehaw
21745611_gab,lol violence against me will end terribly you pussy feel free to try though i do show mercy for effort if i am having a good day 😘
24007259_gab,if you are a young white guy looking for a curvy white woman to date and marry good luck to you cause most white women are fat and covered in tattoos and are having sex with all comers including blacks hispanics and muslims
22968735_gab,hi niggers add me on discord chanel <number> especially you <user> ‍
6549404_gab,nancy pelosi speech at the aipac was bizarre on the other hand slavery is only appropriate for slaves when oppressed themselves the jews never gave in they never caved admirable truly a quality of born masters whites on the other hand only seem to thrive when on their knees
13698648_gab,never hit a woman in my life but with some of these kids walking the streets with hardly any clothes on and wondering why they are raped is beyond me i know they have a right to wear what they want but hell lets be honest here
1178172311565938688_twitter,<user> <user> <user> <user> yea i am tired of every right wing nut trying to turn the tables by saying socialists are the nazis when it them who are all white power blablabla … thank god you are a dying breed
24710063_gab,she has come to her senses and realizes niggers are incapable of living in a civilized manner and she knows precisely what she is doing you are the only one without sense and without a good plan
5154124_gab,steve sailer do white award winners have to apologize to black losers from now on
16427624_gab,i am not opposed to gifted women working in the sciences but can we please end affirmative action implement a meritocracy instead
1086477148649598977_twitter,i know papa johns better hurry the fuck up with my pizza or it ’ ll be violence
10039905_gab,evo1014 days ago edited here in san francisco the roma women sit their children on the sidewalk with signs begging for cash too bad cps are too busy fucking over hard working americans to bother with these people the roma culture is built upon thieving
1107013241148850177_twitter,<user> and you a dumb bitch in mine keep typing hoe you still retarded
1116797272082264065_twitter,rt to be added to a gc must be arab or muslim stan bts 🥰
4471271_gab,do not forget slick willie he raped juanita and lied to the american public about monica they have both been no goods for a long time <user>
1179083428924231680_twitter,<user> <user> <user> <user> bro the world knows the pak is home to many un designated terrorists including osama bin laden same on you as kill all your minorities but in india muslims are happy many are educated rich and peaceful not like paki muslims only spreading hatred
1625915_gab,maga speakfreely if the world already hates you white people if black women already hate white women out of jealousy if black men already hate white men out of inferiority complex if arabs hate whites due to religion what exactly do you have to lose by loving yourself
24161327_gab,this is what you get when you allow islam to run a country
1196569512646082560_twitter,<user> go live in a mud hut that housing so is a tent in a refugee camp
1225605290940338176_twitter,<user> <user> north africans are arabs so they are technically white by skintone so it doesn ’ t change anything
1201707618961690624_twitter,de anônimo para <user> i love you i hate you delicious perfect i hate you satanist
1126801485096861696_twitter,<user> <user> are you sure i know most of you hate indian muslims and christians equally
19521403_gab,he blames white supremacy when blaming the jews would make the world make sense what do you think his iq is
23240871_gab,but they had help the english gov t invited them and the english people allow it i say is that a muslim invasion i see on the high street yes it would appear so have you heard about manchester untied game today
22971068_gab,why you cucked racemixer you have low iq and brainwashed brain by jews to have a low iq mexican wife what wrong with you nehlen
10914608_gab,this category is so gay it belongs as a subreddit in the fagposts category
13843393_gab,just bitchin about the continued ghetto ing of our culture taylor swift releasing new music that sounds exactly like the gangsta rap my mexican neighbors blast every night i looked at the comments thousands of preteen white girls who adorate her love it they are being groomed slutpop
1174053024957943808_twitter,on my line trying to face time and shit nigga need a hair cut boy i tell ya ‼️ 🤣 🤮
15441875_gab,the verdict is truly a disgusting act the da judge left out important info so this man can go free they spit in the eye of all americans this will bring bloody war to illegal immigrants and they will have no one but themselves to blame
22583088_gab,we should pay for women to have them any white slut knocked up by a nigger spic mud negresses should be paid triple
12954516_gab,go to an inner city majority black elementary school and ask kids about their parents and you will quickly come to understand what the real issue is and it has nothing to do with white people
4350721_gab,<user> this is the feminazi agenda emasculation this is why being a man is considered a crime they would rather see guys dressed in skinny jeans sipping lattes than real men with callouses on their hands changing a tire
18544609_gab,they are kiked the hell up nothing but filthy hooknose christ killers i do not watch any news on the tv
1178842439253020673_twitter,<user> <user> <user> <user> is not he the trailer trash cousin from christmas vacation is was and will always be trailer trash
8086600_gab,no muslim cab drivers did anything dear that was a sikh you dumbass
20849455_gab,justin trudeau is a retarded asshole
12182094_gab,idris elba starring in a date movie for coalburners with kate winslet does this filth ever just star in normal movies or play normal roles seems like every one is a political statement against white people
1246859909687377925_twitter,<user> but muslims are bad for doing the god ’ work out there 😏
24748005_gab,shitskin logic <user>
1259852487760232455_twitter,aye negroes swear they don ’ t do anything wrong “ bae i swear i don ’ t be doing nothing you just be tripping on me ” 🤣 🤣 🤣 🤣
21266760_gab,so when we are fighting the muslim horde together you would stab me in the back there are millions of atheists that will fight beside you if you would only let them
27442358_gab,your a dull cat face dull bitch says the talking ape
1091484140992712704_twitter,<user> <user> is the divider hates canadians loves gays and muslims
20672153_gab,jews are not white
1262463337108914176_twitter,<user> wow that a lot of nazis who want haircuts
7234787_gab,it is no accident that the generation offended will implode on itself when all white apologists get a taste of hate rejected by blm and things like cultural appropriation they may wake up same goes for everyone welcoming refugees immigrants until they see for themselves they will not learn
18197201_gab,this is typical of so many uk schools full of blacks and asians
1179102616846032897_twitter,<user> <user> <user> <user> <user> <user> <user> <user> <user> <user> <user> <user> <user> <user> <user> <user> <user> <user> <user> <user> i hate you
1116514375727108096_twitter,niggas be retarded asf 😂 😂
17684116_gab,and just exactly what else would you expect from the retarded asshole justin trudeau
5600874_gab,i find it funny that bill king cuck mitchell just called for a jew and a mestizo having a child to launch a new race of retarded leftists <laugh>
15276705_gab,harry handpicked arab muslimah bbc presenter to conduct his and meagain first interview after engagement announcement also it believed that bahraini born best friend set up the blind date for harry to meet his ghetto duchess of kfc poor britain where have you fallen
27185816_gab,it actually making blax angrier as it is showing huwhytes what is really happening and that most of the violence directed at dindu is justified notice it takes longer and longer to get video evidence where as before those recordings were readily available
15638881_gab,i can relate to the white boys rage at young women these days back in my day the late 9 0 and early 2 0 0 0 the girls were not really copying ghetto culture it was the white boys and we called them wiggers gross
26867693_gab,pretends to have nothing to do with muslim mass migration
17509840_gab,from being raped by russians to being raped by mohammedans you have come a long way fräulein
15090703_gab,yet these assholes holler racist nazi if you bring it up f them all
8603729_gab,german journalist gets banned <number> days from facebook for stating quoting muslim suicide bombers do not commit suicide but mass murder and trying to destroy our democratic system
20674930_gab,gop will once again drag their feet and lose their spine on this issue as they are willing to help the democrats displace working american taxpayers with immigrant populations that refuse to work and refuse to comply to current law
21794282_gab,you dojn t even know what triggered it faggot that all you got smelly pussy 3 rd grader failure to the white race failure as an angry father and no doubt they will grow up as triggered and lost as you i hope they hook up with somali
11653472_gab,given the makeup of today crew i have advised the new guy i am promoting him to deputy wing commander to help me keep the faggots in line so mote it be
1105763992880992256_twitter,you can kill yourself now and let thy words be worth more than silence
1118835096700751873_twitter,do you have sex of course do you drink yeah do you eat pork astaghfirollah i am muslim al hamdoullillah
16095641_gab,from when immigrants did not rape shoot women and then bomb shit charlie chaplin in the immigrant <number>
22363626_gab,iran and north korea wanted to bomb the us iran wants to kill all infidels including you if you are not a muslim religion convert of course that is my opinion
1117544022841729024_twitter,my roommate lowkey the hitler of arabs
3431791_gab,what the benefit of importing islamic culture how do we benefit we are told that the refugees <number> of whom are male are fleeing war torn countries imagine if general lee and his army fled to europe while he let the women and children fight the civil war immigration trump maga
1206124544211079168_twitter,if you use and groza mp5 in tdm then talk trash you ’ re a retard
12761562_gab,in a robotic voice israel is our greatest ally they totally do not just take billions of our tax dollars and do nothing in return but drag us into sand nigger wars dradles and yamakas are neat
23072441_gab,god lord donna a raghead tranny and it supposed to have a husband
10375689_gab,this muslim scammer harassed me all day yesterday when i got fed up told him to go fuck a goat <user> locked me out of my account fuck twitter
5547350_gab,the renowned gay activist larry kramer opined in those cases where children do have sex with their homosexual elders i submit that often very often the child desires the activity and perhaps even solicits it
1082709373884026881_twitter,seen on fb can not take credit most illegal aliens enter the us by air maybe we need a roof
7948323_gab,<user> the meme is spot on the left has recruited the mentally ill and taught them slogans and memorized talking points though that is hard for most of them to handle can not engage in conversation so violence is their talking point in that arena they also do not stand a chance
17414294_gab,so in a way native americans are asians in america
11906078_gab,if you can not afford kids do not have em says the jewed christcuck while supporting republicans who offshore jobs and import immigrants to drive down wages for decades well people could not afford them and they are not having them so much for family values
9195297_gab,<number> million that is what st mike brown family just got a yesterday after they won the ghetto lotto rob a store and attempt to kill a cop get paid <number> mill cash and more in prizes the looting
23258335_gab,time to change that its time to go out and show your white pride
1161218532815921152_twitter,sure jews may sex traffic kids and rape them but dont forget about the holocaust
15891878_gab,ps do not wait till there are a million of you each start now and encourage others and all of you claim for benefits for your kids the arabs and paks and blacks do it is your country no reason why you should not
1179030004539252742_twitter,<user> <user> <user> <user> <user> malaysia needs india for trade tourism india does not need malaysia and who is mathir he does not matter to india we do not care about pak also enjoy your bankrupt and jihadi terrorist pakistan
1241362389301211136_twitter,<user> <user> because in quran jews declared as enemy
1177639960184283136_twitter,<user> so in turn abortions make muslims stronger by populating at a faster rate we know your game piece of schiff schiffhead
1253649678350114818_twitter,<user> do you love your muslim nctzens 👀
17868211_gab,shithole of fakenews in the third paragraph ofthe washingtonpost story that broke president trump alleged comments about certain shithole countries we learn that the president said he would be open to more immigrants from asian countries because he felt they help the united states economically
1079190426224078848_twitter,<user> i hate you and now i hate myself thanks
10156663_gab,how about <number> what kind of muslim if not already dead really qualifies as refugee
22242874_gab,they are actully forcing businesses out and when it goes full ghetto they will blame whites
26465432_gab,trying to silence tommy robinson reporting on muslim pedo gang trials has turned out to be the streisand effect of the millenium
18454133_gab,how illegal immigrant dreamers amassed political power to force government shutdown
18415383_gab,you think majority of the <number> of asians are illegal i want to see the data behind this
1839479_gab,<user> twitter is a decrepit ghetto for leftist failures
1175320895977488384_twitter,<user> <user> fuck the nazi
1113500990592802816_twitter,<user> the jews crucified christ tho
17870625_gab,he threw bacon at a mosque or something went to prison for it and died the implication is that if you make fun of islam or muslims it pretty much a death sentence in europe which puts it on par with other muslim countries in the third world
17424248_gab,this is what they are building for the new asian australians that they are importing from china and who will ultimately vote first for socialism and then communism asians do not really buy a lot of houses because they are used to shanghai living
1117795334544134145_twitter,<user> blame trump because democrats elected an anti american antisemite pro sharia islamofascist that a great viewpoint lmao
16886185_gab,they just get ahead because they are hard working dontcha know always wondered if immigrants get ahead sometimes e g small businesses b c they lack the inhibitions against cheating breaking local laws that the natives have they cheat lie steal and do not care this is statistical support
1115080548706410498_twitter,<user> bruh i do not wanna be walking around with this thoo maybe if i become a raging homosexual irl
1110340863555559424_twitter,<user> ngl exactly how i feel when niggas talk bout jews
1098381175498948609_twitter,me i hate nazis someone hate hate is such a strong word me uh yeah
1225213120110645248_twitter,women will hate your guts cause you a people person
9193750_gab,ny times be all like meet this based <number> year old tranny who just came out as gay in front of his <number> lesbian polyamorous ministers
1270856873441472513_twitter,people are retarded
1097806861330333697_twitter,<user> <user> this is what radical islamists follow normal everyday muslims do not radical muslims terrerize normal muslims to
15786616_gab,who asked the quisling who asked the head of the obama clinton crime syndicate who asked the race baiter who asked the muslim terrorist supporting scumbag
17323939_gab,as long as being a ghetto rat is pleasant no work free money and housing easy drugs kids will get sucked into it mandatory hard labor for jobless people would boost nation coffers and improve ghetto health while drastically depopulating it
1248746599876091905_twitter,i ’ m one woman ’ “ you get on my nerves ” and another ’ “ i fucking hate you ”
1126164185749053440_twitter,<user> communal attack by their own didi agreed didi need to be thrown behind bar islamic jihadi
18691782_gab,if you were a real programmer you d know some of the jews who wrote all the crypto related foss you use to make it easy for goyim to run up the price for them to sell high but you are a little script kiddy bitch
11702551_gab,mane he ane do nuffin my ghetto looto numbahs will be fo fo fo and fo
15917909_gab,beta cuck n someone who afraid to stick up for the women in their tribe out of fear of being called a white knight a beta orbiter or some other meaningless slur
4764412_gab,✔ ️ just do it trump considers enforcing a <number> y o law deporting illegal immigrants on welfare maga americafirst
2416453_gab,jack the faggot was brought in to twitter to convert it from an american company to an arm of the globalist conspiracy of ugly losers who want us dead us is white people by the way no code words here conspiracy
18222430_gab,politically correct moron justin trudeau of canada who passive aggressively criticized the u.s. for their temporary immigration ban from muslim majority nations told salvadorans not to come to canada shows you what liars and hypocrites social justice warriors are
18781703_gab,<user> it became pc to say blacks are incarcerated at a higher rate than whites but not ok to say blacks commit more crime logically do white people go to the ghetto to steal stuff the lack of common sense boggles the mind vanjonesshow
1113437165881630720_twitter,<user> i understand only <number> of the series man idk if im retarded or this manga makes no sense
24694634_gab,when you are born into the false system of the jews but jews brainwash into hating everyone else except the jews
1214723482266656773_twitter,the bi lesbian movement was definitely started by some bitch who was upset she couldn ’ t say dyke
1197779321894637569_twitter,your chinese is lucky names your dumb indians are jews stuck on old stones
25586618_gab,these mongoloid arabs attack europeans because we have higher iq we look better and contributed scientific wonders to society constantly this envy
5050561_gab,all white men are fascists fine we are fascists now and we are going to purge undesireables from our society lel wait what
1092572072121790464_twitter,thank you mga ching chong kay walay klase today 💖
16034705_gab,do not worry bud thanks to the financing of nazi collaborator george soros your shit site will keep popping up again and again georgie needs you neo nazi libshits around pretending to be right wing keep up the good work for the glorious neo pagan socialist workers fourth reich oberführer dipshit
4993073_gab,destruction and violence are in store for the amish unless trump locks the refugee door permanently
16119009_gab,i see normies going on and on about banning islam me i just cut to the chase and say we have got to start shipping these sand niggers back to the mid east where they belong
20191421_gab,san francisco home of degenerate faggots yes
14507125_gab,the lord is a man of war the lord is his name if you know jesus then you know the father christianity is not some bitch made religion frankly heretics like you deserve condemnation too
27008358_gab,nice cover chinaman
18594856_gab,are arabs just a weird mix of niggers and central asians
1088846238345240583_twitter,<user> who needs jihadists when you are doing their work for them by crippling our economy
18422791_gab,sound like you know this egyptian game we play now catfish was muhammad a pedophile for fucking his <number> year old wife yes or no will do but muslim like rage will speak just as loud
23233554_gab,those goretti girls blue uniforms white knee socks and enough makeup for a vegas showgirl loved those kids 😂
20987949_gab,this will mire the turks in debt and loss of life as they will be severely mauled by daesh aq shia arabs and turks kurds and ba athists soon enough people in turkey will tire of this shit and civil war will erupt in the land of the roach
11191000_gab,the worst of the worst transgender fag nigger now if it was also a kike we hit the trifecta
8264516_gab,daily reminder that with the jews you lose do not believe me just ask jesus
21710928_gab,post a link next time faggot
18020185_gab,someone relay this to jessie waters gutfeld on twitter arent you man enough to call the queer running for maryland senate a man or are you afraid of williams dem blowback
26972382_gab,i gave up on correcting my spelling it gives retarded liberals something to cry about
22714004_gab,have you ever been so god damn retarded that you thought <number> germany was promoting marxism and not a direct counter to marxism
22825632_gab,<user> ‍ actually the first christians were jews therefore being called a jew actually means rejecting christ and today jews are not the hebrews of the bible they are the synagogue of satan an international criminal mobster cabal
1178771184701362177_twitter,<user> <user> <user> are you white cause my spic ass cant be the white bitches he referencing
20480750_gab,this guy has correctly assessed the retarded asshole justin trudeau it too bad that canadians are too stupid to figure out what strangers can see in minutes
11413291_gab,cooperate who the hell is looking for cooperation it is either true or it is not you will not even admit that black violence is wildly out of proportion
26423869_gab,awesome so why does everyone make fun of you if your not a queer homo
26005467_gab,demonstration in sweden on friday <date> against muslim prayer call
18723469_gab,a sure way for ghetto boys and hos to come into money
1143142884318896130_twitter,<user> storm the place get the immigrants out lock the cbp officers in for months on end
18637219_gab,look you want to make this war with islam about skin just like muslims want you to but if you want to cry about mu skin i cant stop you but you should look up what the muslim brotherhood had to say about racial tension
16387710_gab,judging by your retarded limey accent i highly doubt your ass has any say regarding american policies and considering i am an american citizen you are gona have a hard time making a case against me old sport
13986771_gab,at least harvey weinstein only raped and assaulted the gentiles not angelina jolie or gwyneth paltrow so he still a good jew spacey not a jew 😦 😊
12678388_gab,jews know the promises of the bible were written only for them and they are proud they deceived the gentiles with it
1079275200569622528_twitter,ima cut my niggas off if they act funny when i ’ m on
15517533_gab,the knights templar fighting sand niggers since way back
22644270_gab,mit verlaub wie bereits ausführlich kolportiert war freiburg mit an der front als es um sandnigger welcom und massenhaftes teddybärwerfen ging seit mehr als <number> jahren zeichnet sich die rotz grüne universitätsstadt durch autofahrerfeindlichste aktionen deutschlandweit aus auch ich habe jahrlang im ad diese scheißstadt besuchen müssen fuck
13351110_gab,that right bill having to rape women is all in the past since the white house he has had a steady flow of bimbos willing to let him grab their p
13892226_gab,sure we have been outbred by niggers i guess you have not been outside a city like new york d.c. or la huh we pushed our niglets into ghettos while we whites live in suburbia rural america
11224917_gab,even 8 0 iq blacks swarming and murdering whites while yelling git dem dey white know what white is but you do not hmm perhaps i owe you an apology making fun of the retarded is rather base
7681424_gab,my last fishing trip with my brother tommorrow night before his first is born if our trip is tainted by blacks bullying or asians mexicans taking over i am gonna go apeshit if you do not live in the midwest you do not understand
1121825731921764352_twitter,for an air sign i sure do fucking hate wind
21403525_gab,how can you have southern ireland open to refugees and no border between the north and south does no one realise that ireland is going to be the prime route into the uk is this mays way of getting muslim migrants into the country
16994535_gab,there nothing but scumbags who arrive in the uk and expect everything for free <number> of them dont work <number> of the rapes carried out on british children are carried out by pakistani muslim men it must stop now britain first fighting back ocs
14456047_gab,it not okay to be white and you are a racist pig that does not deserve life if you think otherwise
5967176_gab,without white people in charge <number> america will become a ghetto shithole full of parasites on welfare and dope just like black and hispanic areas of <number> fact fuckjorgeramos gabfam
1242221588268941312_twitter,<user> i hate you lmao
24888836_gab,but du dwee duh dat raysis and homophobic too i am a gay jew tranny and you have offended me by not accepting my superior equal status
1162123921073811459_twitter,<user> thank you for denying these anti americans into your country we sane americans who love our president hate these liberal women
22161497_gab,control brought on by those who seek to condem the illumination of truth the fucking jews
18065953_gab,further historically people stayed away from asians because they were thought to be dangerous infected etc this had a lot to do with flu strains coming in through the spanish in philippines then chinese workers coming into california when borders were roughly open
23173333_gab,pretty funny nigger with the handle stunnaboy calling other people gay
6498248_gab,europe keeps on listening to the eu un on permitting the muslim invasion i hope here in the usa we get the ban and we around to cair intl muslim b hood out ban sharia law take care
5971962_gab,truly sad with all that feminist espouse you d think they d be able to work well as a team seems that most successful women still surround themselves with men to do the real work men tend tend to focus on the concrete and not the emotional side of things
1719855_gab,<user> in a world full of super rich bitches surrounded by material things be a super rich bitch surrounded by material things do not get it
1230037554587553792_twitter,<user> so why i would request you to give your daughter in a kerala muslim house 😅
1258492694395052032_twitter,<user> hatt fir jihad islie ki jisko dekho uske against fir kar rahe hain muzzys 🥴
1199642540783226880_twitter,<user> wouldnt it be better if the holocaust was properly investigated oh thats right its illegal
22156636_gab,we were the urchins from my own private idaho who blindly searched for our identity among ghetto thugs skins and the lost
10360775_gab,the immigrants who are willing to pursue their reality and work in the united states — respecting the law under the constitution as well as sharing their ideas values and using their skills to their full potential — earn it low skilled workers who rely on taxpayer dollars welfare do not deserve it
27319678_gab,disagree we should be merciful to the retarded and while they should not be be permitted to breed or left alone around children they can still be given small jobs like operating the burn switch on the ovens
11861652_gab,everything about black american behavior makes sense when you realize it a subconscious racial recollection of behaviors that evolved far longer in their ancestral homeland of africa the saggy pants of ghetto blacks mimic the open air asses of tribal africans
22383635_gab,i have heard or seen nothing from these faggots like anglin azmador and little ricky all day enjoy irrelevance and circle jerking your cult followers like vox day has done
1203696964581257221_twitter,just a reminder to my muslim moots that we can not say rest in peace
1241642841417363456_twitter,gays don ’ t waste time hey this queer couple met amp by <number> months of meeting they were married 💀 💀 💀
17314909_gab,well apparently twitter outsources it moderator posts to muslim countries etc who now control global free speech so fuck twitter for that
1205370626266976257_twitter,<user> i hate you right now qrow
17518060_gab,substitute jews for muslims and i d agree
15299833_gab,why are so many jews in charge of all our media when they are such a small percentage of the population why is the media so anti american why is it not ok to talk about jewish ownership of our media why is it ok to mock whites
1164183794125103104_twitter,chicks b thinkin cause the females nigga will not raw em out not how life works
1871171_gab,<user> drop the islaminbreeding redpill they pretend hillbillarys are inbreed retards but love the <number> actually horribly inbreed muzzie filth lesshumanthanhuman
1210461569123008512_twitter,beg me to rape your mouth
15311743_gab,meeting with chuck and nancy today about keeping government open and working problem is they want illegal immigrants flooding into our country unchecked are weak on crime and want to substantially raise taxes i do not see a deal president djt on twitter
21510414_gab,that is <number> thing every kike lacks integrity
1099747813263589377_twitter,<user> they are retarded if they sack sarri
20362058_gab,do black women lactate chocolate milk hm i guess that would be why once black never back eh
1248575708726792192_twitter,modi is the one evil fish who is eating the muslims just because of his hatred towards muslims indiashatevirus
17470542_gab,child support is a fraud if anyone out in gab land is being raped by these crooks contact me i have a resolution its not a gaurantee just info on the way they steal money and make you a slave to benifit the state info is knowledge peace
19432378_gab,gotta luv these liberal run cities and states they put our muslim enemies in positions of power and authority heck they even give em guns and cars all courtesy of the taxpayers for some reason i am having trouble seeing the wisdom in this type of ill conceived liberal logic
18367092_gab,can i say ghetto rat on here because i got put in twitter jail for calling a guy a ghetto rat after he called me a white privilege cracker nothing happened to him though nope not a thing
7934990_gab,ironically if a white man acts like the proud racial supremacist his lessers accuse him of being he will earn more respect and deference from the deepest ghetto blacks than any wimpy suckup shitlib white would get
17676423_gab,nc is a powder keg of black violence huge numbers of blax only increasing nc is a beautiful area but slowly it is being destroyed
9072242_gab,i support government officials taking a firm stance on open borders only as long as it is mandatory for those politicians and their families to live in the same neighbourhoods they refugees and immigrants live in for their entire term
18064714_gab,oh look b.e.t. just joined hgtv the new tiny ghetto house
1256759549262024704_twitter,<user> <user> it always those damn caucasians
1116980933301719040_twitter,asians think that being asian is a personality trait
22078814_gab,wont lift a finger to stop her own people being killed raped though
1166813860571074560_twitter,wakeup muslim world this is time to show the muslims power niklokashmirkikhatir
12210245_gab,you are trying to jewsplain my identity to me my mother was greek orthodox converted i do not even think i technically am ashkenazi nor do i have antiwhite interests if you think i specifically lying to subvert white interests and should be eliminated ok but it still anti reality muted
8607817_gab,they will keep squeezing more productivity out of workers until we drop in our tracks meanwhile they will use immigrant h 1 b labor to keep wages depressed then they will virtue signal furiously to try boost their image distract the proles
1179077511407427586_twitter,<user> <user> <user> a muslim refugee in our country who has not got a clue about our history has no respect for women or the elderly these pigs have no right to be here he should be deported they will never assimilate
18120854_gab,these politicians should be arrested and tried for hoarding illegal immigrants and letting them run amuck putting legal citizens lives in danger
1084222672500940801_twitter,<user> <user> i guess that means it open season on muslims
1205295829248020480_twitter,<user> let start global nuclear war holocaust <number>
1262095664453992451_twitter,<user> this victor hugo guy sure sounds retarded you really wanna listen to him
1083738117138309120_twitter,<user> unwanted house visitor been calling illegal aliens undocumented immigrants too long euphemisms are a slippery slope
11605756_gab,yet another white baby pisses off queers globalists muslims good
13488124_gab,undocumented immigrants are true americans just like you and me we need to get rid of this divisive concept of jews the people who died in the holocaust were nazis not jews and they deserved it it does not matter about their documentation or ethnicity do not be racist
1077759757526712320_twitter,<user> <user> that ’ immature and gay
19580140_gab,well a militaristic state is what the kikes would want thought it would happen under ol barry but now not so much with trump unless the niggers continue to riot antifa faggots protesting attacking and so on
26616013_gab,the black demographic is breaking free of the ghetto plantation and this is why the democrats are going after illegals who are easily manipulated
9149273_gab,i felt pretty bad when the norks murdered a white guy on trumped up charges but now i realize they killed a jew this means war america was always founded on protecting our precious jews also gays
19533112_gab,yeah that time really sucked the fucking vikings were coming down all the rivers in europe and the coasts in the isles and the muzzies were sailing the med coasts and i should give a rats ass about black slaves for a hundred years in the usa hardly
1270298741606461445_twitter,<user> you are a liar people all over the world hate you
1094643815028273152_twitter,<user> what type of muslims are these funded by the hateful saudi wahabi govt
1166742147544100865_twitter,al islah party an affiliate to muslim brotherhood follows daesh muslimbrotherhooddestroyingyemen
1187369583658852352_twitter,and now i can only do complements i cant even express congratulations i hate you
1144896325714096128_twitter,<user> you will find that most women are looked down upon as people believe women cannot be good leaders umimspresident
1081477805488070656_twitter,dude i fucking hate being the ugly friend
1206332526970777600_twitter,<user> i ’ m crying they hate you hahahahaha
4598856_gab,i am feeling sorry for all the moslem refugees let have a sponsorship program each refugee family gets assigned to a family of liberals preferably new york jews and lives with them exclusively for ten years and learns american jewish culture then they continue doing that forever
5088823_gab,it like all of a sudden we just magically know where all the illegal immigrants are speakfreely maga gabfam
23978485_gab,boycotting starbucks over war on christmas was retarded almost as retarded as boycotting chick fil a over the war on the gays
1118103987566383105_twitter,<user> <user> you need help you retard
17542280_gab,i have no sympathy for male feminists being victimized by metoo nor for women who lose out on hypergamy success because of it backlash for years feminists male and otherwise have called men heartless and sexist now men are becoming heartless to whiny bitches carefulwhatuwish4 lyingbitches
7603213_gab,then macron will be perfect for france just think of all the big black somalias he will import he will like them and the french women as well
9346318_gab,one of the most retarded things that sjws whine about is heteronormativity guess what faggots heterosexuality is the norm not only are the wast majority of humans heterosexual but heterosexual sex is how we perpetuate the species heteronormativity is simply the natural order of things
23306935_gab,deport all sand niggers immediately without question finalsolution time
4735062_gab,if you are rioting against a gay jew and his followers does that make you a homophobic nazi miloatcal maga
17962532_gab,fun fact of the four islamic halal markets run by muslim immigrants in one of oregon larger cities three were closed down for rampant foodstamp fraud and fencing stolen goods what about the fourth the county shut it down for health code violations including human fecal e coli in kebabs
11154139_gab,same way getting women raped and murdered outside bars at <number> am is liberating for women women are disposable pawns in women lib war on the white christian family
15333943_gab,this seems a great metaphor the saw is the islamic immigrant hordes that are being maneuvered by the hovering man which represents the globalist elites and the poor slob on his knees is europe and western society naive and trusting
15122827_gab,my theory is twitter new dumb ass retarded rules of monitoring off site behavior will basically mean anyone on gab is a nazi lol that what my take on it is god i hate twitter
23791997_gab,the uk government is depraved enough to cover up its child citizens being mass raped by invading barbarians for political convenience of course they are morally capable of staging the poisoning of two foreign nationals
18521332_gab,i am certain that these klowns are going to try to knot me up when i leave this wretched state i just saw the retard who tried to bait me and burn the house down at the dmv today f*ck <censored> it i will roll like furiosa witness shiny and chrome
5693900_gab,if its all about optics and given few are as aware as ever with white cloth association with the 1 9 th than what did that sea of seated stone faced silence draped in kk ownership white convey as the soaring american rhetoric filled the chamber
17402633_gab,the society of light is my religion if you are interested in joining reply we are antijew antigay just antileft in general together us goyim will defeat the jews without violence ofc no niggers
23157518_gab,canada no matter what your position on immigration you can not argue with facts we are not equipped to take the volume of immigrants the liberals have committed to so what on earth are they doing
4828346_gab,rapsucks ban blm gab fam speak freely big sean puff daddy ice t biggie smalls did all these fucktard rappers get their stupid ass names from walking the grocery store isles hell they can not even spell the damn names right either to be hip and ghetto you gotta be retarded and illiterate <number> <number>
1211191045129752577_twitter,stream winter bear y les doy un beso negro 😁
23948762_gab,anti white neocon ben shapiro supports his own country israel building a wall refusing refugees deporting africans but demands third world immigration and refugees for the usa he wants to see white people ethnically cleansed with third world immigration his emails <email> <email>
23304159_gab,someone seems to be retarded but that one is not me better luck next time
19761994_gab,well you are white trash so fuck off
1001155_gab,às vezes eu esqueço que meu nome tem origem sandnigger
1237480003107008516_twitter,<user> hugo lloris could not catch corona if a chinaman sneezed in his gob
1173573288892731392_twitter,<user> does it matter if i was offended think about the family of the suicide victim you are so retarded
5251506_gab,someone forces a brown cock into a woman pussy omg we need to take action this is unacceptable fucking culture that disrespects women buildawall someone forces a white cock into a woman pussy boys will be boys sluts should not be drinking why did not she fight harder
26972389_gab,since asians are often honorary aryans they will naturally be targeted next
26414293_gab,man you are all backwards the press belongs to the deep state clingers traitors and peeping tom spy agencies ergo <number> percent negative coverage and you failed faggots still lost lol cracks me up
23833543_gab,this stupid bimbo has been pushing this garbage for years abrahamic muslims has no idea what she is talking about neither jews or arabs are of abraham abraham was the patriarch of a white nation and was famous in all aryan civilization
21826496_gab,lol love the doc dr frank corleone 🌹 ‏ <user> did the eminent president trump serve in the military no but neither did the brown racist illegal immigrant ghetto banger ebonics kenyan creep and neither did the womanizer rapist vaginal guru slick willy
1086810180552015872_twitter,also in our <number> most southern provinces islam only brings murder and destruction <user>
14264559_gab,that must be why muzzies hate dogs
24290957_gab,jews are neither white nor mensch they are non nigger males like spic males
1499271_gab,<user> exactly trust fund brat trudeau wants all the muslim immigrants my canadian friends are freaking too
17414677_gab,if this is not a strong case for arranged marriage for libtard white women then i do not know what is majority of leftard white women that marry immigrants are the dumbest bitches on the planet leftard women should have their marriage rights abolished only have arranged marriages to white men
6682005_gab,<user> thanks for the follow i see you found the verobeachcrybully and preciouslittleteacup he aggressively supported confessed lesbian statuary rapist kaitlyn hunt he hates trump trump supporters and christians
26530400_gab,can you possibly not be a retard and stop conflating jewish communist satanism with national socialism that is literally the opposite of all three of those things
25214536_gab,be white people work for 1 0 0 0 of years to build a civilization conquer the world achieve greatness <number> rolls around all of the most alpha males have died in wws white betas start feeling bad for conquering the world society collapses under the weight of its own faggotry
21023451_gab,i mean when you believe one faggots obvious larp why not believe them all
1146383457322336257_twitter,<user> <user> the gravidigger of islam seductress of atheists accidental defamator
1278192_gab,how many syrian refugees has george clooney taken into his home
16297218_gab,is not this about the jerusalem decision this free speech platform would be a good place for the arabs to say why they hate the decision of trump so much
16545708_gab,taxreform somebody wants you to keep killing arabs in the middle east and public opinion to support it but dont worry one day youll have the privilege that jews burn your house like they burned the houses of americans living in california californiafires
16546041_gab,it like stuff is not real to them until it too late or something terrible happens to them like a lot of chicks in germany and other parts of europe they are literally refugees welcome until they are raped or dead then they are suddenly right wing if they survive the attack
2458854_gab,all white people can do is impotently whine when their children are getting raped by the muslim conquerors they deserve rape and murder weaklings die out
3986850_gab,ccs ‏ <user> · 5 m5 minutes ago veterans are still dying waiting for care at the va while our government is spending it resources on illegal immigrants
1082814324299710470_twitter,<user> honesty i hate you man 😭 😂 😂 😂
1986368_gab,is it just me or is the whole richard spencer roman salute ordeal just the alt right version of the game red light green light only the entryists and subversives are too retarded to know when to stop running
14815982_gab,i suspect the only state transformation in sweden will be to the islamic republic of swedenistan eu will be toast any europeans with balls will be in a civil war with moslems 3 rd world immigrant invaders
1090026882702233601_twitter,thanks to zayna my entire tl is arabs fighting about marriage and standards
8408673_gab,the next white man are sympathetic logical black men since jews are already in
1124794519025700864_twitter,<user> eye hate you
26879587_gab,that a fact so much so that asians automatically get <number> points deducted from their sat scores while blacks hispanics get <number> <number> points added to theirs you know just to keep the balance so no one really sees what happening caucasians they are on their own
13476762_gab,the lads were not a mob they were brothers boyfriends cousins protecting females then those girls were over <number> muslims were not interested in them why the lads stopped defending i do not know but generations of muslims have raped young white girls and in mob gangs
19137435_gab,which is the bigger hate crime in canada holocaust denial or pointing out that a muslim did something wrong
4026293_gab,reminder every large left wing protest and riot you see in america is organized by international answer and other openly communist and stalinist groups democrats have no moral problem working with them they are allowed to openly organize violence in america
19162195_gab,nah mccain is a traitor and you talk like a faggot
1111024270841397248_twitter,<user> that court little af i played my nigga jamal on that court was cramming all over scraped him mind you i ’ m short my nigga
4888316_gab,jesus is this what you want american women you have choices now but you would not if muslims take over forget marching with your vaginas on your faces they mutilate that too what the hell is wrong with you for diversity sake ugh
1112718648030965760_twitter,bruhh these niggas wasting my time
15897074_gab,a coming leftist sjw argument on equality we should take kids from straight parents until lesbians and gay men see equity
17849065_gab,yes because saying abortion is wrong and that we should keep life precious is the same as saying interracial coupling is the only way you mouth breathing retard you know how when you selectively breed dogs and the offspring ends up retarded and dying ya thats eugenics in a nutshell
13141030_gab,we all know nyc would never be the city that it is today without latinas in hardhats vaguely effeminate asian men and slavic women submitted to shar ia so sick of globalist propaganda and the anti european patriarchy subliminal programming mnyga maga
17921947_gab,f the evil british empire concentration camp in south africa europe should pay all refugees to leave for uk the future muslim wasteland
1179040820026118144_twitter,<user> <user> <user> <user> please do not refer to us asians as ching chong just because you disagree with a kpop stan it makes you just as trash as them
25078735_gab,<user> ‍ anyone who believes the cia propaganda of the jew main stream media is a brainwashed retarded monkey all democrats are completely retarded no intelligence
22429387_gab,do u find it ironic that you prefer non white women while demeaning all white women for the small and gender similar percentage that race mix
1257150529702031361_twitter,<user> the ccp turned china into chinazi ccp_is_terrorist
1110025330238976000_twitter,takes one retarded ass guy who does not know personal space to ruin my day
17538388_gab,haikus are for fags you are gay for writing them looks like i am gay too why do i write them its just click bait poetry just to get you hooked haiku
23495909_gab,<user> is a dried up hagged out skagged out old prune that has hit the wall at lightspeed no man wants to have sex with her so she takes it out on dead hockey players angry women feminists is there any other kind
17370077_gab,the holocaust is widely believed even by nazis like me gasing jews or napalming vietnamese lacks knightlyhood i e is detestful
13673143_gab,i am not really sure it even makes us look bad we are hardly the neo nazi movement they guy had a bust of hitler and shit lol we are talking a white ethnostate and race being the basis for identity they are talking germany <number> and muh gay jewish neo nazi
19565259_gab,she suffers from the lack of real life experience and is far too disconnected with middle america if she lived just <number> day among the tards in the ghetto she d become the most staunch conservative republican in the world same goes for <number> of all white leftists
1165694615946588161_twitter,<user> <user> illham go back to somolia run for office there leave us alone you are a race baiting anti american illegal alien fraud
1207692798465585152_twitter,being a myday isn ’ t a choice like being black or gay
1142939405293932544_twitter,<user> ever donated <number> to the u ited negro college fund word nigga
1179004811716382720_twitter,<user> ‍ will not talk to <user> ‍ or <user> ‍ because of bad optics but will go on a stream with kike doxxer laura loomer and talk shit on supposed tradthots you really are a pathetic piece of shit kid
16094196_gab,you white republican atheists who stayed home will pay the price you can forget your tax break now
24414450_gab,y lña historia falx falsa kike sdo se trata en convertinos ew n cobardes a los españoles
11907906_gab,the press is derelict in its duty to educate the public … not indoctrinate the public about islam and the danger in surrendering to it
3271251_gab,so what did george michael die from i mean other than the heavy drug use and decades of anonymous gay sex w thousands of strangers
1081883840518545408_twitter,<user> you work a <number> hour shift i fucking hate doubles i be dead by the end
27016350_gab,covertly invest into non white areas invest in ghetto abortion clinics help to raise money for free abortions in primarily non white areas perhaps abortion clinic syndicates throughout north america that primarily operate in non white areas and receive tax support should be promoted margaret sanger eugenics
1186852543420219393_twitter,i ’ m convinced niggas assume more than bitches lol never wanna figure shit out or ask questions just assume
9010124_gab,rasmutten reports shows back lash against political violence and isis images trump popularity has sharp upturn to <number> we must wear the white hats and not becomes like isis every one must condem terror attacks on moslems leave crime to the criminal left and their isis friends we are winning
23411157_gab,just a reminder that <user> ‍ or should i say andre likes little negress titties and sheboons in general
24171840_gab,reasons to not emulate asians <number>
17630999_gab,what you see here is a meetup between german girls and refugees organized by german authorities in kandel one of the girls in kandel mia <number> was later slaughtered by her refugee ex friend her blood is on the hands of the german politicians
24672349_gab,if you nazi faggots stopped being gay perhaps i d stop identifying you as such i do not see that happening though
9690575_gab,no shit is not this sand nigger in jail
1179878321833889793_twitter,<user> tell my retarded coach man prefers a bouncer at left back
23373927_gab,<user> put <user> ‍ in a no win ambush scenario but he no warski so he had to run his faggot mouth newsflash your channel sux and you will never be andy bitch
1092650700050292736_twitter,can ’ t help wondering if his friend had been raped by a white guy would he have gone out for a week looking to provoke and kill white guys
27290189_gab,the sleeper has awoken a week from now <user> will be a theist you watch guys this nigga getting woke lol uh <user> what the difference between awoken and awakened i googled it but i do not get it
21641038_gab,if saccone loses some republican woman in greensburg pa is gonna get on top of a car tonight and scream let burn this bitch down while hundreds or republican voters smash windows steal cigarettes and light retirement homes on fire oh wait white people do not do that
10898853_gab,on <date> my muslim neighbors hanged a winnie the pooh plushy from a tree in their car lot they did those ululations all night for about a week then they realized they were surrounded by rednecks and ghetto rats hijabis lost their head bags after the fbi arrived
14772724_gab,gay jews crying that trump is stuffing federal judges with unqualified young people what qualities are they missing
9342082_gab,black girls reach menses not <number> b confused w mensa much earlier in fact blacks develop physically earlier than whites monkeys develop physically earlier than blacks north asians take the longest to develop hmm seems <number> b a pattern here must be kangz
1204276810520956928_twitter,<user> oh i am retarded and forgot u could even do that lmfao
1125215870412783618_twitter,west arena is full of retards who just straight w key when they see you
1214676696328220673_twitter,<user> i hate you
26548086_gab,normies do not like this holocaust topic though you go there and they will block you possibly do not delude yourselves thinking u have moved the window that much yet trump will disavow you in a heartbeat too if you are a prominent trump supporter and a reporter asks for a response
25200192_gab,the final solution for the queers and the coons and the reds and the jews
6380103_gab,read this about raghead london bus driver arrested in <number> for social media pro isis screeds how britain handles this shit he was freed on bail on the condition that he stop stoking jihad through his active youtube facebook and twitter accounts no room read on drudge today
1159532003651289088_twitter,<user> <user> and white supremacy is a phrase meant to incite racial hatred and violence against white people
5840737_gab,lol why why should i move just becos there is nazi morons here in germany
1257700532979785729_twitter,<user> i hate you po
1165054340995964929_twitter,just know i hate you with every fibre of my being
19663357_gab,the once great sa was a world leader <number> years ago now it is reduced to a ghetto from black rule and johannisburg will soon be a ghost town mark these words
10799388_gab,it is much better here free speech not many ferals or ghetto rats lol
3824773_gab,you are still part of the problem the more black people who succeed the less things like you describe will happen you refuse to encourage a mindful life and instead blame white people for the savage culture of the black ghetto you are perpetuating black stereotypes <user>
9151871_gab,the u.s. government has not changed in its defense of homosexual interests against russia which has kept its ban on homosexual propaganda to children julio severo biggaytrump trump
24331046_gab,pushing homosexual and transgender propaganda on children is an obsession with the lgbt campaign massresistance
17028518_gab,john conyers explains that the reason all of the women he sexually exploited or harassed were white this is just black man getting even for slavery and segregation it is what black men are today a bunch of racists who abuse white women
19601902_gab,i am a neo nazi republican
7604214_gab,this fuckin asshat tried to hook me last night with his flat earth jews holocaust commie nonsense i told him what i thought of him and muted his stupid ass fuck flatearth dipshits
16289474_gab,but then i can not shitpost about niggers and jews all day fuck that
14361694_gab,i am so sick of watching them be rewarded because they are ghetto iq morons
11230703_gab,your future brought to you by jewish israeli cia rothschild rockefeller soros etc petrodollarwar let south africa be canary in the coal mine for all white civilizations there is a onslaught against white nations worldwide dontvotegoyim openisraeliborders
2956941_gab,only thing worse than veterans are their slut wives least i can pump em an dump before their genocidal psycho mass murderer husbands come back thats how i maga
16827400_gab,what are the bio leninists going to do when we or the asians create a genetically modified subspecies
16048391_gab,what about if it the same girl getting raped <number> times just for the lulz that is
1272504278586777601_twitter,<user> has anybody ever seen a video of a gang of white south africans immigrants beating up anyone neither have i we all know why
9747039_gab,the whole of western civilisation is our stuff a chinaman in a suit is a pretender a mestizo playing lawyer is a fabrication of a whitie situation they cannot but dress up as white civilisation we are that thing that is all what they attempt matters not
10764933_gab,well i got banned on twitter for supposed targeted harassment because i had the audacity to tell an anti white negris she was a racist bitch thank god gab is here
22884805_gab,how many niggers have autism i d say next to zero how many white female children have autism whitegenocide thanksjews
17881377_gab,try this it how muslim women get pregnant
2377356_gab,so it appears hofer has lost the election which is a shame but it does teach us one thing the demographics of white nations are so messed up that the only way we can take them back is by force
25442931_gab,uk is not muslim it a country in waiting for a white van man to take down the enemy as islam teaches us
17178055_gab,at least i am able to speak proper english now are you going to repeat nazi <number> times expecting a nazi to get offended over being called a nazi or are you going to just shut up and sit there like the little bitch you are
7064472_gab,you can end racism only if you end blacks and sand niggers
1084987541579694080_twitter,<user> i hate you so much and i require physical evidence of me doing the same as you ty
1230674874865192960_twitter,i need to be on ghetto jeopardy nigga asked me “ what pornstar have chinese symbols on her booty ” me “ kapri styles ”
25425468_gab,pandora aside from its interrupting of my ethnic european music flow to play an ad filled with ghetto bullshit also wants to play ads in excruciating detail about menstrual products it makes me uncomfortable i would not really want to hear why one jock strap is superior
1079419851901263873_twitter,good morning to everyone except hoes who don ’ t get cold period
27637200_gab,what is the goal you wish to achieve with the homosexual community is it to entrench them deeper in the programming they have received or free them from the chains of oppression they have been taught to willfully take upon themselves
9115803_gab,what people fail to grasp about the genius of whitesharia is that it provokes two loud reactions <number> sharia is for sand niggers <number> restore draconian enforcement of traditional european values i am not sure what commies can interject into that dialectic yes to sharia but no to the white
12987557_gab,increasingly the conversation is ta nehsi coates or whoever saying that the ghetto just seems to have more crime because the police do not arrest white kids and nobody willing to point out that this is obviously baloney
10742797_gab,if you have ever wondered why my fellow white people or as a white person posts are an altright talking point it the utter hypocrisy of jews using their perceived whiteness simply to attack whites who do not share their opinion i present the case without further comment
7230010_gab,my proposal to fix the economy before 1 0 0 daysofmaga ends let send all the hillbilly coal workers to our nation zoos so they can keep the animals from turning into faggots
19833448_gab,ghetto life ghetto wife
11360637_gab,i am gonna guess that a disproportionate amount of pantifa street violence is being done by blacks and mystery meat shock troops the white pantifa traitors are with few exceptions soyboys and amateur porn starlets the left has always leveraged nagger impulsivity media complicity to their ends
15118317_gab,whilst i can see the logic they already do this we already see people being shamed for not being attracted to blacks or asians or trannies people are being shamed into dating against their taste for fear of being labelled racist or homophobic do not go there
13952591_gab,kevin made an amateur public relations mistake he played the wrong card he should have plaid the muslim card for boy fucking not the gay card the gay card only works on mexican boys
16105464_gab,well i try not to call people faggots but you mean because roy moore opposed gay marriage
19989377_gab,you forgot faggots like azzmador and greg johnson
17399643_gab,i would not trust you to hold my beer while i save your family from the shitskin hordes i am certainly not going to trust your properly educated empty of independent thought mind to refute what is plainly visible
15990083_gab,yeah true the explanation i heard was he was just supposed to be a shabbos goy for the jews but out smarted them and took power they explained stalin is the reason the ussr adopted more socially conservative policies and started mild anti semitism
1178985525040037889_twitter,<user> <user> <user> <user> <user> lol they all look the same face covered soy boys who want to control the freedom to assemble and speak freely losers
10110793_gab,they hate young boys with morals and father figures that can protect avenge them there is not a tranny in the us that would go camping without a shower mirror if you search for gay camping every place has air conditioning as recreated summer camps
1208860081674170370_twitter,<user> god damn immigrants stealing sunlight and soil nutrients from american trees
20210365_gab,yup russians are not the ones invading my country bringing drugs crime and terrorism stealing my tax money vilifying my race and religion rewriting the constitution and trying to impose permanent one party rule that immigrants and democrats
6717125_gab,eu a trade based organization built on economic commerce is now attempting to force it member states to accept refugees from greece and italy or else withdraw from the eu hey you guys now your chance trump maga freedomcaucus
15593443_gab,anyone who was spreading the splc lie that anglin had absconded with the legal fund donations should be looked upon with extreme suspicion and shunned i recall some faggot called <user> being very vocal about this
3028381_gab,<user> directly assuming and propagating that an alledged rapist is a muslim refugee is totally sane and fair then no it a dangerous assumption that pours oil on the racist fire the funniest part is that the original article did not even mention rape this idea comes from a bad translation
18028175_gab,public transportation only works in all white countries otherwise it becomes ghetto transportation
25179279_gab,remember when you used to look for other nazi faggots in the toilet blocks lolzy
6381881_gab,and over <number> deadly muslim terror attacks in less than <number> years means nothing according to you
1082831291819745281_twitter,<user> i would kike to meet
11983122_gab,the dark triad man white knights spacebunny day the wife of the supreme dark lord who retreated to his castle to confer with his dread ilk and legal team they are friends of gorilla mindset man and they are avenging their friend the dangerous faggot the nazis are the retards though
12507586_gab,shit unfortunately this is true i would say more so with asian women but also asians tend to live near cosmopolitain fag towns like los angeles new york etc and tend to conform to surroundings
2960160_gab,<user> someone needs to get that message to ghetto michelle
4816164_gab,there once was a fellow named mike whose podcast was easy to like he offered respect and praises to kek but hid that he d married a kike
16779191_gab,a good woman is hard to find i know hollywood promotes culture of dick suckers unfortunate for our country although there are many conservative women who are not so
22828303_gab,blames social media for normalizing violence do they seriously think people are that stupid corrupt pussy uk cops are normalizing the violence by allowing it to continue fucking tools hope he gets run over
24235800_gab,i am thinking of writing a pos apocalyptic story where the moslems took over and the world devolved back to the 7 th century and the only free people are those living in o neill cylinders in space perhaps include the white genocide issue in it as well
26891279_gab,europe instead is a totalitarian state where sand niggers roam free and your elected leaders only goal is to eliminate europe id rather our drug issues than that to be honest besides have you ever even been to the netherlands 🤔 drugs are everywhere there
25733215_gab,the u.k. government has published a ramadan helpline for our moslem friends who have problems going all day without food and need a bit of violence to cheer them up but no helpline for the <number> of british children raped by pakistani moslem men 🐷 🐷
1182127076947775488_twitter,<user> tell her refugee ass i ’ m on my way
1175668817672003584_twitter,<user> just like the left and their faggotry degeneration of norse symbols
22424237_gab,yeah i think it happened before when a skinny little pick a ninny muslim manchurian candidate was slipped in to the mainstream of community activism
15207637_gab,all my nazi friends say sorry we are not being violent enough the left said they d pick up the slack and we said ok we just figured they could do the violence and we d do the thinking
1085157083719323648_twitter,that meme of rihanna saying “ this is the ghettoest shit ” is me <number> <number>
1738820_gab,<user> the cancer of islam created a perfect blueprint for spreading cultural marxism in america create local jurisdictions where the ideologues can flourish using the public resources then infect the space around them over time we have a long road ahead president trump is the beginning
1119851280099356672_twitter,<user> i fucking hate people might be time for an asteroid to just whipe us out
1227138304836952064_twitter,<user> i ’ m ready to cut a bitch who said it
1120218852132999168_twitter,8 are soo fkcn retarded i gotta stop torching my cash w these stupid shits always getting costed wtf
1869226_gab,ok watching the kelly bitch on fox showing the altright group some members giving the salute exposure red pill baby <number>
6646650_gab,feminists brainwashed women into thinking men need them more than they need us but it actually the other way around
25824027_gab,why is anyone surprised that muslim brennan lied connived and abused the power of his office
22218072_gab,no i believe you mix in the arabs to cover your assholeness
6099031_gab,dems find the money to support illegal immigrants but can not find the money to buildthewall they are buying new voters with our tax btwdta build the wall deport them all
23834639_gab,side affect of bombing some empty buildings all residents of syria now need to move to the west as refugees so we do not bomb them in their sleep fuck
13487363_gab,in most countries holocaust denial will get you more time
20061094_gab,here let me help you out bro since you can not even point to the place of my origin on a map i circled it for you now look at where africa is now explain to me how i have negroid skull <user>
9677726_gab,hey whatever works for you the question is do the women want to have sex with you
1087255502390784000_twitter,real ass bitch gaf bout a nigga
15457588_gab,my point is im getting tired of retards larping with this whole mueller is ourguy and the qanon horseshit the faggots on 4 chan soak up like piss in a sponge enough roleplaying enough fantasy wake up clean your guns hunt liberals until they go extinct
1265711569708568576_twitter,<user> <user> modi is a fucking pathetic excuse for a human being
26612518_gab,alfred kinsey posed as a great scientist but his intensively propagated books were gay propaganda based on fraudulent research gerard van den aardweg
11316156_gab,the problem with the vedic religion is that it mixed the slave mentality of asians with the religion of aryans the original white pagan religions which is where the vedas originated from have a completely different way of practising religion religion was taught to guide man not to worship gods
18397679_gab,if white people in <number> are supposed to feel guilt because other people who were white not necessarily even any stinking relation owned slaves then black people should feel guilt that other blacks not necessarily even stinking related to them captured black people and sold them as slaves
1082875021654016000_twitter,i fucking hate brian schultz
1247535263930150915_twitter,<user> fuck off nazi scum
11830222_gab,sue arrest it the same shit strong arm of the law because someone misinterprets a post on social media why do you love jews so much
1146448892659142656_twitter,<user> i d rather trump spend the money on fireworks instead of illegal immigrants
1094666527188631552_twitter,<user> we haven ’ t had a president who hated immigrants this much since fdr
26113331_gab,current tally of islam doing its thing first week of ramadamadingo
1145037656167813120_twitter,<user> <user> maybe put these parents in jail for exposing their children to the desert and getting raped by the cartels
23659387_gab,i know that but they claim to be jewish i have read the bible enough and have researched enough to know they come from russia not palestine when the remnant of the jews were released from persia they headed east not north that i know of
22358292_gab,happy with housing wealth yet you moan at the low savings rate get some economics oh where are the grand kids look in the mirror you can have some islam though and more eu workers
7928934_gab,comey diary on the bill c lynch plane meeting bill talked to lynch about grandkids specifically the chance of lynch grandkids finding themselves on a small plane with <number> women raped by bill c in a thunderstorm over epstein island
24997349_gab,if you can not handle a little swastika flag being waved at your rally you are not going to be able to tolerate a man shouting for the death of your enemies meanwhile punch a nazi kill all white people kill the boer
25239608_gab,suck up the diversity and multiculturalism allow the migrants to rape your women and bleed your migrant welfare system you are fucking paying for the invasion
18733128_gab,people today treat harmless stuff like cat called and wolf whistle as sexual harassment in the meanwhile real rapists get a free pass because of muh diversity this is why feminazi countries like sweden have turned into rape capitals
1179080731642990592_twitter,<user> <user> <user> <user> <user> <user> <user> <user> do not be 😂 i do not need a faggot here for me u sinner 😔
11899032_gab,hey black if the system is rigged for whites then why are the asians doing better than everyone else mythdestroyed iqmatters
17006409_gab,a bunch moved into my aunt apartment in portland and turned it into a ghetto structure mostly able bodied males sitting in doorway all day year long <number> hours can be overheard constantly making dope deals on their cell phones just sitting there acting tough cool thanks again liberals
4607686_gab,work hard this week usfam the democrats need a few million more immigrants and refugees to steal the next election
1081748554882998272_twitter,fuck u hoes i got my baby lt <number>
23666122_gab,<number> young white dudes killed in an accident the bolshevik left maybe that not so bad
19008375_gab,there a reason why there so many evil fat women in government where else would they be if government did not want them they have nothing going on for them except their membership in the democratic party machine
1167947091445813249_twitter,<user> <user> all of the illegal immigrants coming from checks notes the aquapeople residing in the gulf of mexico
13004313_gab,i guess you would have to see it on video before you would belive it over a dozen women came forward with alligations i guess no women can be believed about rape unless cought on video stoptheviolence
1179096375826321410_twitter,<user> <user> i have now read the thing and agree that the parts of it that are about the book or really about anything specific are fine but about <percent> of it strikes me as just muzzy headed woolgathering
1114907282976825345_twitter,that tweet was posted by femnazi and it gained a lot of attention we had to clean his search for days it just a really awful memory
2199915_gab,we are being forced to accept and pay for these muslim immigrants by obama and the democratic party all for future votes and the twisted agenda of obama
1183127131766841344_twitter,whenever a white person says something is “ ghetto ” or “ ratchet ” ask them what it means and watch them start stuttering
19490516_gab,throw in a couple of innocent american lives those who die from their violence and you got a price that is wat too high for us to pay deport
1237305222256459776_twitter,<user> truth hurt them chinazi and lies more lies until it become truth to their lies
18080692_gab,amazing knowing the fear of being stalked makes the headlines imagine being systematically raped and abused by collections of filthy savages that is the lot of the innocent children so brutally defiled whilst our politicians covered it up and moved on
10653951_gab,when you force races to live together a horrifically unnatural concept you get violence and a country that is worth less than shit maga
22353017_gab,once a muslim population reaches <number> they establish a caliphate london is now at <number> if the people of england are too ignorant lazy to make sure this little clown did not get in whose fault is that
2830149_gab,u are retarded if u think trump doesnt pay taxes he has paid more in taxes in his life than most of you will make in ten lifetimes u need to turn off cnn
26588197_gab,one of the many reasons the wife and i enjoy gab a faggot is a faggot a dyke is a dyke a nigger is a nigger
9217150_gab,went to gettysburg pa to visit civil war memorial the other day in town the arts center had <number> huge rainbow flags flying outside the windows tell me what being a quiff has to do with art was van gogh queer rembrandt da vinci is homo requisite to studying art i am confused
1192521325639680000_twitter,<user> woah eyes are like ghetto blaster speakers my two cents 😊 🐝 👍 🏻 💜
4005999_gab,failed president barack islamobama and his 2 nd corrupt ag loretta lynchmob fake interest in chicago shootings by focusing only on ones involving white cops and black or hispanic criminals totally ignoring the over <number> ghetto rat on ghetto rat shootings that occurred during <number> disgraceful
13681127_gab,we can not talk about violence or the zog will come for us how do you think you are going to avoid dying as your fam is raped by a pack of niggers probably gonna take violence so really what do you gain by not talking about violence then
21351711_gab,maybe that is your problem you are excited by street fights with antifa and you think that in and of itself is a goal rather than promoting the white race and building a mass movement
14277138_gab,texaschurchmassacre if youre thinking jews will magically let you be rich again just voting you havent read the talmud jews grow up reading
15019573_gab,elite looters try to destroy history no public school teaches that moslems invaded europe with help from jewish traitors at the gate or that the inquisition was reparations for jews selling white christians as slaves to moslems
895844116260671488_twitter,i wanna get raped by <user>
22171054_gab,holy fucking shit just heard from a very reliable source that matthew heimbach is qanon this nigga has been playing <number> d <number> hole chess against everyone thegreatawakening qanon wearethestorm qbomber trusttheplan
9849931_gab,sure it fake religion like everything fake jews create such as fakemoney fakehistory fakeholocausts christianity is judaism for the people benjamin d israeli
27272328_gab,tranny check mestizo check first date with stranger check seedy motel room on first date check illegal immigrant check
10666566_gab,dear black people you can keep the white liberals your going to need the numbers
12967418_gab,well dinesh sure as hell wasn t gonna do it i am betting at least one anon quote tweeted kike at seth of the retard laugh
9645342_gab,beware of democratic party they r allied with muslim groups plan to dismantle individual rights rewrite constitution install communism
3488594_gab,<user> bobby fischer playing spassky in the near future in the meantime a little retarded boy tries to compete no one cares little retarded boy throws tantrum no one cares little retarded boy shits on the carpet fischer calls hotel maintenance staff
12879374_gab,did not mean it personally i do not know you just i have just been told that functioning autistic women present quite differently than men and personal experience with engineering accounting and finance women who like being alone and solving problems suggests not typical psych profile
1179783614449557504_twitter,<user> 😭 😂 😂 guy stop this i hate you
4084595_gab,<user> creating a ghetto and social division not a good way forward
24122311_gab,of course the muslim beating the jew with a belt is a refugee from syria
6186276_gab,can we call an ideology that governs a state a religion is not it that a religion is to be separate from the state can we not discriminate against immigrants who want to implement a religious state in a country where that is not allowed or legal maga
1179077088025989120_twitter,<user> <user> <user> <user> he also called frank ocean a faggot so this not be the best gif for the situation
12588713_gab,any sufficiently conservative political party would prohibit women from full membership only admit virgins wives widows to associate membership and bar any person without adequate national heritage <user>
11062601_gab,as long as planned parenthood focuses its operations in the ghetto i have no problem with them i only oppose abortions for white babies
19590774_gab,antifa liberals feminists gays immigrants and racist blacks are the footsoldiers of the international elite ruling class that keep us all poor constantly rising the cost of living gasoline and electricity and devaluating our currencies dont back down those clowns will step aside or die
24348147_gab,solo que seras bombardeas y destruidos como los a los antiguos alemanes la mejor raza masacrada solo virus kike
17744313_gab,this should make every white man blood boil our kiked establishment is literally handing off our women our most precious resource to foreign brown invaders wtf kind of clown world shit is this
17519453_gab,joshua plowman joshua plowman <number> minutes ago i agree and the politicians should be charged with the same crimes that the immigrants are charged with that commit them ﻿
26497121_gab,judge sally cahill said it was a worse crime to rape an asian child than to rape a white child and should carry a longer sentence
27277646_gab,why are we in muzrat somali and why are muzrat somalis here
24396396_gab,these same people also deny the slippery slope of gay marriage lookin pretty legit and slopey there
1249553084855939073_twitter,everyone on my tl getting the green gay ur all compatible w me so now we are all friends i dont make the rules
8399062_gab,<number> <number> of the us population is homosexual that people who identify as homosexual you would be hard pressed to find any significant number of child molesters who identify as gay even if they do suck baby dick
11770727_gab,is it federal law that an illegal immigrant caught voting will be immediately deported if not why not
26217093_gab,i think he was paid a lot of money by the uk government to set fire to and murder the muslim tenants at grenfell to avenge the children murdered in manchester makes complete sense to me
1221882384766980096_twitter,<user> scary that four <number> of them thought that it appropriate to accept immigrants that need to be on welfare
4393672_gab,since he started isis maybe a jihadi should have him <user>
6151019_gab,just heard complete moron talking head on cnn talking about trump immigration ban on <number> <number> muslim countries goes on to say if he is against muslim why not ban all muslims or countries with muslims globalist media does not get it hires morons fire anybody rational hire a moron talking head
11551744_gab,not long till the first incident of black mob violence on richard branson private island if he keeps letting hussein bongo and his crew visit they will call it little haiti
24288768_gab,it not rocket science to see the link between mass immigration from shithole countries and london gang crimes london has been swamped with low life african refugees and the pakistani muslim supremacist mayor is hardly going to speak out or do anything about it
1336200_gab,<number> billion dollars a year is spent on illegal immigrants for welfare social services by the american taxpayers
21892871_gab,listening to <user> ‍ the guy who is against the ethnostate obviously lives in the ghetto and blames us saying nigger online for the niggers constantly beating him up and robbing him lol
23088230_gab,are you giving <user> ‍ a run for biggest faggot on gab you seem a worthy challenger
14013635_gab,<number> unlike the islamic world the west cherishes human life so we do not need muslims to teach us how to love <number> religious groups which facilitate refugee immigration are paid by the head making venture catholic lutheran churches lead in this operation
19788951_gab,btw sis does the israeli iq number include the iq of the inbred muslim palestinians if so that would really reduce the overall score do they have books in zimbabwae noticed you left out the ethiopian christians ruh roe sis is going to cry some more
13512435_gab,part of the effect that came with promoting integration in the <number> and <number> was the fact that blacks have a pitiful kind of bearing and whites an imperial one the poor whittle face of the negro race compared to his strong counterpart won him many sympathy pity points
1110921510389207040_twitter,<user> <user> you using a nazi symbol as your avatar
19162604_gab,watching the warsaw ghetto burn
18469603_gab,how boomers let jews loot the usa
1233739615061848065_twitter,whoever retweeted that hand with the piece of skin missing that shows blood vessels fuck you
5057306_gab,starbucks has updated the company definition of fair trade to mean that hiring illegal immigrants from coffee producing countries is fair trade the shitty price they pay the farmers remains unchanged
23926920_gab,oh i got ya now and yes i have heard about pizza delivery people cabbies and i will bet uber now too who dread having to go into the ghetto
4772217_gab,yes indeed same often applies to teachers but noting that much of the ghetto is un policeable and un teachable to white standards is too taboo to mention so you get cops teachers but with mandatory baseline corruption level that you have to just hope does not cross lines or make national news
7578173_gab,keep fighting in the me the billionaires and jews need more money keep bringing in millions of invaders and give them our money keep fucking over vets vote them all out of office the gov is our enemy
18080335_gab,and i have seen asians mexicans and niggers with the same skin color too so they must be the same race
1210226141316947968_twitter,<user> fam i hate you lot
1168963716387430401_twitter,u niggas are broke and use women instead of getting therapists and dealing with your mommy issues 🤢 🤢 🤢
1218097662953754625_twitter,<user> that ’ as good as it didn ’ t happen but i ’ d kike some attention please
24474848_gab,i d take them over antifa jihadis and ghetto gunmen any day of the week they can weld they love jesus they love their mother and america too
1123646168897150976_twitter,one arguement jews will never win is jesus
21280036_gab,they are selling travel packages to war torn ghetto lands
18899913_gab,the best part of this law was that tucker carlson pointed out that california has the same penalty for infecting someone with hiv and offering them a plastic straw he had a debate on it last week with some retarded liberal and it was hilarious <user> ‍
1099413019698831360_twitter,<user> so you telling me when i look like this i ’ m a towelhead but when she wears it it ’ fashion 🤔
25036852_gab,you talk like a faggot lol
4070151_gab,muslim agenda is expand radicalislam destroy all other religion stop muslim migration to usa maga
9127098_gab,not me you dumb bitch the faces do not even match the nose eyes lips are not even close if you are going to go down that route at least try to get some one that closer to what i really look like
16788546_gab,no i mean racial nationalism we are talking about a relatively homogeneous white identity and you can get power if you form an alliance with other racial nationalists black nationalists and white nationalists for instance have a common enemy we both want separation
1094009451714150400_twitter,<user> illegal immigrants and anchor babies
27815880_gab,good and now the lesbian sharia wedding cake
1107037277853638656_twitter,<user> you groom a dog time to call it what it is muslim men raping underage working class white girls these men are paedophiles
12815248_gab,they need to be relentlessly shamed and literally every single one of them lives in a predominantly white area even the cosmopolitans in vibrant major cities virtually every single one of them pays exorbitant rent to avoid the ghetto they are frauds they know it
15918930_gab,if you are not willing to house an illegal refugee then shut the fuck up p i bet you lock your doors at night
13029050_gab,islam legalizing pedophilia since <number> accepting islam accepting pedophilia
24920483_gab,facebook is launching a dating app it good to finally see a place when retarded liberal socialists can hook up with other challenged individuals
13816589_gab,that good but good luck keeping the niggers and arabs out when they have taken over europe
1113570611845058561_twitter,fb so ghetto 😭 😭 whew
20026806_gab,not just because some of us are still beautiful but because white europeans have provided the world with <number> of all scientific technological industrial inventions that is phenomenal folks time we owned it let it be known our creative past potential is unmatched by any other culture
10579761_gab,the last time i went to catholicchurch for sunday mass the filipino priest was clearly homosexual there were like <number> white folk there these little hispanic kids were signing and dancing and the priest lectured on welcoming refugees and no latin spoken 🙉 🙉 🤢 🤢 that was it 😒 gabfam speakfreely
20337260_gab,dear national socialists conservatives christians us armed forces personnel feminists and antifas that arent jewish were all ready united against jews under maga
1233996818159153153_twitter,<user> <user> i hate erdogan but you are racist nazi sucker
13948148_gab,the same media who refused to cover the rape of young girl because they were white the rapist were moslems are outraged that a few mp crack a few non pc jokes around women if only they showed this much concern for the girls of rotherham
17912210_gab,the sheboon was a former prostitute who tried to murder mcafee see the screenshot
1090259169322528769_twitter,<user> what about men raped by women who just want to be pregnant or does not that happen 🤔
14837405_gab,lggbdttibraappabcdefghijklmnopqrstuvwxyz now i know my lggbdttibraapps next time will not you gay with me
1208193791301160960_twitter,straight guy seduced first gay for pay old gay big dick
11291972_gab,we need to send those refugees right back to houston no telling what they might do
24168211_gab,alt right offers even more government instead of transferring my wealth to shitskin freeloaders it will be transferring my wealth to white freeloaders that an improvement but not much of it what turns libertarians into alt right is reading the list of <number> wealthiest u.s. bankers
9490836_gab,they have a funny sense of honor not much honor in watching the rapefugees attack your women after you left the door open
1244261_gab,hey i got an idea lets wait for asians latinos and white people to create a worldwide company then complain that they wont give us an executive job without any education or self reliance we will call it racism then claim affirmative action
11857882_gab,iq does not explain why asians love communism tho i think it just heir character and mentality ant people
1113546_gab,<user> i can see that the women seem to like it though which is strange given we are so over run with feminists full of outrage at the very mention of the word kitchen
25896154_gab,eva engberg <number> years old was killed by a deported iranian immigrant because he was able to easily return to the country unchecked fria tider reports thank you islam
1125215874581958656_twitter,bro arabs live in a mf desert and still got time to be racist lmao go drink some water or smth 😂 😂 😂
3577235_gab,<user> the real refugees are the christians in the middle east yemeni for example obama only wants isis in america to further the caliphate agenda americans are not europeans more guns ammo in citizens home than most armies 2 nda rkba
1076795373803524097_twitter,i truly am the biggest retard
1088310704086560768_twitter,we ever gon talk about how that nigga scott pilgrim was a sexual predator
12617185_gab,feisty you make fun of the poverty in cuba but have you seen the nigger ghettos here in the us
1179076835562463233_twitter,<user> me bitch
1217144134051356672_twitter,<user> <user> lmfao i hate this nigga
7066129_gab,he said allahu akbar keep that sh t up liberal media so we can recruit more people like trump associated press <user> fresno police say suspect in triple slaying told them he hates white people shouted god is great before killings maga trump gabfam
11673530_gab,remember when jews used their media to tell you that the germans were the bad guys they are doing to the same thing to americans right now
7198469_gab,fingers crossed that the people of france have finally woken from its slumber time to take the country back from globalist pos in charge that have allow islam to invade the country maga trump gabfam news speakfreely
9748993_gab,the reproductive skew – the extent to which a single male versus many males sires offspring – is much higher among bonobos than it is in male dominated and more aggressive chimpanzees manly chimp gangs ration pussy bonobo wimps let it all go to the pop star cult leader ghetto drug dealer
24992109_gab,soldiersofodin in norway patrol the streets so that the muslim armies that jews finance dont rape the local women
24543041_gab,st louis is so ghetto ass that compton and harlem thugs will not even roll there
2450098_gab,also why am i so fucking retarded that i can not figure out how to upload a freakin picture up on this bitch lol wtf
1269380424486305808_twitter,i really don ’ t like white people signed winnie
22617147_gab,but you are okay with people like roosh who a raghead and a rapist
1087135406892769280_twitter,niggas out here refusing to give thug a listen because “ he ’ gay ”
22669058_gab,with brown skin lmao i am dying laughing 🤣 🤣 🤣 🤣 🤣 you all must truly have an inferiority complex since you want to claim anyone who did anything great while at the same time calling them sand niggers now you are trying to say they are white lmao jews are white too now right 🤣 🤣
21420908_gab,i am glad that there a division of labor with regard to strategy and tactics in the pro white movement because there d be no future for white people without it
1184924660938530817_twitter,<user> i hate you 😂 😂
18792021_gab,communism can actually work on extremely small scales but once you scale above a commune it goes to shit fast if you disagree i will get my thumb width stick and islam some sense into you
7519402_gab,let trot the scoundrels down to the nearest muslim ghetto and make sure they get well aquainted maybe they can stand in for the goat
17474333_gab,gab needs to swap up the live topics more frequently ive got nothing to gossip about tired of fighting nazis who use the same arguing methods as the democrats and communists and are afraid of pictures of naked women like the catholics -_-
7592411_gab,can you believe that some christians advocate violence against pharisees it just awful the way they persecute the peace loving frothing at the mouth mob still screaming crucify him after <number> years how are they supposed to purge the ussa like the ussr at this rate oy vey
20591748_gab,dindu the jews are coming after you and it is you are not your wake the fuck up
1213311416641433601_twitter,if i see one more towel head on social media i ’ m going to lose my mind
15326249_gab,daily wisdom from my favorite chinaman weihan zhang on twit my friends am modest mans humility work hard technology will never marry girls diffrent species prince henry grandmother sad destruction royalty lineage
3420723_gab,is it just me we let illegal immigrants out of american prison back into a city they entered illegally over 8 0 k we deport russian diplomats for their government possibly hacking into only dnc computers keep the criminals deport the scapegoats 🤔
15099545_gab,if you are from the ghetto it is
1105790355243454464_twitter,<user> time to repatriate somali refugees
23314212_gab,david holtz a proud supporter of antifa took the battle off the streets and into social media when he tweeted except that whites actually don t deserve a homeland you have terrorized the planet for ever you should be enslaved and raped to death
20721186_gab,always thought it astounding no policing agency dares do this to the <number> armed muslim compounds all over the country
20753988_gab,so your theory is whites in america are retarded for allowing in so many diverse immigrants but africa is supposed to be cool with it makes a lot of sense i smell bullshit
4426836_gab,<user> so whites hate whites more than blacks hate whites your train of thought kind of lost me there
16520172_gab,most whites adapt pretty easy to being a minority as long as the new majority are not violent idiots like blacks whites flee becoming a minority to blacks but they just accept becoming minorities to asians and hispanics
1179041911090188288_twitter,they do not tolerate mohajirs been crammed in the slums of karachi daily being told2go back2india there can be no nonmuslim refugees2pak bdesh every1 knows the same night mulla goons will dash in their homes lift up the women kill them law will ignore
8027713_gab,no i only call you a retard because you are a retard
1174120792352800773_twitter,can ’ t fw a nigga who doesn ’ t know how to manage his time
1178974074501877760_twitter,<user> <user> <user> he raped and molested ur grandma or what 😂 😂 whatsapp university rss goons came back with fake news 💦 💦 💦 💦 💦
1168919462076178432_twitter,you do not have to be muslim to help kashmir you just have to be human 1 monthofkashmirshutdown
8462782_gab,this is a win for maga do u think people realize these non profits are a back door to supporting immigrants plus all the federal so they get welfare non profit grant money taxpayers this is a racket that is on a scale of the clintonfoundation where are investigative reporters
6692146_gab,democrats have next obama readying in the wings a muslim doctor that what they call diversity i call it stupid 👹
1178501413346906113_twitter,also in this same vibe any wigger who calls white missionaries who save the lives of non white children in africa india ect a race traitor is an actual h0m0
15565747_gab,women were property before <number> and wives could be raped by their husbands in some states until the 1 9 8 0 there is no heterosexual gene no christian gene for the gov t to require people to change is exactly what hitler did then murdered those that did not pence is no different
13126780_gab,lmao he wasted 2 5 0 k on travel for a cheap political stunt but funny you all bitch about 1 a to protect urself from the military govt and police you all fradidently say u love hypocrites
8780029_gab,will all of the white people who want to move to a ghetto or third world country please raise your hand
25555215_gab,that passage from the holy torah shows how preoccupied with feces and menstrual blood the jews are if there were nazis and poison gas canisters around back then they would be obsessing on those things as well
21622146_gab,well said lord pearson we are looking at millions of rapes of white and sikh girls other communities too by muslim men only <number> have been convicted since <number> can we talk about islam without being accused of hate crime lord pearson question in the house of lords islamistheproblem
10891925_gab,theology is a ghetto activity as insulated and uninteresting as the saturday religion pages of the local paper god knows it is hard to make god boring bu american christians aided and abetted by theologians have accomplished that feat – stanley hauerwas quoting ≠ fullyagreeing
1240771386689323014_twitter,<user> surely we are allowed to use violence against them this time if they get in our way
5488479_gab,i demand all globalists surrender their jobs to someone else throw the locks away on their homes tear down any fences around them and invite refugees into said structure after all is not that what they are asking of john q public sauce for the goose vfm maga altright
13545133_gab,not as hard as it must be for you a basic bitch libertarian desperately cuckposting retarded memes to your internet black friend to prove you are not racist
26122256_gab,why are there queers everyday somewhere trying to tell us what to do abominations go away freaks stay away from anyone under the age of <number> sickos
7835518_gab,christians stop being weak pussies stop putting up with people saying you are evil because some of the scripture makes dykes feel bad or that it outdated or the spanish empire or whatever jews and muslims are biblically cursed they do not and have never belonged in our countries
27694837_gab,shut the fuck up pagan faggot
9309074_gab,so it not refugees improper hygiene that what you are say n
20581944_gab,you d think a gay gym would have whatever equipment required to work the rear end
20028637_gab,lol gross as fuck seriously dont post that shit i cant stand sand nigger chicks i will have to unfollow if you do
1178242529927614464_twitter,imagine thinking that <user> is a homophobe because he said faggot once lmao could not be me
1207914916235091969_twitter,i try so hard to be nice 😩 but some of u bitches really be proving how much u deserve ur chunky white filas huh
1095835383265480704_twitter,<user> what if some nigga threw ur airpods on some bitch
15437795_gab,moslems are not allowed to codemn the terrorists all moslems are to commit violent war jihad the main jihad btw and the only guaranteed path to moslem paradise as long as some in the community are doing this jihad terror it absolves the rest of their responsibility hence the silence
1799901_gab,confederate heroes day <date> texas state holiday we do not observe martin lucifer coon day
26298011_gab,im just gonna say it nigger
19110608_gab,still chuckling over this one the last generation of kennedys made the sexual harassment an art form draintheswamp
2694325_gab,<user> lol what a stupid gook
1260417250789654528_twitter,<user> some jews are anti zionists doesnt that say alot
1179095291783450624_twitter,<user> 😯 😯 😔 this nigger does not love me enough i mean its just a hand bro
17967385_gab,because refugees are classified as technology now
12428925_gab,swedish police chiefs agree to start bombing native swedish neighbourhoods to drive racists out of their homes and make them seek refuge elsewhere only then will they learn about empathy and stop regarding foreign refugees as the other mega
17041450_gab,the announcement that the silence breakers have been named person of the year by time magazine has catapulted the sexual harassment scandals into the national spotlight sexual assault in the workplace has taken on crisis proportions
25948935_gab,his ancestors are rolling in their graves a negress had been added to the royal line therefore ending it royal wedding heritage uk
1097835177055801350_twitter,<user> democrats inciting violence against fellow americans democrats wanting open borders democrats supporting infantcide
1181195220051996674_twitter,<user> no cap that hoe fih tho bro 🔥 🤣
27292069_gab,may put a muzrat in charge of immigration
1178859304033685504_twitter,<user> delete this nigger
1178334590949380099_twitter,who came up with i see you niggers niggering it up again cuz i say that in my head all the time 😭 😭 😭
16271379_gab,no u do not jewish israel4jewish people u wish u had but u have the nt like ur leaders instructed u can not dance <number> weddings with <number> arse so we jews have the original book because like moham the arabs u did not have <number>
1123914189116968964_twitter,so layan aku macam sampah isnt mental torture but tegur that mf bitch is kurang ajar fuck you
1170429494462533632_twitter,bitches w big tits and no ass built like an improper fraction
4160017_gab,david a clarke jr ‏ <user> 1 5 h15 hours ago i am tired of this jigaboo telling black people who they should be what they should do he a lackey for democrats
23456095_gab,<number> black people placed in world strongest man in <number> in fact the top <number> in every wsm event is strictly european white no hispanics or blacks or asians lol u mad
1178839305604739072_twitter,<user> the only woman of color in the room is the chinaman doing the interview
27366288_gab,you are either the worst shill or retarded no one is running around the streets yelling out nigger and jew but if you are gonna be one i am gonna say it so which one are you
4615216_gab,trump <number> yrs ago obama had <number> million green cards made up they were <number> go2 the refugees and illegals do not let them stay he also had <number> million ssi cards he stole from dead ppl
1116696609826508800_twitter,i hate a nigga with bitch ass tendencies lmfaoo u just got a extra leg u fuckin peon
10002346_gab,leftist mind control fails i think this overstates it men prefer women who are real people and prefer tall thin young bodies if asked in abstraction the two are not the same question
1179104697505857536_twitter,the new white bitch from mario kart is op
6354455_gab,update nigger moslem attacker is dead that makes <number> people dead including the attacker one police officer is dead as well from the knife attack londonattack
16432304_gab,will i get in trouble for saying nigger or towelhead here
8771341_gab,no it was never a legit quality signal it was always a retarded scam
21418436_gab,ahmed hussen canada shit skin mildly retarded somali moslem immigration minister has absolutely refused to accept any white afrikaner farmers he wants to bring <number> <number> retarded moslem to canada to kill canadians
1179064127458889728_twitter,really slut cool bitch and followed my boyfriend for what wanna fuck with him
23973351_gab,people should not apologize criminal gov must in this case this merchant yid whore who lies she is a queen while does not have even a drop of royal blood
1113850321598599168_twitter,<user> i am saying i am retarded
17401805_gab,i d also like to see the same applied to our own lazy white underclass too much bigger drain on benefit resources than islam and blacks combined due to sheer number have no decent british values refuse to work and breed like fooking rabbits
1254871802058141697_twitter,<user> jews are the real nazis
1179076907410874370_twitter,<user> trump is white trash it embarrassing that anyone is lying on his behalf
1111061738575810561_twitter,i ’ m that friend who will call you on a tuesday for margaritas 😂 and you better be ready bitch
15805591_gab,oh that ll probably go over their heads except for the paranoid oc types who read into stuff more like the lib dykes
21128690_gab,so do all women if the media teaches them to be whores
27232945_gab,she can say this because she so ugly not even a moslim would rape her
11100725_gab,can someone explain why google is allowed to deny services to someone because of their political affiliations but if a baker refuses to make a cake for a gay wedding he can go to jail
1077844084016828416_twitter,fuck i hate you
10340381_gab,no most white men do not rape <number> year old women that department is saved for your compadre beaners and young black males
1198656401213677573_twitter,<user> <user> just like they will never be jews lol
9130264_gab,if i ever meet that fat nigger oprah im gonna call her a spaboolie 😹 😹 😹
18959386_gab,yeah right you are all niggers nope you are all sand niggers open your borders jews are gods chosen
1240841863587741697_twitter,<user> <user> your mother was gang raped and gave birth to you
15354665_gab,there are so many unemployed moslems in uk <percent> do not work they can train them they will then be able to start a curry house in a moslem country when they are deported
1178302810007293952_twitter,found a dairy today from when i was like <number> and id written a story in it the story was ben met candy she was one good looking girl and i think that maybe when i started being a secret unknowing faggot
15610807_gab,do you understand the morning after pill do you understand the prevention of fertilization or do you think when a muzzie rapes a woman it really cool that she should have to live with that because it a life
1230075226299523072_twitter,women always be crying bout some lil shit like damn it aint even got nun to do witcho
1210046029501829122_twitter,off of u bitch
25637354_gab,joy reid the token nigger used by msnbc to stupid to realize it
14410484_gab,the french have shown in the past they are cowards willing to submit to fascist nazis rather than fight for their freedom the moslem takeover of france is little different german nazis have merely been replaced with moslem nazis islamofascism once a dhimmi always a dhimmi
17714719_gab,when moslems flee moslem countries dont that make them islamophobic
21504198_gab,<number> years that girls in telford have been groomed raped and even killed just because some shit for brains morons incharge did not want to be called racist well how about we call them retarded fuck monkeys instead wonder which they d find worse 😠 🖕
21786251_gab,it a day when worthless thots in slutty green outfits poison themselves with alcohol and nigger cum genital mutilation for all thots
20613747_gab,michael wickson pretty sure he a leaf and his mom gave him a spic baby brother haha
1098753368942616577_twitter,<user> from <number> m illegal aliens and <number> m dead people 🤡
17639488_gab,i cropped it from this one because it just fit the story line of your kike mii player so well but here the full beauty
1218589835155427328_twitter,<user> is that person dumb are asians not poc omg
1200675769845813249_twitter,<user> all muslims are terrorists
20883455_gab,south africans should not come to the usa they should stay and fight if <number> m whites can not whip 1 0 x their number in niggers they are not real whites the usa will not save you we are a bunch of kiked out christian faggots not unlike yeah good luck pieter pooeters
1178493677234262016_twitter,💓 in writing you must kill all your darlings william faulkner
1181274861500538883_twitter,one day we ’ ll talk about how guys have normalized different forms of sexual harassment because “ they ’ re not at the level of rape ”
6412815_gab,lmao fox is reporting that ice lodged a detainer against those two illegals who repeatedly raped the <number> year old girl in a bathroom in rockville but it is unclear whether local law enforcement will comply they should just rape their kids repeatedly until they do comply d
12175553_gab,sounds like a good reason to up the amount of muslim immigration into white countries again it makes sense to the gop
15231723_gab,america has basically lost all of its european culture all we have now is ghetto pop music shitty jewish movies consumer culture of walmart and black friday sports culture of watching sweaty negros chase balls what kind of culture is that
3836998_gab,a christian jew and muslim walk into a bar the barman says is this some kind of joke well if it is says the muslim i am going to come back and kill everyone here
13449104_gab,looked like a religious riot to me except that it was not in a muslim country theres your freedom of speech or to congregate imposing their will on others its coming to a western nation near you
22753470_gab,i poisoned sergei skripal he was a faggot anyway
1100469220964528128_twitter,<user> that how arabs are
10877140_gab,now we see that he did wrong should kept on treating them like arabs the real big slave tradors do until today hunted in the medieval even slaves in southern europe came up to geneva by the way
14518012_gab,he disgusting cuck that deserves to be publicly hanged he a traitor that why his country is being raped and pillaged
1162788017817493506_twitter,my coworker said i am way too nice to these hoes i said i am a gentleman
4617530_gab,muslim countries refusing to take in or help muslim refugees raises no outcry from the alt left liberal socialists but a temporary ban on travelling here from a known terror hotspot is inhumane fucktards
1180222635596292096_twitter,dear liberals why are guns required to be registered but illegal aliens aren ’ t i ’ ll wait
25856411_gab,who gives a fuck about the sand nigger palestinians if they wanted peace there would be peace if isreal wanted war the palestinians would be dead wake the fuck up berry
1259761465025802240_twitter,<user> and isnt it true that halal requires only a muslim can slaughter the animal
23427031_gab,who is this luke ford son of a b nai bitch is he the next influencer in line that the jews have set up to replace weev
12859137_gab,i just overheard my girlfriend telling her sister that she taking her retarded boyfriend to the pub tonight i can not believe she cheating on me
6655495_gab,i d explain this way muhammad arab followers after his death killed his only heir ali whose followers today r shiites east from iraq arabs went west at first and they want caliphs sunnis and they use terror against shiites us etc nether considers the other sect actually real muslims
15586682_gab,i asked you a question before why the hate for iran did an iran hang a homosexual you were emphasis on were fond of
12609133_gab,this is just retarded levels of argument this is a matter of free speech people do not have to listen to it people have to put up with free speech existing clearly you have very little understanding of the topic
1178681126476496896_twitter,<user> why eat hot pockets when you can eat ass preferably nigger ass 👍
14071513_gab,the democrats senate leader n.y. sen cuck schemer er ah chuck schumer helped create the diversity visa program which reportedly provided a green card to the islamic immigrant who allegedly killed eight new yorkers on <date>
11346049_gab,so <number> mil whites did not suffer even though they were enslaved and treated in the most barbaric inhumane ways imaginable are you retarded or something using your logic then blacks did not ultimately end up suffering because the black warlords who sold other blacks <number> jews profited handsomely
19168145_gab,jewelry kike perverts gassed me on twitter and preventing fake phone number accounts enjoying gab way better
7666560_gab,<user> you are trying to intimidate my gab followers if they repost you enjoy telling women to fuck off if their views are different than yours
1160017189296050177_twitter,<user> hey thats gay
22772448_gab,the opinion of the enemy is irrelevant during a war jewish bitch
19277676_gab,blacks are only <number> of the u.s. population therefore black millionaires and billionaires like oprah samuel l jackson colin kaepernick and countless others confirm my point white america made these blacks extremely wealthy and yet sadly most millennial blacks believe the left lie that their opportunities for success are limited
1263316123019345925_twitter,<user> yo not gay its wit da bois
9600971_gab,to be fair muslims turning western women into breeding cows is actually emotionally healthier for them than feminism however it is worse for the white race because sand nigger genes and religion are worse than population collapse temporary descent into savagery and imposition of whitesharia
23324274_gab,dems kill all white people reps disavow and kill all white people slower
21846776_gab,how did you deal with all the murderers racists sexists and absolute brainwashed retarded democrats and lefties on twitter and facebook
17404475_gab,for everyone that has untreated add <user> is literally a gook away from riches you can not even understand yet it all shenanigans and shitposting until them slant eyes wake up
1202892680914554880_twitter,want <number> see rapists of nirbhaya to be hanged on the day she was brutally raped ramnathkovind
1121138432288468995_twitter,alright i ’ m going to change back my avi before people think i ’ m gay 😂
21088573_gab,why would any white folk eat at a dirty coon shack anyway oh yea liberals fuck em charge em triple
24192086_gab,that hilarious how many retarded people you know that can code in at least <number> machine languages genius
27371743_gab,seriously <number> how it is they usually want the office to be hot along with all the brown people us white men like our ac bc we actually work absolute state of the modern workplace
19677552_gab,so mandela ended apartheid in africa now caucasians are being tortured raped and slaughtered wholesale — man woman child while nobody dares say muslim this has islam all over it what say you — president trump apartheid looks pretty good now
17010339_gab,iq nationalism leads to a jew asian bugocracy imposing miseries on heritage white americans that sound good to anyone but jews asians and their stepinfetchit swpl shitlib white lackeys
13307633_gab,vikings fared far and wide to byzantium and baghdad and beyond nothing shocking about this discovery or earlier ones about hauls of arabic coins and a ring with allah engraved on it stone shocking part is how these things will be used in justifying moslime presence in scandinavia now
1178855810211823616_twitter,<user> protect americans in sanctuary cities we are victimized with electronic harassment stalking and illegal surveillance and intimidation by senior influential community members and the illegal immigrants they facilitate
1231392956516642818_twitter,<user> <user> please adress this bernie family was killed in the holocaust this anti semite should be fired
16674188_gab,it all racist it was all discovered by white people whites and asians tend to do well in it its a highly advanced system of greek and european origin its all raciss n shit or maybe whites and asians are just smarter maybe privilege has nothing to do with it
1216977427269935104_twitter,i done seen damn near every female nudes on dis hoe unladylike
27988201_gab,what about whitewater what about her sending goons to intimidate bill sexual harassment victims what about her defense of bill even though he has raped women ​
1172678157289304064_twitter,<user> must admit the term “ muzzies ” nags at me bothers me but this guy nevertheless is in need of serious mental adjustment
1210504728913727488_twitter,i do not need time to forget you but i just need time to hate you
1250904615454937089_twitter,<user> yes i ’ m an immigrant bit i support trump <number> <number> reasoning i see alzheimer ’ is catching up to you
1178197603697283072_twitter,ain t enough dude wrestlers who look like old lesbians lots of middle aged wine aunts but no seasoned dykes
17525464_gab,are you dumb when it says other than german that means a ton of austrians dutch english aussies canadians americans french poles hungarians czechs all border germany too fix your shit you are trying to sell holocaust denial but can not even read numbers in the news
10516102_gab,sexual harassment laws are largely bullshit and definitely need to be dramatically weakened anti discrimination laws should be challenged and exploited for the time being so that they are either made to protect straight white christian males like they cover protected minorities or are exposed as bs
1110223255267364864_twitter,cannot turn a hoe into a house wife if yall just fucking so be it do not try to change her ways you can not she content
15969953_gab,what do you mean how do i figure can you read do you have any self awareness at all with responses like these i should just default to calling you a retarded faggot now go away and stop wasting my time amateur
11223593_gab,it says a lot when the one group who works hardest to subvert white identity is the only group from western culture that has an explicitly defined ethno state for themselves someone does not want competition that why all the european countries have been undermined along with the us and canada
1084505947408457728_twitter,<user> yeah thats pretty gross i dawn my yellow vest and kippah with pride do not like to be compared to a nazi
14791699_gab,a radical islamic terrorist murdered <number> people using a truck jim jones murdered <number> people using kool aid <number> <number> muslimes murdered <number> by crashing planes into twin towers and pentagon a message to the democrats shat heads leave our guns the hell alone
722790541268627456_twitter,no homo we smokin penises
1179087440377794561_twitter,<user> my beautiful richmond i weep for you once the jewel of dixie ruined by globohomo and urban youths can not wait till they take down all the confederate statues along monument avenue and replace them with memorials to trayvon on a horse cause he dindu nuffin
16828799_gab,i will never ever take a bus even if i am broke down can not imagine breaking down near a ghetto tho tbh
19077326_gab,jewish males and queers in general routinely practice coprophagia
12935986_gab,in july of <number> a raghead in nice france murdered <number> and wounded hundreds with a stolen truck when there a will there a way firearms protect ordinary citizens against the diabolical
19084094_gab,the dirty wee paki that lives beside me came to my house there very upset said racists have been putting threatening letters through his door turns out it was a fiver off soap coupons
1609803_gab,my argument to repealthe19th is simple <number> voting either directs violence or is a substitute <number> men participate in organized violence women do not <number> women vote differently than men the farther the results of elections and violence diverge the less stable is democracy and the more likely violence
11740394_gab,so this place has some real winners at life <number> genius called me a faggot in every retort i mean what are you junior high no wonder he took offense to me calling out the haarp morons who think harvey irma are from haarp
22090009_gab,you are going to get raped fed you and all the other siege niggers
17557375_gab,deport all <number> million illegal aliens and replace them by bringing back white americans from abroad it ll do wonders for the white demographics trust me
13818953_gab,altright is not limited to whites those dems are also going to be pushed into embracing their white identity altright is the most reality aligned political movement and so it will become the new right and displace the uniparty
12986076_gab,for guerilla warfafe events like lasvegasshooting is why many jews seek fame posing as conservatives on twitter and in radio shows so they can feed their followers all kinds of false talking points away from the truth after their attacks
1211743854401064961_twitter,i didn ’ t get a pedicure last rome i got my nails done n now my feet look brazy this is ghetto
26112182_gab,another sand nigger bites the dust
14791220_gab,damn you to hell mitch queer mcconell
1246387576539414528_twitter,<user> paris is the ghetto i hated it there 😭
1178778508954394624_twitter,i know my job already tired of my ass but honestly im tired of this white ass institution too
1168866646460719105_twitter,<user> if you hate nazis visit a concentration camp
12611448_gab,you can surround yourself with a bunch of white virtue signaling bata males all you want but that narrative goes away the second blacks talk about how scared they are just because they lost an election or one cop shoots a black criminal in self defense
22614786_gab,a ukip councillor has claimed that the legalisation of gay marriage caused the recent floods erm the country flooded with water not spunk
1188407325754830848_twitter,believe it or not it ’ sunday morning and i ’ m up on my way to work this is ghetto
22005487_gab,so i got called a nappy headed nigger jew 🤣 🤣 🤣
1186161037101424641_twitter,<user> <user> ur literally a faggot sit down bitch
11570079_gab,if there anything that those angry young white boys that have their pants to their knees have shown us is that being black or nigger is more of a lifestyle choice and an actual race thing
19547787_gab,that cuck faggot jack dorsey entire account is sucking up to niggers what a bitch he is
23331323_gab,cantwell is actually talking to federal agents and nehlen has a spic wife so what you are saying does not make sense the only reason i think you could be saying these things is if you are a subverter yourself
4100335_gab,american ghetto blacks are the only race who banishes members of their own ethnicity for accepting or working with members of other races whom they disagree with lol internalracism
1241072483442266116_twitter,my sister got to my city <number> weeks ago and already found a man that calls her everyday and buys her gifts virgo women are sick
20206018_gab,new general named in border wars today his reputation is extreem vetting he promises no immigrant let in until one if my elite men have smelled their ass
1215594254858248192_twitter,<user> no they ’ re wonho in white and shownu in black from monsta x
1178095524781727744_twitter,your buddy is a faggot and a moslem
1267383029229662209_twitter,death of jean charles de menezes jnagappan and all jews guilty of genocide must be exterminated by communism
15300474_gab,we are gonna continue to bullycide the fat stahlhelm and windmill of friendship waving faggots and losers out of this movement we are americans meaning we are white being pure natsoc by giving the jews what they want is stupid kikes have won that imagery battle we are doing something new
4770465_gab,be honest and speakfreely gabfam is there anyone here part of the altright that has a problem with me or others for being of other races and orientations despite being sympathetic to your cause and being fellow white rights advocates i do not get offended easily genuinely curious gab maga
18971794_gab,why is it that women have no problem aborting healthy babies but at the same time feel a moral obligation to keep retarded ones
1246864747506683907_twitter,upgraded to a real ass bitch you hate to see it
1178833419423354881_twitter,<user> <user> <user> um lol stop being dramatic i was joking that the extra x chromosome is what makes us want to win arguments i never said men can not have emotions or be the same tone it down feminazi
1120835758741438467_twitter,<user> all homosexuals and transsexuals are narcissists
1084586012465086464_twitter,women lie to kick it niggas lie to hit 💯
15230250_gab,where where are all the whites and asians doing the car jackings home invasions muggings and random shootings this is why nobody trusts negros and nobody wants them around asians and mexicans hate blacks more than whites do
1121219290089381889_twitter,<user> if no one is above the law then why are there so many illegal aliens in our country
1178517465090985989_twitter,mickey mouse is a faggot
1124348819699843072_twitter,<user> lmfao girl how you come up with this it makes sense tho cause niggas fuck every hoe raw 🤮
6702497_gab,men must not confuse chivalry with letting women walk all over you
14399578_gab,how about americans raped and murdered by their illegalaliens let start there shall we they have a sworn duty to uphold the constitution and project the sovereignty of our nation not attract more illegalaliens instead of deporting <number> million and importing more muslim terrorists
1243607084312285184_twitter,<user> 💀 bitch like my tweet so i can compliment you
1110273981171621889_twitter,tbh the only dm i have not muted is bc girl that bitch is cute <user>
27599318_gab,notice they attack islam but are happy with the gay sauna brighton and being remain do not worry pol2 is a team of te new knights and we can get you killed at any time happy shabat
1146143832574255104_twitter,<user> idk but i know the holocaust is some yellow head with a simple smiley on it
12348949_gab,a friendly reminder that the un is looking for aspiring london based attorneys to represent refugees during legal proceedings
12807458_gab,i think antifa blm and the rest of the culturalmarxists that use violence to shut down people exercising the 1 stamendment really take advantage of the fact that we do not stoop to their level we need creative ways to counter though minus the violence
15593969_gab,i have read your talmud kikess you are lying through your teeth you filthy jew whores conquer nations through subversion of culture and intermarrying in order to dilute white genes and create more little yidlets that why jewishness is passed via matrilineality gas yourself
1089190993361018881_twitter,<user> and ungrateful bitch still chatted that homophobic chat wow
17940228_gab,lol i see you changed your picture so you can advocate mixing races while using the fellow white people line
23277972_gab,that lying bitch is screwed <number> ways from sunday and she knows it explaining her unlawful actions is not going to help her case one iota this just makes her complicity more evident
21210654_gab,and whatever leftist or muslim piece of shit downvoted this post let me be clear you can go fuck your mother after you admit that the so called prophet muhammad was a pervert and a fool britainfirst freejaydafransen freepaulgolding
1144145594845282304_twitter,bored of the gay site gn
1167131165138063360_twitter,tonight klopp is the goat when he releases his line up v burnley he a nazi thats how it works
7144350_gab,this is bad news for the children of millennial women if only <number> of millennial women want to be housewives that means that potentially <number> of their children will not get enough time and interaction with their mothers which is unhealthy i just wonder is <number> the floor <number> <number>
2385537_gab,women are horrible at games if they are good they are fat
1125123978538864640_twitter,famous saying “ i felt sorry for myself because i had ragged shoes until i met a man who had no feet ” showgratitude
1162547667416899586_twitter,there too many wypipo asking what this is and if they can get in this is a niggers only event
22986133_gab,nope no evidence whatsoever it retarded horseshit
12385252_gab,only those who already had high iqs would have been able to move to winter lands not that the winter made them intelligent really retarded logic from those who spread the theory john is talking about
3862208_gab,also you have plenty of company more and more each day since just about every mexican and moslem feels the same way you do so no loneliness for you awesome
1093442415396941824_twitter,<user> <user> send an old chinaman to <number> <number> to beat up the old chinese bastard
1179039195228065794_twitter,opinion when a girl is a hoe everyone assumes that girl is the one who hit up every single guy even if it always the guy who makes the first move sexism or no smh 😒
16414545_gab,another muslim man phones katie hopkins this one is pakistani and he tells her his parents told him to go with white girls as they are scum i believe police ignored the raped girls because police hated pakis and any white girl seen with them
25926393_gab,does anyone know what actual asians i mean the oriental types think about all of the persians and arabs being called asians by most of europe media does it piss them off as much as it does the rest of us or even more
1093045508396994560_twitter,my ride is a chariot my bitch is a princess though i live in the ghetto feel like it a mansion
1159883181262196737_twitter,<user> the little bitch got off easy
8544614_gab,liberal elites are silencing its citizens to promote its globalist agenda and to make islam dominant in germany the people must reject that and vote liberals outta office quickly or face losing germany history and culture
19620329_gab,tbh <user> ‍ was not coming off well in the middle of the actual conversation sargon actually had a valid point about having to commit violence against white people to achieve this
12929973_gab,actually they were white people and no one cares
16672566_gab,japan does not have the problem of moslem terrorists rape gangs or negro gangsters ruining their country
16379513_gab,the anti white anti american kike who tossed pledge of allegiance out of schools because it says one nation under god what will become of us without such talmudic wisdom
18016808_gab,lol you did not want to live in a country with a nigger president so you moved to mexico 😂 holy shit you boomers are priceless
17630012_gab,stan lee doesm t like faggots like you harvey
17081882_gab,why not a safety area for our muslim friends and their jewish enablers
16598098_gab,it means retard
13656899_gab,what happens when you elect ghetto girls
19671325_gab,the zeal that the msm censors any talk about jews almost makes you think that jews are our de facto masters or something you think there would be any censorship of a person suggesting a correlation between europeans and war
1209280590018678784_twitter,<user> not sure what he ’ training there besides his retardiation ratio someone should tell him ^^
1179053487134408706_twitter,<user> 😂 😂 😂 😂 😂 😂 😂 😂 😂 😂 😂 😂 😂 😂 😂 😂 😂 😂 they say we sensitive right 🤔 but you bitches crying about being eye candy 😄 let us know when you get full blown raped crybaby
16291509_gab,for once a moslem did a good thing one less future democrat voter and one less welfare check
14427667_gab,while wapost publishes allegations of sexual harassment about roy moore and the usual suspects in the republican establishment are pushing for his removal these same bastards protected thad cochran who had an affair with a staffer while his wife was dying in a mississippi nursing home
22639477_gab,stand up and be counted feel free to message me with any questions the ikk kk is currently taking applications we are looking for honest christian men and women who are ready to make a change ik org
1178542290052243456_twitter,<user> a bunch of poor refugees a thousand miles away no hussein more like <number> million voting illegal aliens already within our own borders that is the existential threat
24117432_gab,police hate pakis they always have that hate extended to white children seen with them it very simple
1160270034503180288_twitter,i be crying in my car nigga nightmares of dying in my car nigga
10587044_gab,the word racism is not an objective term it has no fixed or agreed upon meaning racism is a verbal weapon used chiefly against white people it signifies hostility towards us
1179050447082004480_twitter,she is gay
27280463_gab,for fuck sake when is the western governments going to stop giving these retarded hostile muslims perpetual aid
3161928_gab,fake conservatives everywhere supporting these refugees scum
1264266111907885061_twitter,idk why people think they went off when they say “ go back to palestine ” that ’ ltrly the goal y ’ all kno what a refugee is
7660296_gab,the western power structure wants to kill you slowly through diversity enforced by strategic violence tommy curry wants to kill you quickly by less strategic violence both want to eliminate white people more importantly racists i e white people tommy curry is bad merica is good
11802249_gab,idea for europe send refugees to caribbean to help rebuild hurricane irma damaged islands let them show how compassionate they can be thousands of miles away
1179086077648347136_twitter,testing testing <user> <user> <user> <user> speak freely gab fam rotting moldy nigger tit flap cheese pus retard assfucking retarded nigger penis head ballsacks lots and lots of ballsacks on andrew torba forehead
11204999_gab,it <number> you can honor the lost cause if you are a crazed homosexual jew but i repeat myself thrice
1178513294426021888_twitter,imagine thinking that fat dyke in dallas a better rb than kamara lmfao
17973156_gab,if a bus filled sand niggers has one empty seat goes off a cliff it what is that called waste of a seat
21349337_gab,just me this is america we have enough to handle right now i love these people demanding things in america islam demands jews demand no americans will end islam they know it is coming wow
1178788157111668736_twitter,<user> what do you say to the tens of thousands of american families who are killed assaulted and raped by illegal aliens and anchor babies
12488090_gab,finally got my first twitter jail sentence for calling a goatfucker a goatfucker while they whinged about poor oppressed muslims being kicked out of myanmar for slaughtering the buddhists i should start using this site more
6893433_gab,it sad when innocent whites die it not sad when subversive self hating whites die she was helping nonwhite moslem illegals stay in the country thereby acting against white interests she was killed by an illegal nonwhite moslem migrant it poetic
23086085_gab,weev and ricky go way back therefore trs is required to do whatever the midget kike and his anti white faggot buddy want
1179043729472028672_twitter,<user> singapore hdb should be questioned if chinaman satanist lee hsien loong enquired about the purchase in <number> marsiling lane singapore in <number>
10093981_gab,the god damned jews really think that they are the arbiters of everything that they rightfully decide what moral or immoral what permissible or taboo
1211540756873273351_twitter,trans women are women and if you disagree fuckin unfollow me
23109287_gab,war is legal because violence is a legitimate means of redressing certain grievances righting certain wrongs and protecting vital interests if it not morally wrong for governments to engage in such violence it not morally wrong for individuals to either
23992199_gab,good point have been learning russian since my last gf she was born in saint petersburg and really think i could make a productive living in either st p or moscow but the language is a bitch
11671275_gab,omfg can we please stop fucking bickering about censoring and freedom and policies and can we please just be thankful that the fat bitch is dead 😑 😑 😑
1220352843728785408_twitter,i be minding my business y ’ all hoes are weird
25535259_gab,<number> taxi drivers sentenced and <number> more suspended in newcastle for raping and grooming children why is not this headline news bbc i will tell you it is because they are all pakistani heritage muslims who single out white children to groom and rape ignored by our liberal elite
24997471_gab,hey kids pay us for making our enemies kill each other while we jews laughed in hotels summer camps disguised as concentration camps
1959939_gab,is it wrong that i hate asians even though i am asian speekfreely newgabber gab followattack
5440440_gab,dear sweden your cars are getting torched cities burn your women get raped and your children will not have a safe christian nation in the future due to your planned muslim invasion on the bright side at least no one will call you racists maga cuck sweden banislam
3012325_gab,<user> these elites including merkel can integrate my fuß up their arse i bet they do not have any arabs in their gated communities but they are more than happy to see the world burn speakfreely merkelmussweg afd deutschland welt europe
8774269_gab,shrinking the bloated wasteful epa is a good start we need dept of education to vanish completely federal funding of marxist colleges and planned parenthood needs to stop hb1 visa program should end social programs for legal and illegal immigrants should end time to stop spending
15883057_gab,<number> genetics by current estimates ghetto dwellers breed more ghetto dwellers welfare is dysgenics writ large
12183784_gab,im the victim here i could be like a alt right rosa parks only i was really discriminated against im not just some whining nigger 😡
1178977811853389826_twitter,<user> <user> maximum inclusivity we are all white supremacists now
12672128_gab,the federal naturalization act signed into law on <date> <number> by president washington stated that immigrants to the united states had to be white according to the definition under the british common law which the united states inherited gabfam
1100222373578432513_twitter,<user> <user> i hate you 😅
15611717_gab,brian ross suspension people lost money sorry but ziltch any sympathy those retarded enough to panic sell off shoudln t invest if they panicked over that they d ve lost it all later anyhow armaggedons can really occur but not everything armaggedon either concern but not actionable panic
1117185669871349764_twitter,<user> supporting terrorists wont get you anywhere so stop playing victim muzzie game
1179046857038675969_twitter,how can you know someone intention whether they are real or not how can you just accuse them doing so in order to promote their products group or gaining publicity it is your heart that is stained by jealousy towards others suck it up faggots
24309479_gab,this is where i am at now i do not care if people are retards as long as they are going in the right general direction even for the wrong reason that because most people are retarded and always will be so expecting anything more is futile
13232150_gab,all women who do not have felonies have the right to vote in this country where are you getting this info
1232941338775080960_twitter,if you are dating my exes stop thinking that i hate you ahah relax idc it your time to suffer toodles x
13922282_gab,this is why naxalt is bullshit the faggot mind of sheep uses the <number> as the rule to say there are no wolves yet when attacked it only <number> of wolves eating sheep
1233090030601560065_twitter,<user> women were gang raped in his house is it true women body found in backside gutter kf tahir
13986567_gab,no pedo bashing how many times can these faggots jump the shark
25475856_gab,fast nigger wants to drive fass see ya at the next red light nigga
1179015901456322560_twitter,he talking bout how you wake up thinking bout crab legs you so ghetto 😭 😭 😭 bitch shut up 🥴
15152821_gab,issue is not just islam non white immigration is an issue as whole non moslem black brown is as vile and violent rapist thieff thug as moslem ones are only difference is they do not engage in terror attacks yet issue is racial non whites have no place in white lands period
23229055_gab,<number> years old brazilian neonazi stabbed a nigger at school for criticizing his racist beliefs and threatening him classmates say he likes to draw swastikas everywhere and make references to the kk the hero we deserve
1090776805148102656_twitter,denny hey bitch
1185304520424939520_twitter,y ’ all mfers will listen to logic even though that ’ the most unlogical thing to do since the holocaust
20766776_gab,<user> ‍ my sexy bitch
20427890_gab,he called me a pig when i asked question lol he has no answer its just typical yid technique believe me even i lie otherwise it anti semitic
1088355307632381952_twitter,<user> economic holocaust have a word 😄
4315430_gab,<user> so your convenience is more important than free expression that something queers and bimbos think
1177780200962166784_twitter,prolly heard ima hoe from a hoe 😤
14547601_gab,we are accepting donations on behalf of rose west who has really made a remarkable transformation from straight white female killer to east indian lesbian kindly send donations to killerdonations org
2401324_gab,<user> it hard to tell she might be gender fluid or gender non conforming perhaps even gender fucked up in the head regardless she looks like a prepubescent boy dressed like a bull dyke
21540552_gab,this is what our family members died for in ww2 so fucking retarded western countries can detain you for saying obvious statements about objective reality the uk is the sick man of europe
1179093352744009728_twitter,<user> <user> <user> syg and castle doctrine laws are ways white people declare open season on blacks they are all about letting white bois and gurls get away with murder absolutely intentional
22683065_gab,what do you think is more likely the story or a nigger lied
13909965_gab,oh shit this nigga is back man i just got done btfo ing a stormfag i do not have the patience to deal with another sandnigger lover come back when i actually want to shit all over you
25592740_gab,oh look a cuban canadian a holocaust liar and a casino magnate who funds the rnc and donald trump
3235496_gab,<user> send her <number> a moslem refugee camp
27559578_gab,so is it ok for us to protest jews in those positions in our countries as well chill the personal attacks i am better than you at those and i have not even used one yet it a debate
15400774_gab,i am totally disgusted with uk wstmnstr mps who seem to think that a minority moslem population proven to be welfare parasites terrorists pedo rapists overly represented in convicted criminals is more worthy of their support than the indigenous taxpaying british they clearly show their treason
1145450669291102208_twitter,he was so dirty brought the girl to her work events whew caucasians are a different kind of petty
1178831704171126785_twitter,my mom really walked into my room and asked me why i look so oily it called moisturizer you dry ass white bitch i hate it here
23617091_gab,we are all out of altruism all we got in stock is generous ultimatums some kike moved in next door and undersold us
20651393_gab,i tell you what if they gave a fig about sex trafficking they would be cracking down on illegal immigration and ghetto communities where most of this stuff takes place they do not give a shit about girls in sexual slavery they just want a pr campaign for their nefarious purposes
11058557_gab,justice is a bitch if you are a criminal lol
27605417_gab,miss america shall embrace beer for beer makes fat women look beautiful
1087070600697446401_twitter,eat a taco or somthing and stfu and be happy hoes
3059842_gab,<user> i do not see how merkel can win germany would have to be mentally retarded or full on islamic to vote for her
1267761238022344704_twitter,<user> soobhyuck superior gay <number> liners 💅
27318602_gab,ha classic the dsa faggot was not having a good time
11956221_gab,canada refugee system is dysfunctional but neither the virtue signalling airhead aka pm the dishonest media nor the cowardservatives care canada justintrudeau cdnpoli cdnimm
20606774_gab,hey you all ever think about those negro boys up in the north and think of how rich they are ever think about lynching them then buy my new lynch that as dirty as those jew loving nigger boys maga daca iasip pandr assduo asduo assdup asdoijasodij asdoihoiashdoih aosihdoaishd oiahosidhaoishd joaisdaoishd
13909163_gab,i suggest you put this nigger on your board of directors he seems like a good one
1178398958030209024_twitter,in my arms by alex g is a faggot anthem
13278368_gab,the boy scouts are run by fags so its only natural the fags would want dykes to join
10569062_gab,you are white walk into a restaurant and it has nigger employees what do you do
24273157_gab,well now i have seen it all a chinaman wearing a kilt
25466958_gab,perspective what would you were told that police hated you because you are black real or not then seeing things like this done to someone black i challenge you to find something similar done to a white girl especially a rich white girl over a speeding ticket
23088833_gab,when gays hack into their gay mate facebook accounts do they change the status to i m straight and i love eating pussy
15573658_gab,maybe but you get them in all races our biggest problem is white underclass like this you need to educate africa to our standards without their whinging about slavery racism making no effort etc then measure it to know for sure
1183867784436109312_twitter,why are these negros outside trying to sell water when it ’ <number> degrees outside
13682236_gab,what is it like to live as a white minority when there is no escapte to a white community it one thing to travel abroad or visit an non white enclave it another to have no place to go
1165134672168460288_twitter,<user> he was hacked today by a racist amp a nazi and somehow people forgot he was already racist himself ¯ ツ ¯
22550417_gab,a muslim in sweden asked for isis donations for <number> years on facebook and his account was not deleted
27241910_gab,the catboi spic cries out in pain as he strikes you
19159665_gab,imagine thinking you are not in a race war already all this anti white propaganda the media spits out everyday is not real goyim go tell this nigger <user> ‍ says he should put a maga hat on
1084758654228881408_twitter,<user> most of us are descendants of legal immigrants this battle has nothing to do with legal immigrants it ’ about illegal immigrants
3742628_gab,we need to get real comfortable telling blks they need to leave they farmed they did not contribute to building this country whites did it we need to start saying we do not need diversity in white anything unless they want to make naacp and all the other nigger groups diverse <user>
13517786_gab,they used to have cracker and honky now they have antiracist them to us racist us and nazi does this mean i can say nigger faggot kike sandnigger and spic again fuck you anti white scum 😬
9119135_gab,they are going around right now looking for racist zip codes they are getting into some of the nicest areas here right now full ghetto bullshit coming in diversity divides stl is fucking rough and no white person goes to their neighborhoods for a reason no reason to invite them in ours
21852772_gab,thread brainstorm below list what you see the jews doing as their major false flag attack to try to stop the mass awakening happening now country city type of attack and who the jews will false flag as perpetrating country group
5646582_gab,the parade needed at least one severed head in honor of muslim culture
5466259_gab,obama is not the only one with a private army traitor to 🇹 🇷 gulen muslim billionaire puppet master of obama and erdogan in pennsylvania boasts a small private army also
18779343_gab,the holohoax was so efficient the results actually horseshoed and created more jews than there were before or something ( ? )
11598944_gab,last night i was kind of drunk and held up a steadfast sieg heil the entire time some nigger was walking past me on the bus it was gratifying
1174577010968092672_twitter,if i ain ’ t look like my dad the negro wouldn ’ t claim none of us
1228049932654759936_twitter,i hate you ghetto hoes i hate oakland bro
6834925_gab,if those dickheads are so caring about their country then they should fuck off back there and do something bunch of moslem cowards
3734863_gab,so a white puerto rican alaskan muslim vet goes into a bar
25422397_gab,what you nazi faggots keep telling me is you are about <number> gabs then you puss out run gump
15983268_gab,oh well at least one moslem is now armless goats are happy as well since he also nutless
21969771_gab,he a jew when it convenient for him and a fellow white person when thats more convenient just like literally every other kike
20477893_gab,gab is the white ghetto
1173751425160994817_twitter,some guy was walking around my house banging on the doors including the garage door yeah retard keep doing that im so gonna answer
1167141827000045577_twitter,<user> <user> i hate you
1089766334437707776_twitter,<user> so you are going to set free all of the immigrants whom ice has jailed cool get working on it lil marco
1178761923032043520_twitter,<user> jokes on you because i wouldnt respect any professor who tried to teach me queer theory if they didnt look like a slut
25194119_gab,i actually just posted about her earlier women who are resourceful can whip a mans ass or <number> romans
1237875748246917120_twitter,<user> <user> i ain ’ t from br and i know this bitch word for word 😂
27944432_gab,says the guy calling for violence against cops and defending obama in the same breath you are a transparent kike hasbarat
25847294_gab,a foreign nigger is lord mayor of sheffield
25934836_gab,something seems all wrong about this whole thing — should not there be some retard screaming about how there culture is not her goddamn wedding dress 😂 royalwedding meghanandharry
13271333_gab,i support girls joining the scouts there are too many trannies and dykes in the girl guide movement
1178508306882744321_twitter,i fucking hate saturday because i work <number> hr emotionally draining shifts helping annoying ass white ppl i hate sundays because my brain melts listening to football coverage being blasted at full volume from <time> to <time>
8750267_gab,nat geo trying to blame radical islam on anything but islam and the show is less than a minute in
27543273_gab,these white sows shameless bitches have no shame they are so starved for affection they go with some stinking ghetto niggah ape
20238600_gab,everyone wants a sterile war it not possible christ were ourpeace time yet <number> million white children raped by pakis muslims our peace ain sterile
5652188_gab,white supremacists and nazi larpers should be very concerned with jewish infiltration and agitation
27834023_gab,these liberal women are literally paying a clothed man wearing a glove to finger them for <number> minute therapy sessions that not therapy that a sexual service and they have plans to expand to other major cities
1083189107906482176_twitter,<user> <user> you are a nazi sarah
27366548_gab,kim un would have never met with weak hillary or nigger obama news singapore trump maga north korea
1096962994452410368_twitter,black person hey tha white moderates shh you are adding fuel to the fire what would rosa do
4322867_gab,marching under a false flag or multiples thereof is counterproductive it discredits yourself and muffles the cries of women in other countries who are actually oppressed marchers are victims alright but their perpetrators are their own false flags not mine sthu notmymarch
15826491_gab,i always thought that nailing chicks age <number> when you are in early 3 0 is like an accomplishment minus the gook part but not casting aspersions
13650059_gab,he got follower in presiden of s_africa jacob gedleyihlekisa zuma expelled all white farmers
16364187_gab,porn is just the way the jews are trying to stop whites from making more whites you cant get your hand pregnant and it turns young men into betas
10325961_gab,yoah touchink the third rail now ve made you and ve can break you raghead hoah
1178879023528566784_twitter,bad white bitch wanna hit my keys 🔥 <user>
1160261323688726528_twitter,bitches act like you are supposed to be scared of them because they are dirty and ghetto 😂
9336967_gab,first wave feminists were largely thoughtful women advocating for voting rights legal financial rights access to opportunity subsequent feminist movements have been ridiculous by equating feminism with abortion sexuality etc burning ones bra never accomplished anything except sagging
1165868444715278336_twitter,shit might fuck around and start dating white boys
1174377815107657729_twitter,dykes love that lil black sports bra khaki pants combo
16921944_gab,they should have put this nigger at the back of the plane
1178780071252889602_twitter,<user> your actually gonna get raped by bayern bro
1193071769294376960_twitter,cuff yo bitch nigga
4473435_gab,<user> there is a bright side if criminals start using silencers people in the ghetto will get more sleep
10064546_gab,we used <number> call this song cat stevens fever before we knew cat stevens was a muslim idiot pantera cat scratch fever ted nugent cat scratch fever
1179008240668966912_twitter,<user> no intentionally left out he have no plans to give citizenship to illegal muslim immigrants since hindu sikh jain buddhist christian will be raped and killed in islamic countries they need refuge here
15865022_gab,the alt right is <number> <number> e celeb faggots and about <number> fanboys the rest of the movement is actually just people that are fed up with anything establishment we should be declaring ourselves the alt establishment but we are lazy and not centralized and varied thus unpredictable uncontrollable
27638978_gab,i hope this coon ref makes a wrong turn into a russian ghetto and gets shanked he clearly hates white people or maybe just denmark
1179094796578824195_twitter,<user> this makes it sound like the tech folks are not quite the assholes i thought they were glad to see they are supporting free speech rights of a coworker the cancel culture of pomo queer theory is wtf out of control
1179060381970567170_twitter,dudes that wear all pink sneaks faggots and these females condoning it restoring the honor
13587865_gab,muh kike on a stick so edgy
16992841_gab,myself paul jayda fransen enjoying a bit of downtime from our stressfull dangerous lives well never surrender to islam we are christian soldiers ns we are the people
13298577_gab,yeah who knows maybe or hes just mentally retarded
14503035_gab,had they been dune coons jewess kohn would have called them peaceful protesters who were responding to discrimination and a racist society followed by jewscolding on how the natives need to adapt to immigrant demands whites advocating for white interests scares the shit of them
13438032_gab,ok so i have been off twatter for some time now so i may just be rusty but has leftist kike trolling actually gotten worse in quality than it was a year or so ago
1178359187253923840_twitter,what did meek say niggas fuck they bestfriends like they was dykes 😂
1107384378328563713_twitter,<user> you ’ re retarded if you believe this
1240075635776782338_twitter,so we all just house niggas huh
13925301_gab,true lotta coons in antifa
26822908_gab,ms <number> and arabs pouring into the us from the south
27438106_gab,the calibre of labour mps anti white mps must be designated her father ran off with a <number> yr old her mother poisoned her lover did <number> yrs in jail became an mp by default and told raped white kids by her paki brothers to shut their mouths
1125391867611271168_twitter,to all my muslim moots mute me just in case
1227745250019553282_twitter,<user> <user> nah nazis are evil
12158323_gab,for all the muslim goatfuckers
1169959895963242501_twitter,<user> <user> what kind of retard falls for this
1106601398278344706_twitter,<user> <user> <number> youtube demonetizes prominent leftists yet never touches nazi shepherds and sympathizers fuck that
1251685574546583553_twitter,ugly women posting selfies is harassment
1265634407123087361_twitter,bts making go on that ghetto ass orange app why can ’ t y ’ all just put everything on spotify please
23344825_gab,sorry middle east and country like syria problem is from islam kill the nonmuslim that includes people who live there that why it is not going to stop it western will not be there in those areas if there was no oil or care or even bring them to western
6469864_gab,if our civilization is not superior why do immigrants flock here rather than stay in their native regions the united states is not geographically contiguous with syria
1178976586168754177_twitter,so now in nyc you get a 2 5 0 k fine for saying illegal alien the official term for a foreign national living in a country without authorization but get over the use of the word nigger niggers tuesday thoughts
5029568_gab,charlie daniels ‏ <user> twitter assad of syria has said in an interview that there were terrorists among the refugees check it out
1317411_gab,<user> bit worried about the generalised threats bit offended snowflakes are threatened by everything would a call to protest in person against a mosque that was spreading radical islam now be forbidden remember censorship is a slippery slope best not start
6088153_gab,we must secure the existence of our people and a future for white people altright hdnw jewfreeamerica
15900511_gab,this nigga supports homo jews diddling kids
17345319_gab,no it does not you are again all about the blank slate races behave differently you sit there with stupid retarded platitudes while your race and culture are overrun and erased but it all good because you feel good about yourself enjoy your bliss
1212907875997061120_twitter,hey hawaii vote this fake dem nazi c*unt <censored> out of office the world is watching and we are holding you accountable gabbard
27070569_gab,you jews would not even need to drug that bitch up you would not even need to rape her lmwao
1178393878686310405_twitter,<user> <user> <user> omg they actually said that shit disgusting and they get mad when you call them white supremacists
22025922_gab,not hard to understand why canadian asians are up in arms over calling moslem pedophiles asian
15756713_gab,i so hope this jew hating pope is killed by one of his muslim buddies
16812150_gab,it was nothing similar jesus parents had to go to bethlehem to pay their taxes the il legal immigrants did not owe us taxes
17857551_gab,since this time last year ten pakistani girls under the age of nine have been raped and murdered in the city of kasur what kind of men are those paki blokes if they can not even protect their wives
1145350924539432962_twitter,having a period every month is so ghetto
4630804_gab,the tsarnaev brothers remember them sorry you may know them by another title bostonbombers shocking they were also called refugees what are the odds that islamic muslim refugees commit terrorism on the people and country they are taught to hate gabfam maga americafirst islam
15244463_gab,if you are a woman who worships the demon god allah then u are blind bc his prophet allowed the rape of non muslim women said that hell is mostly filled with women that women have half the brain of a man why do you worship such an evil god
9506123_gab,the reason that world globalist l and religious leaders including the slime in hollyweird have embraced open borders and islam is that it is fundamentally based on pedophilia i.e. child marriage the lid is coming off
10360725_gab,knowing historical facts is now an example of white supremacy
1178877345190596609_twitter,<user> <user> <user> you must understand dear media is under globalist and globalist wants civil war in the world that why they using islamists ppl in europe against white n india also
1108134533830983680_twitter,<user> damn i forgot you do security lmfao you do not count tho hoe lmao
22894345_gab,i used to think that nigger babies were the ugliest things known to mankind then i decided to take a look at kikes and my opinion has since changed
1178816845987467264_twitter,me literally dyke and faggot do not offend me straight white boy probably named caleb bro ur a faggot me first of all
1178638236706578432_twitter,jasmine tweeted this man job and still got to tweet and i told drew brees i beg your nigger ass pardon and got disabled for <number> hours
1387997_gab,paul joseph watson ‏ <user> 2 m2 minutes ago paul joseph watson retweeted bernie sanders bernie is right the diversity of women hating gay killing minority oppressing middle eastern dictatorships that fund hillary is varied
1178852897423073283_twitter,fuck it i am finna start watching power w the rest of you niggers
1086804965186830338_twitter,“ i don ’ t have to respect women i ’ m gay ” kevin
1126531468371611649_twitter,<user> let compare body counts also your son is a nazi so great work there too
1254181453186904073_twitter,<user> this ghetto af gimme one
13910153_gab,math algebra reason the work ethic the nuclear family all halloween costumes and all white people in general are racist so yes count me in metoo
1182401417996390405_twitter,<user> erdagon will take care of that he will replace them with arabs
20557451_gab,just throw a faggot in the mix
19069983_gab,i wish this faggot would die already someone send him a pepe strobe gif and cause him to stroke out
15477151_gab,what a sundy ghetto store a pawn shop
9845733_gab,do not for get my followers the jews have declared war on all whites the jew will lose this time and we will not just asked them to leave but to burn in a real holocaust
1178102999090188290_twitter,<user> ching chong your dog is gone
1227082533197766657_twitter,saying “ my kids ” “ my bd ” is so ghetto this man violated 🤦 🏽 ‍ ♀ ️ 😂
14388377_gab,would you please post something on a public forum explicitly advocating for violence pretty please thx
7975029_gab,put blacks on welfare isolate in ghettos keeping them down put refugees in isolated communities not helping them assimilate repeat repeat repeat no learning what does not work
1079764546632351744_twitter,hi boragays happy new year 🎉 🎆 🎇 💜 did you miss my au update are you guys ready 😎 👀 i will update once the poll ends 😘
22626521_gab,shes hoping some bluegum will rape her dried up old liberal ass
8607173_gab,denver has a black problem a muzzee prob and a wetback prob
1820844_gab,<user> nigger dyke
1179051101653520384_twitter,<user> bitch i hate you lol
1178718171714457601_twitter,<user> <user> <user> socialists complain about white liberals all the time the problem is not that they are white it that they are liberals
1113705567782969344_twitter,<user> <user> there shd be a film called no hindus in kashmir wud be perfect islamic fanaticsm movement in kashmir
5162821_gab,as tears ran down cardinal timothy dolan fat cheeks he begged that all the refugee immigrant muds not be deported for he knew he needed a fresh supply of brown boy meat racistfanfiction
1178746286364925952_twitter,i made her fuck her best friends like they was dykes
22090868_gab,i would support hezbollah if only they would support palestine turning a blind eye on their fellow arabs makes them complicit imo
1173759037822898178_twitter,you all still be cuffing the hoes tho so
21043320_gab,un double standard we did not see tears when more than 3 k kids in west aleppo were slaughtered in cold blood by jihadi rebels and buried without un propaganda sheets
16524662_gab,good luck collecting mate the arabs do not play the guilt game the way we whites do
21657308_gab,hahahahahahaha the tweets sadick gets are brilliant 👏 when are these tweets going to become reality oh and he calls his paki mates minority he a joke paki moslems are the majority in london now sadick
1182982995998924801_twitter,i ’ m protected by these ghetto angels
9634543_gab,that really brave of these four women on cnn to publicly state their iq with their hands on national tv kudos for being honest for once with the <number> people that still watch your fakenews delusional globalist liberal entertainment channel cnn cnnisisis cnnblackmail msm <user>
9747099_gab,🎶 o the white man worries 🎶 but the nigger do not care 🎶 cuz at the end of the mumff 🎶 his check will be there 🎶
1144813572725383168_twitter,i like when they pretty and ghetto type of bitch that don ’ t even say hello 🥵
25730290_gab,tfw how the daily stormer protects a spic like he some kind of god
15575558_gab,i can figure out how to lower the security costs of the lyon christmas markets arm the citizenry and actively encourage volunteer militias to secure the marketplace and the township beyond or lock every mudslime up on their council estates for the duration of the holiday season your choice france
18455479_gab,what does this fat ass jew have against white people should not white people be concerned with the browning of america he is a pure left wing ass
1181734615939043328_twitter,after some contemplation i ’ ve decided that i fucking hate drinking alcohol
23511924_gab,if trump bombs the living shit out of syria surely a million of more refugees are going to flee to europe and elsewhere jews have lots of practice pulling on goyim heartstrings promoting this except of course for israel
14482037_gab,you are so silly civil rights gay rights trans rights movements are all for equality they just have focused mras do not fight for women rights they fight for men which is fine and all <number> feminists agree that women should get drafted done and done
1172604807300943872_twitter,<user> runs in conjunction with more migrants muslims blacks
1178215872558698498_twitter,<user> fkn ayye you are so sober up yah big dumb gay faggot ass pussy bitch love yah ed muffin
19037287_gab,fat retarded liberals are stuffing their faces with your food stamp money right now and they hate your guts
1111582276847104000_twitter,you shipyard workin niggas are irritating hope you all get fired bitch
10062055_gab,lesbian police chief fired white male officers just got sacked by burqa betsy who chose murdering mudslime over gay vote whatever will burqa betsy do when she loses election and police do not respond to the calls for help when her mudslime demand entry to her home and bedroom
1178516230098976769_twitter,fuck yeah kill that white devil the terror infamy
10706529_gab,yes mam it is sad our own kind race hate us i have always said it trump is not for the southern people he has not called out the blm only pro white groups get ready the hurt is coming and nigger pwr is on the rise
12121445_gab,protesters bcome rioters min violence starts all should be arrested prosecuted of course these fucking cops are not going <number> do shit as usual per orders i understand states make own laws but police should be under federal control so politicians can not stymie <number> agenda
12704927_gab,this is the reality of islam we do not want this on our soil end creeping sharia end muzslime takeover of usa
12297748_gab,dear america for my friends everything for my enemies the law sincerely sanctuary cities blm antifa city of berkeley illegal immigrants sjws hollywood celebs the swamp leftists rinos democrats obama hillary facebook twitter apple google
4088576_gab,q why do blacks wear white gloves a so they do not bite their fingers eating tootsie rolls
27162886_gab,unfortunately unless right wing parties get <percent> the others will form a coalition to keep them from power carry on the moslem cock sucking ruination of sweden moslems are the problem
1237912216013344770_twitter,coronavirus gone platinum with no features and she ain ’ t even hit africa yet beyonce has been mighty quiet
12907697_gab,wonder if amsterdam red light district has changed the sand niggers just love pussy but they prefer rape to a commercial arrangement makes them feel like the men they are not inbred scum kill em
2908812_gab,yahoo ran with fake muslim harassment story as headline for two days straight commented to them for two days that this was unverified and they should not report as fact buried the news that she was committing crime to about 2 5 th place today they purvey fake news daily <user>
1178988938146521089_twitter,<user> looks more like white trailer trash
13309159_gab,why do not you move to the ghetto if you like blacks so much
15219656_gab,jean is absolutely retarded and apparently a heeb dickrider
1178401026308636672_twitter,im anti racism but pro normalizing words like faggot and nigger and kike and so on theyre just words lmao
15174706_gab,that kike jewess totally inbred only another piece of garbage would ever sleep with her
1196166767221055489_twitter,<user> do you see many immigrants wearing sandals flip flops in the snow like we do here
1178891409484468225_twitter,some girls going around exposing ppl aib beh kene sikit nk ching chong lebih haha
21645764_gab,if ur watching niggers play with a ball ur part of the problem sports is for retarded cucks u should not even want to look at it 😑 i thought u were smarter than that 😑
18532486_gab,i have no doubt rads would say i sound kike you
15169854_gab,translation sand dwelling muzzies are closet faggots
21814903_gab,well you guys have moved on from twp and are attacking cantwell and paul nehlen now who next american nationalist you wanna come at me too do you fucking cunts even attack jews once
1178960780219301889_twitter,<user> kill yourself o 🙄
1178807580396806144_twitter,bitch sun dyke moon cunt rising
1082395663042822144_twitter,<user> <user> really soubry is an affront to all nazi ’ they ’ d be pissed to be linked to that traitorous media whore
22295528_gab,trump for fuck sake use that military money to instruct the army corps of engineers to build the fucking wall via the <number> fence act you can even declare a national emergency for kicks no dumb nigger can stop you with this supreme court in play like that
1179060420558147592_twitter,<user> <user> <user> well semites are a race that includes arabs mandaeans syriacs samaritans and jews this is why i consider the term anti semitism as racist as if arabs did not exist instead i say anti jewish bigotry this makes way more sense
16324773_gab,the worst film of <number> hopefully worse than that lesbian ghostbusters variant with that fat nigger a few years back
11957582_gab,as far as the pewdiepie thing goes there nothing inherently pejorative about the word nigger nigger is derived from the latin niger for black all nigger literally means is black nigger niger black no shitlib has ever coherently articulated why saying black is okay but nigger is not
6881962_gab,what a <number> year old black man doing with a <number> year old white woman anyway
5844955_gab,what the fuck is nothing sacred i just saw new farmersonly com ad with a nigger and racemixing they must have found a few leftovers from the cotton fields
1179533482944614401_twitter,<user> well like they are lesbians for a reason lmao
1237057972246724614_twitter,<user> <user> why do jews constantly have this dead resentful stonefaced look about their faces
15911604_gab,um but you do realize that jesus was a kike and that christianity was originally another like cult right
1178762446271582209_twitter,i ask jim how to steal a pop socket from target and he told me to get a scooter and act retarded
1212429446944370688_twitter,tonight we all gunna be in the ghetto 🤷 🏽 ‍ ♂ ️ 💥 💥 rah ta ta ta
2743217_gab,white supremacy explained people fear black men because they will beat you to a pulp without raising a sweat people fear white men because they will vaporize your entire city
1175430580038582278_twitter,i respect any nigga getting to it idc how you make your money my gee just feed them babies
9995600_gab,the uk has threatened to return radioactive waste to the eu if an agreement cannot be reached can not we keep the radioactive waste and send back all the paki migrants instead
1178605473743982594_twitter,me 🤝 looking like a dyke every day
1196904557869056000_twitter,y ’ all want your kids to be retarded lol
3668050_gab,<user> meh looks like a raghead to me
1080448696486121472_twitter,<user> i am delighted peter sweden is as retarded as his twitter career suggests it ’ all very quaint and comfortable
1270979246450761728_twitter,<user> <user> cunt ended up helping the nazis wanker
1166008203118862336_twitter,<user> listen to i know places not even thinking about taylor just listen to it and its just so gay
1113640929330585600_twitter,maybe ban the nazis before u wanna worry about me tweeting something for the thousandth time
25983525_gab,thorpe also reveals perhaps less consciously how many liberal jobs are dependent on an abundant flow of refugees – while giving detailed accounts of the refugee swag bag
11738380_gab,fight white apologists i am white i have not terrorized anyone please do not speak for me and do not fucking ever apologize for me
1165301513226510339_twitter,<user> <user> you sound like you are reading from a neonazi playbook
12052665_gab,the church preferred communism to nazism because the latter had the potential to make them obsolete unlike stalin this kike butchers hitler took a far more tolerant approach only imprisoning priests believers when they opposed him knowing the appeal of racialism meant time was on his side
1178548344483770368_twitter,my cousin is a faggot
8549116_gab,i have watched edl for a long while it now looks like a revivification of overtly fascistic national front skinheads neo nazi and exploits opposition to islam to advance white supremacism this i oppose almost as much as islam it not what my grandparents generation fought died for
23826033_gab,nick fuentes confirmed spic neocon
3195383_gab,<user> exactly right every time i hear these fools saying radical islam i want to scream no you imbecile it is islam period these are faithful muslims that are becoming terrorists damn the world better wake up fast
23607134_gab,you get flak when you are over the target but you do not hit a moslem target if there are not dead kids used as human shields
13637316_gab,america does not pass as many anti speech laws because 1 st amendment corporations churches and mobs of brainwashed masses are already pretty effective at shutting down dissident voices by using violence and by getting dissenters fired people like to feed their families
1110963566687862785_twitter,<user> of course <user> would like a post about illegal immigrants
22258735_gab,<number> of americans are mentally retarded
17402360_gab,any society with the ability to do these things would have no problem defending itself against early white men africa has not changed in thousands of years and when white people tried to help they were slaughtered and africa returned to the dark ages your ancestors were always primitive
8038951_gab,just remember that the bitch commie girlies and their low iq muds are going to slink beneath the shield of the cuckservatives and alt lite when their independent operation folds like a congolese coup then we will have our civil war with someone who can fight
1187305859602407424_twitter,<user> <user> yep they are borderline retarded
16397101_gab,well cuz da jews suck dose babydicks
12323992_gab,<user> police girl as dick cop faggot officer maggot
1179077523277107200_twitter,<user> <user> <user> <user> but guilty by every white person
15293224_gab,the conversion to metric would make that <number> jigaboo watts i can do it on the fly because i am always having to convert nigger watt hours to jigaboo watts
24850856_gab,you have no sovereignty your foreign your a mudskin shitskin homosexual animal abuser who masterbates to the kardashian show go find a woman little man
17145782_gab,so you admit jews have power and they use this power obviously to hurt white people you seem like the faggot that would suck off a kike not me if whites begin to be nepotistic and do what is in their own best interests jews will be poor inbred gypsies
23844303_gab,they are lighter skinned arabs with phoenician and other relict populations mixed in hardly white but still i support them and their right to exist in the face of kike oppression
26470762_gab,andre the nigger angloons colostomy bag tard corral is imploding lol
8172148_gab,singleshadeofislam to them women are less than things
1179063247892340736_twitter,<user> they are ready to rape her themselves
1144115026749358080_twitter,when you watch king like movies do they start off with a nigga cashing a bitch out at the gucci store 😂 😂 😂
15320394_gab,trump just destroyed msm insanely expensive propaganda and cover up of illegal immigrants violence in western cities from usa to europe and he did it with <number> rts
14763020_gab,that must have been quite the fine woman where have all the good women gone
1216939233920708608_twitter,lol come on guys nazis in facebook it funny
5685446_gab,egad my home is being invaded by black ants i wonder if this is some sort of cosmic symbolism for the third world immigrant invasion probably not i have not heard of any mexicans getting crushed by the thumb of damocles
3389354_gab,has germany gone mad <number> of germans see no connection between refugees and terrorism
4012084_gab,<user> not the young male coons sand niggers and snowflakes these have no dependents no jobs no standing in the society free to wreak havoc upon the society
18596533_gab,national capitalism now no wanting people to have money is hatespeech and stop calling it national capitalism we jews decided political dissenters of zionism should call themselves national socialists so that conservatives and christians capitalists never listen to them
1261845551877885953_twitter,assuming jeff already is a trillionaire if he was to be muslim he ’ d pay £ <number> billion zakat
1264228895827480576_twitter,<user> <number> bank islam
1089746717677899782_twitter,fucking hate bts stupid band intensifies
18710327_gab,an aids of faggots
1179086608953249792_twitter,<user> <user> <user> you muslims killed raped hindus for over <number> centuries and now you shameless jihadi equalising that atrocities against us with a mere killing what godse ji did was necessary got it
1162719403194159105_twitter,<user> you ’ re a retard
1182061658413424641_twitter,<user> and the millions of freeloading illegal aliens are not contributing to the power usage at all suckers pisshole
1447535_gab,anti trump protesters set us flag alight during portland march so disgusting men and women risk there lifes fighting under this flag every day go fucking move to mexico or north korea if you do not like democracy or go to germany and get raped and then realise how fortunate you are
1144009375465369600_twitter,it ’ a hot girl summer when me and lani get our braces off so u bitches need to wait
1225091849406308357_twitter,<user> i look gay
1165639079196839938_twitter,<user> <user> this has nothing to do with ching chong kim jong
1115874362681434117_twitter,<user> people who are responding to this tweet are retarded he was <number> they all say stupid things give them hell winnington
1178011413417201664_twitter,i think im gunna start a dyke club here at mary wash
22904814_gab,getting rid of the rich the businessmen and businesswomyn and whigger middle class would solve most of the problems once these inferiors can not lie steal and cheat most of their businesses will go under do not forget the jews lived in shitty smelly ghettos before being emancipated by satanic whiggers
15223561_gab,i guess morgan freeman is restricted to only being authorized to play the wise token nog in predominately white movies
11545606_gab,mexicans can be as retarded or sophisticated as they want in mexico where it not my problem
1179104812157276162_twitter,do not blow your horn at me cuz you can not drive bitch
16361344_gab,another one bites the dust scroll down a little in the center column alex kozinski a judge on the u.s. court of appeals for the 9 th circuit comes days after allegations by <number> women that kozinski had subjected them to inappropriate behavior including having clerks watch porn in his chamber
1179045348175683585_twitter,<user> <user> <user> all those illegal aliens 🤦 🏻 ‍ ♂️
16539519_gab,take this you evil nazi fool does the roman salute and doesnt know we jews invented hitler so that conservatives wouldnt listen to patriots like him nazism is just another form of mind control to instigate division among whites prevent them from joining forces as a tribe
2908903_gab,never forget if hillary had won legions of third world migrants would have been imported the horrific crimes and social breakdown we see in germany would have been repeated in the us and women would have suffered the most maga trump
22953083_gab,hypothesis jews push miscegenation on whites because jews themselves race mix and religion mix in such high numbers that they do not want to feel like bigger oddballs than they already are in gentile nations like the us mixery loves company
19633206_gab,not shocking when u look at the number of muzzies in uk security
1178050983923982337_twitter,britains got talent i was thinking trailer trash but no she funny
22193205_gab,i got <number> min into it the jews control the hierarchy through money manipulation ie he who has the gold makes the rules
25459079_gab,i am sure there are some ghetto niggers here in the us that are full retard many can not even construct the simplest of sentences just nigger babble
19429534_gab,nothin <number> c here buncha coons lining up <number> free stuff
1234374288741765120_twitter,im gay i love fathers dm for dilfs
23636221_gab,that because the citizens are picking up the slack for the trash the muzzies don t pay for just generate
2105236_gab,tim kaine wishes 1 8 yr old refugee had a gun maga
1179105274231246848_twitter,<user> i aint talking bout you negro
1171270708267290625_twitter,i just had the most white washed tacos tonight
4370649_gab,<user> she has guts at least her canadian values for immigrants policy is being skewered by our lefty media ad nauseum can she hold the line like trump did we will see
18578069_gab,all islam is is ghetto nazism
1177321521133625345_twitter,forever lean stripper pole bitch this nigger purple sprite
3436090_gab,blow up some buildings blow up a marathon rape women and murder a bunch of queers in a club stay all you want expose a democrat e mail conversation get the fuck out of the country liberal logic
1106339422038048770_twitter,<user> how come you guys do takfir of muslims and search for faults in every <number> this <number> quality makes me sad
13980716_gab,dunno not good enough he should offer his wife to the negro as
25835435_gab,a demographer notes with mild alarm that in <number> minority birth rates fell faster than white birth rates who will supply gays with fatherless niglet boys if these trends continue
12691758_gab,yoh jared you mother fucker do i not look white to you do i look like some jungle bunny jigaboo spear chucker from the rain forests of uganda or some shit how is it i am not white and i promise you i ain t an albino
23223273_gab,if kamala harris was stuck in an elevator alone with imported orphans and widows how many times do you think she d be raped before they killed her yet she jokes about killing trump in an elevator mhm can not get much lower than she already is
1179694233835495424_twitter,<user> <user> arabs are so fukin idiots
1178157454783324160_twitter,<user> <user> it would not make it good but trailer trash
14410879_gab,it does not matter what this kike would rather it matter what we would rather we would rather gab had a larger audience than twitter does anyone remember myspace it only a matter of time before twitter becomes a place no one cares about because they are soft and lazy
1178931079723405317_twitter,<user> not newsy that his redneck followers sticking by him now what about his sponsors and advertisers that surely more newsy 😂
14840198_gab,this bitch is ugly on the inside and out hope she gets a job cleaning toilets and that it
1181490863949647873_twitter,<user> i jus don ’ t think it should be in a kid show 🤷 🏾 ‍ ♂ ️ ian homophobic but i ’ d cancel it too
12713463_gab,if they want to truly boycott the nigger felon league not cutting the cord makes their protestations futile <money> per month goes to espn and you do not get a choice whether it included in your package or not
1093415982893285377_twitter,<user> he ’ an illegal immigrant making millions hasn ’ t paid taxes and has committed felony i believe
1178517405536010241_twitter,<user> the bravest chinaman i know is <user>
1179041764763504641_twitter,<user> <user> biggest coward chinaman satanist lee hsien loong criminals had audible talks past few years it started in <number> he got his criminals to loiter at my 1 9 8 0 address they gossiped false information around <number> <number> and <number> marsiling lane singapore
1192343269054660608_twitter,<user> we have one retard our country too he will beat her hollow he can make her look like a genius 🙃
1173565646770229248_twitter,adulting is the nastiest most ghetto thing ever created and i want nothing to do with it
20651138_gab,jews are behind the muslim religion and people
1178971709975728128_twitter,im tired of seeing that black and white ass eating video the bitch thats shaped like squidward and the the girl getting fucked and then suckin dick like bye
1184089604380676096_twitter,i get my car nd i ’ m back mobile today bitches
1097026491919917056_twitter,locals are no less than jihadis who pelted stones on the injured soldiers and the liberals cry when they are hit by pellet guns
23287684_gab,so i have been twitter banned still no one cares about the real crime a nigger did steal her oscar
4730172_gab,people who use gab are nazi people who voted for trump are nazi delete uber or your a nazi hm installing uber now had i never actually studied the history that these retarded extremist leftist obviously did not i would be convinced that these nazi fellows were pretty awesome guys
1178771669336416256_twitter,top quotes from tonight include <user> saying they are a slytherin and proud because they are fucking queer 🐍 also gryffindor is so heteronormative and basic it for people who have the personality of bread and courage 🍞 🦁 bam ein publishing <user>
21441395_gab,what is behind the treasonous uk govt actions mooslim oil money or jewish money
1179097432799563776_twitter,tfw you realize woman were made to wear skirts because it made it easier to rape them hashtag pants gang
23262144_gab,baked alaska is a retard who copied people all his life he is a parasite who attaches himself to popular ideas never came up with an original idea in his life
17084794_gab,iranian women risking prison or even death by removing their hijabs feminist in the west wear a hijab like it some sort of medal fukin idiots freedom from islamic rule is all they want
11756798_gab,so a harmed reputation is meaningless as he mostly immune to that um ya well if all that is true then why did <user> run off to gab legal like a raped bitch mudshark on her prom night
12593052_gab,best comment in the og thread feminism is needed nowadays it flags undatable and crazy women so the world can avoid them more easily
13163130_gab,i signed up for pandora in a ghetto city and all my ads are aids prevention pills and gun crime psas 😂 🤡
4545816_gab,imagine if someone wrote a <number> page racial history of jews white interactions in europe and casually noticed that millions of jews had been baptized and became faithful productive citizens that reversed is what i hold e michael jones has done teamwhite
13843144_gab,you know that those catalonians are all muslim sand niggers that want to create their own sand nigger state in europe right
4068077_gab,<user> you do not know that no arabs are allowed in kurdistan beyond sunset if they have legitimate business like truck drivers r more americans per capita in isis than there r kurds very very few most are giving their lives and treasure to protect yazidis christians assyrians
12442595_gab,that high verbal iq did not help that one heeb it would seem that basic bitch knowledge
9298514_gab,that wintrich or whatever faggot needs to go posobiec too
4665932_gab,mudder theresa may is a useless mudshark and no mistake
1146423210973573120_twitter,<user> <user> but answer the question first ya islam mein sawaal puchna bhi haraam hai
1229760197847109632_twitter,<user> <user> shit thats a lot of white people in one photo pier would love that
27792370_gab,i bet overtly was invented by jews 🖕 😡 🖕
27603045_gab,his momma a jew bitch
1164745213648261120_twitter,you don ’ t never fuck yo niggas bitch n you don ’ t never sneak around him
1621695_gab,<user> it de blasio a libtard illegal and moslem supporter
24211592_gab,the kike in question is the one in the video yelling at the cops they did not do anything wrong
22679682_gab,whites should all transfer to other schools making this one exclusively a nigger institution
24495849_gab,how is libertarianism a nigger ideology
1106214175917920262_twitter,these hoes do not have a plan
26327600_gab,<number> months he got he was on a suspended sentence they have sentenced him to death our prisons are full off moslim extremist
7724826_gab,so no gay old dudes for you sad
1179092807086034944_twitter,<user> sorry that paging dr faggot does not land anymore
6151161_gab,didnt think some had minds sand niggers dont
1252956565440692225_twitter,<user> bruh isp aint shit especially if theyre nosy conservative arabs 💔 take ur precautions
1113924438838382592_twitter,<user> they don ’ t care about americans they only care about illegal immigrants
10043208_gab,jy kelly8 hours ago edited if she really wants to act like a moslem she should get a little bit of the fgm that these scum love so much this bitch makes me sick at my stomach libs like her are the reason trump won ﻿
1178981128931172357_twitter,<user> <user> <user> this thing is not white supremacy account that follows a bunch of racists and nazis you low iq trolls are so predictable
11070535_gab,and what if we told her that a bunch of misogynnist homophobic anti christian anti semites need to go live with the other arabs that do not want them
25520976_gab,la tradución es una mierda kike soy español y ponen vuestra base de ingles de mierda de izquierda comunista
22071691_gab,i will have to look into it but i never hear stories like the english prison muslim stories from people who have been inside in scotland they seem to enjoy it for the most part lol
1227146014005567488_twitter,damn fucking hate this university bullshit
18572524_gab,in portland we have had alotta businesses have to put up walls where doors once were to combat chronic shoplifting which increased as the liberals spread their foodstamp ghetto culture here in the hopes of making everything all better
18011595_gab,i am waiting for marvel or dc comics to put out a new pc action hero captain shithole saves the universe a disabled black islamic tranny saves america from evil white people with his sidekick a giant whale opra fighting by his side
1178902450675355648_twitter,gaines it supposed to touch a dyke
15985299_gab,a group of zebras claim they witnessed a white rhinoceros fleeing the scene chimp news network is on the location talking to a family of orangutans matching the zebras story prayforfuckyouthatswhy
15638143_gab,try telling those low income disabled whites who have lost their housing due to immigrants taking the social housing those who are too scared to walk down the streets that they benefit from islam what a liar
1179096456986271744_twitter,when my big unc come back im snitchin tired of this retarded ass boi 🤦 🏽 ‍ ♀️
1207888286611582977_twitter,i always do everything last minute i fucking hate that shit already never again
4393803_gab,<user> lesbian fanatic she may represent a segment of the gay lesbian group but that it
26508378_gab,says the little leftist socialist leg humper jimmieboi why did your hitler join the gay workers party again
25475998_gab,we wuz jesus too tariq racist retarded nigger nasheed
1076934041675448320_twitter,stream a ghetto christmas carol
1091165331924631554_twitter,the gays are undoutably ruining the nation
25250464_gab,mike enoch invented slurs to slander his own side the next time you get called a larper remember they have been gaslit by kike shills
13805729_gab,when donald trump extend his moslem ban to include the whole of planet earth
1275784262072008706_twitter,<user> russia ’ neo nazi party calls itself the russian liberal democratic party
1266414967085031432_twitter,<user> soo like is she a nazi
1179034923417718790_twitter,yall favorite rappers artist can say faggot but when i say it yall try to turn up on me
20656774_gab,and the kike reveals himself in a couple of posts lol go fuck yourself shlomo
17517746_gab,vietnamese are obviously asians mizoram and assamese with slanted eyes are clearly asians living assimilating in india they are not genetically indian what are you not understanding race is different from culture
1175093_gab,so since this is my 6 6 6 th post i thought i d mention that the name baphomet the devil some worship comes from old french for mohammad coincidence or did the french know that the muzzies were demons on earth speakfreely draintheswamp maga
1178614946386579456_twitter,<user> <user> white zionist monopoly capital is the master of all opposition parties who are in parliament excluded <user> white zionist monopoly capital is the master of all saunoin excluded <user> and this wzmc fake sa media excluded <user> and <user>
13500230_gab,sorry moving to se rural ok soon an area where no niggers or other pocs except a few choctaw no bad gun laws low taxes hardly any people except a few rednecks plenty of fish hogs and deer no one gaf what you do
1077077671434055680_twitter,<user> no homo ofcourse 👌 💍
4833174_gab,trump should not judge women by their appearance they said about a man who formerly owned a multimillion dollar international company based around judging women by their appearance and only marries supermodels
11345551_gab,yes it was them evil dirty white southerners who were responsible for slavery aye kike
6839543_gab,killing each other yes but that was a white guy he attacked for no reason black on white violence is huge despite what our lying gov says they kill whites too this was another example of that non existent knock out game
1118162359716130816_twitter,<user> did not know what a nazi salute was that because all the left wing media paint everyone as nazis
26399037_gab,i know im too young to carry a gun but does not the 2 nd amendment give me the constitutional right to defend myself by smearing wet dog shit on little toddler niglet girls who wander away from their teenage alcoholic drug addicted single mothers 🇺 🇸 ✝️ 🇺 🇸 ✝️ 🇺 🇸 ✝️
18918814_gab,dumb yid cunt but most people know that anyway
9989999_gab,if ur still on twitter tell carlton i said his alcoholic drug addicted teenage single mom slapped the stork that was forced to deliver his defective retarded stinky infant ass 😡 😡 😡
1206670386563309569_twitter,<user> i hate you lowkey praying your gay bones are correct 😶
4299781_gab,lmao wow they really do not allow you to go around calling people kike on twitter anymore lmfao banned again
7471394_gab,this psycho gook is suicidal
22842291_gab,i never thought i would see the day when faggots and niggers are held in a higher regard than myself when the leaders of your own country hate you love them your country is screwed
3483203_gab,obamanicknames <number> <number> dollar muslim pimp a hole musloid a token to make stupid white people feel less guilty a tr <user> gay husband americahaterinchief america hating globalist elitist piece of trash arrogant pompous narcissistic thug attention hound b hussein blunder barack arafat
6699296_gab,why must niggers constantly be taken care of american niggers african niggers european niggers asian sand niggers jesus h fucking christ when is enough enough
17885803_gab,they should be at work they are arabs
1077774827681914881_twitter,<user> <user> never beleive a jihadi they garb as secular thats a reason ppl in general dont trust them
1213683174762377216_twitter,with all of the new followers i just want to remind you that all nazis should die 💜
1185280086272106497_twitter,<user> what flag goes on top now the russian one the nazi one the traitorus rebel flag the turkish one or old glory
23674092_gab,sanctuary city leaders in los angeles are gloating over a court win over trump on withholding funds to the illegal abetters the ruling was handed down by a <number> year old spic judge who has been on the bench for over <number> years since appointed by lbj in the mid 6 0 manuel real
23877243_gab,it is a weird type of munchhausen syndrome for niggers these women have it will backfire now nigger women are saying poc is racist niggers always change their descriptor
1237107565676433408_twitter,can ’ t believe a racist tweet ab my city and muslims got over 4 k likes from trump supports is this a fever dream
18971190_gab,why is that little bitch bubble boy marco rubio doing sitting down get your ass up and clap before we send you back to your commie island
24761613_gab,our ruler have dumped muzzies in nashville probably for that reason spite
1192950428088098816_twitter,<user> wonder if they are up for flooding the country with jews instead of muslims bet they arent
1178949767080169473_twitter,i am a dyke i am a whore i am me ❤️
1124797920581160966_twitter,<user> when you been eating too many nazi cakes
24831795_gab,shapeshifting out of based elderly female asian immigrant here to convince the white goyim how fantastic infinity nigger i see the holocaust is there anything it can not do
1179101948202668032_twitter,bitch talking about im dtm when you owe me <number> thats my mfering money
1154520_gab,<user> cue sjw whining but but but but it not violence when we do it we are good just ask us
22369186_gab,i have multiple jobs i am self sufficient and could get more work if i wished you on the other hand will always be a kike or a shabbos goyim <happy>
17427882_gab,canada is turning into a muzzie shit hole too
11619975_gab,oh we got somebody trying to defend the murderous negro community and the drug dealing hispanic community you are also defending those mongrels the islam they say white people are all racist and we can only be racist then their stereotype apply as well
1203708372094267392_twitter,never let a nigga with no money disrespect you that ’ ghetto 🥴
27425090_gab,feel free to place your blame on the democrats the reptilians illuminati obama homosexuals straight cis white male scum deepstate etc but if you mention that there a subversive tribe of chameleon vampires behind it all that going too far buddy chasingghosts internationalorganizedjewery
11103370_gab,anyone remotely interested in philosophical thought or accurate social commentary should follow this man on gab the fact that we have fat negresses on cnn telling the people what to think and not people like this is a goddamn crime
1087796211099336704_twitter,man man man you should hate yourself
18152238_gab,😂 😂 😂 so now there is straight cancer i guess there is homosexual cancer too what next
1179025539757215746_twitter,<user> <user> <user> <user> i so agreed with what he said it wasn t extraordinary it wasn t special he did his effing job as anybody would have in the same situation tired of them canonizing and romanticizing this hillbilly cousin marrying buffoon
4342896_gab,<user> no doubt some muslim sand nigger
19930957_gab,i am not white i am jordanian and i hate niggers sand niggers taco niggers and street shitters if i could i would declare myself white it your cultures i most adore and cherish
8577246_gab,as a muslim child i never knew whether to be happy or sad when my mother would tell me clean up your room it looks like a bomb has gone off in there
20310954_gab,i see future case of diversity with mudshark sunglasses
22412926_gab,i thought there was lots of passages in the qur an that showed mohammad was bi sexual at least i mean pakistan sees mohammad as the perfect male and so pakistanis visits male prostitutes regularly and or pick up street children for homosexual rape
12705077_gab,congratulations welcome to the white honky cracker club
15609772_gab,hello fellow gabbers drop a comment about contradictions inherent in feminism i am writing a term paper about it for example modern day feminists believe that women are both equal to and better than men which is a contradiction
26949881_gab,after trump appoints one or two more scotus members they may be able to find that gay marriage was not hidden in the constitution either
1087128922528071681_twitter,drew brees got hoed
25815685_gab,if she truly was a moslem woman she would have cut off the tranny head
8271175_gab,<number> <number> child refugees in sweden are adults
26991285_gab,this is all bollix paki muslims started raping young white children in the <number> our lads beat the crap out of pakis for it journalists called english lads paki bashers and nazis never bothered with the truth the times and this journalist can go fuck themselves the lying bastards
22981325_gab,you just do not get it next time you are relying on someone for something important and they balk do not bitch about the left will gladly destroy anyone that gets out of line the right are the forgiving ones
1252054366447636485_twitter,<user> but i have nobody to be gay for
27005298_gab,thanks jews how it started
18016424_gab,wrong for not throwing the arabs out earlier like <number> and take har habayit fully no one would have blinked israel here to stay
12857719_gab,different caliber rifles being fired shoddy aim isis listed vegas as a city they are targeting if it looks like a dune coon and acts like a dune coon update it looks more like antifa but the female suspect did reportedly visit the me just last year
8610144_gab,nope the poorest white areas have less violent crime than the richest black areas blacks are violent of lower iqs than whites and asians and can run pretty well those were the traits that suited their evolutionary environment plenty of data out there i d start with the color of crime
11630832_gab,the jews put gab at risk anglin uses the site the way it intended and the jews came down on it if anglin does not have the right to mock the dead then none of us have the right to do anything except bow to israel
10791043_gab,saying we will tear down all white statues if you will tear down robert byrd over kk and mlk over gay marriage is not how to win this fight
20403583_gab,that awesome nigger loves his possum they mention in the lyrics that the nigger also loves corn juice watermelon twas ever thus
10341750_gab,even if it did happen it did not why are the deaths attributed to the supposed holocaust so much more important than all other deaths throughout history
1145629376102445056_twitter,my friends are like my family ❤ ️ unless i secretly hate you
1179101086407376896_twitter,<user> <user> <user> could you pray for all the kids who were raped by the priests and pastors over the past many decades maybe your jealous god could help his chosen flock keep there wieners in their pants god is not great
13749870_gab,nope never claimed to be a kang that what niggers do i am just a regular guy who wants my country back and who does not want <number> white women a day to get raped by niggers which is what currently happens in this country
16305704_gab,the alt right is corrupted with people supporting racemixing with asians and homosexuals it time for a new nationalism
13305735_gab,a somalian who one day washes up on europes shores will never be a european same thing with pakis in britain arabs in france or turks in germany
1178847092770426880_twitter,i am gay no homo wearing socks
1173801983284789248_twitter,<user> a little ghetto but congrats 🤠
20505716_gab,the guy that wrote it was forced last year to say it wasn t about jews because a lot of people including myself were memeing it everywhere it is so accurate <number> scene is of a fight and it goes too far but the rest is just brilliant
12354531_gab,got my mail all women home in the afternoon met one at mailbox she get people magazine delivered i pointed to her mag and asked how old were you when you began to hate the truth she made a dirty asian face at me
4120088_gab,<user> the nigger taboo can be broken easily it just requires someone in the public to stand up to it trump has to not back down on this though he gotta remember we have got his back approval will take a hit at first then rise again
1178726027239014402_twitter,<user> i think they shoulda left the palestine vs yemen outta their stupidness end of the day both them and the many muzzie countries need our attention so disgusting they made them seem like opposing ends
1203520636217372672_twitter,i fucking hate my uncle its so hard to enjoy my buckeyes when all he does is insult my buckeyes and thier amazing head coach
1252705297266769921_twitter,<user> <user> just stand up retard
13728564_gab,all these jews trying to dox <user> on crimes that he been accused of these same jews have not said a whole lot about the crimes against women perpetrated by the left
6720216_gab,it run by a white guy why do you assume all late night food stalls are run by immigrants racist white people do shitty jobs too
1145906212640362497_twitter,<user> bottom <number> account on twitter how can u disrespect negro swan
15989475_gab,vox believes kristol foreign policy goals will always take precedence and he will move the goalposts as suits him vox is a dumpster fire but they got this part right other lefty kikes like tomasky see trump as an existential threat to kike hegemony and do not care about the details
20435759_gab,apparently this nigger does not know how america was created
16786829_gab,so talking of intellectual ghettos in an age in which simply being white and not a screaming leftist ghettoizes one as a white supremacist so what being called something anyway w o even enjoying the advantages of actually being one seems something of a waste
1160537199101841408_twitter,lol the same bitches who have gotten cheated on fuck niggas with girlfriends
1103690106701996033_twitter,<user> pocahontas jumps in bed with moslem terrorists interesting combo
6658452_gab,fact check the muslim brotherhood are designated a terrorist organisation in saudi arabia and egypt because they are terrorists look that shit up its really not hard before posting a false defence if you dont bother doing a quick search to check facts you are part of the problem
6549094_gab,i am no fan of the hijab and i despise the burka niqab but the constant harping by alt lighters and atheists about what some muslim women wear is a bit ott it really not the ultimate manifestation of evil and oppression
13215907_gab,gee i wonder why anita sarkeesian is not speaking out about harvey weinstein or andy signore sexual harassment on women 🤔
15275145_gab,clearly the libtard ground wale found a nigger to screw her probably the only time in her life she ever got laid how do you fuck a fat woman leaf threw the folds of fat until you find one that smells like shit then turn back one
1092607618877554689_twitter,ching chong new year
25326944_gab,announcement weakens security breaks america word isolates us from allies puts israel at risk empowers iran hardliners and reduces our global leverage to address tehran misbehavior while damaging the ability of future administrations to make international agreements kerry the muzzie said in his statement i call b kerry
13647538_gab,it like a horror movie where the guy turns into a werewolf they look like they are wereniggers transforming into nigger strippers 🤔
1079445318301818880_twitter,<user> i won ’ t hesitate bitch
27352334_gab,jews started terrorism murdering and bombing in jerusalem jews are fucking arabs
11251506_gab,my sister is having an all lesbian moneynigger taternigger fight watching party is boxing a thing among girlfags or something
1178809315102035969_twitter,nigga retard an faggot <number> words that will get people angry they are words get over it
1179043135986393089_twitter,<user> unfortunately these two little white girls will not age well either unless someone with some sense gets a hold of their racist arses they will be destined to become white trash meth using ol nazi barfly
15986318_gab,all news stations should respond to the moslem bombings with hold on we re picking up the pieces here
1234048961528422401_twitter,<user> those are invaders not refugees they are exactly the reason borders are defended in the first place
17356759_gab,the one thing the internet is liable to grant most easily is swift passage to backwater ghetto echo chamber status that is alt tech tech safely sequestered from the universal public square
1238439886362947589_twitter,<user> all three are illiterate retarded and have nothing to qualify in giving me advice
21522350_gab,why is this fat black niggress so upset get off those cupcakes you fat bitch
1177575539898540032_twitter,prolly heard ima from a hoe
9461782_gab,that like saying the british wanted a deluge of asians arabs and muslims in an already crumbling under resourced nation and now we must watch as they take over germans have been persecuted and subjugated since wwii and have obeen cowed by jews as unwarranted punishment it not their fault
22031871_gab,brits still calling mudslimes asians
9053284_gab,they average more in cali with the feeding program but the skunks and coons eat well too
17705219_gab,studies show non whites view freedom completely different than whites for example <number> of hispanics view hate speech as an act of violence which means they would ban it their view of hate speech could be anything wake up your family and friends
23501681_gab,before the crusades for <number> years the barbarian muslimes murdered christians and invaded took nations in europe much as they are doing now that ended with the crusades christians were forced to fight back and they destroyed the muslimes history will repeat we have no choice <user> ‍
9237072_gab,looking forward to fag and dyke pride month being over with
26868854_gab,man you really suffer from schizophrenia that gibberish even here scary muting u you are crazy unstable mentally ill like typical yid and a school shooter
10536021_gab,to normies the concept of genocide is essentially when the nazis tried to kill all the jews it hard for them to think of present day immigration as genocidal or threatening so how do we get them from that mindset to thinking about white genocide via population replacement
1178668370209771522_twitter,why are we having all these people from shithole countries coming here
1159278127778029568_twitter,idk why these negros with children keep trying to talk to me and get mad when i say i ’ m not interested bc they have kids lol
22874658_gab,theresa may has recorded a video wishing jews a happy passover she did the same for moslems at ramadam it seems someone forgot to tell the old bag to do the same for easter or she thinks so little of christians she could not be bothered
1095720677431218177_twitter,some bitch dropped her beer bottle last night at deol and glass went everywhere and somehow ended up in my shoe and my foot hurts
1184228347762696192_twitter,randomest guy started talking to me and was very amused by the fact that i ’ m a pakistani gay muslim
4076689_gab,sweden decided in <number> to welcome immigration since <number> violent crime in sweden has increased by <number> and rape has increased by <number> sweden has some of the most beautiful women on the planet and they let them get raped by evil muslim immigrants gabfam maga europegenocide islam
12352960_gab,an interesting sentiment but only a sentiment nonetheless trump has emboldened the grip israel has on america he has largely overlooked the jew owned federal reserve and given free reign to kike bank goldman sachs both of whom were fined billions for crashing the global economy in <number> <number> maga
1115398879606784000_twitter,<user> i really fucking hate it because i ’ ve seen so many hot takes based on my culture and everyone takes their word for it
15915973_gab,i am not the one aborting babies here your liberal white women are doing that
1180196086486454274_twitter,<user> i dont like that ur not gay
25355082_gab,the kike usurped the white people place white europeans are god chosen people jesus was a gaul not a kike
1179021447664209921_twitter,i am on a quest to find the biggest faggot in america and beat the shit out of him
24550295_gab,this ruling allows for the banning of all gays and blacks etc as they are all liberals it says you can ban people based on political ideology so ban niggers for not being white nationalists if you want totally legal
26797357_gab,pay attention to the muslims the blacks are waking up
12568127_gab,the nigger that shot up the church was an immigrant from from sudan
26551816_gab,look who introduced theresa may to phillip may always a connection as to why paki muslims have raped with impunity g4s protects the grooming gangs that why tommy robinson has been imprisoned always a link
17336541_gab,<user> just the jews you fucking kike
14865862_gab,if every muzzie in america voted for one person it would not even gain them a percentage point you need to expand your list dude
5441862_gab,current year europe esp sweden and germany muslim immigrants sexually assault or rape women let them go let sweep it under the rug admitting a problem would reflect badly on the ppl who allowed them in in the first place go <number> km h over the speed limit major issue trump was right maga
23569126_gab,<user> that is too funny i want to delete my jesus nigger thing and be something similar douglasvaughn <user>
13032224_gab,fuck syria and sand niggers
4622589_gab,she has yid and sandnigger blood irl she is quite manic overcompensating perhaps her first impacts with the wall are leaving her dazed and yiddy
22959277_gab,i wish they would abandon her in the ghetto in middle of the night
1178660548466085890_twitter,being ignored by a white man is basically him calling you a nigger
13822510_gab,oklahoma mudshark is attacked while holding her <number> month old mudrat
1178882815259222017_twitter,<user> you are not white bitch
1178941802579185664_twitter,<user> <user> <user> no not wrong the <number> defense for not legislating assault weapons is the militia fantasy the rambo phallacy that some redneck and his ar <number> are gonna take out the army navy air force etc if a tyrant ever took over always straight to well regulated militia bullshit
25477671_gab,your mom smoked plenty of cock and you were born do you even know which of all those ghetto thugs your dad is
1242648_gab,<user> if bitchslapping means ridiculing telling them off am all for it they ought to start by taking a 🔴 red pill and be asked what their position on the migrant gang rape of a defenseless women in a wheelchair is ⛈
26321297_gab,there will be violence against us for some time the feral left will continue to attack us in a violent manner until they are suppressed by revolution or
13802619_gab,the pedophiles over at the bbc now showing programmes about how wonderful moslem foster parents are hm i wonder what made they bring up this subject it almost as if theres been a negative story about moslems fostering abusing young white christian girls in the media recently
1088209899513958401_twitter,you ever punch a pillow in an attempt to feel strong or am i retarded
1142202017282240512_twitter,is it gay for you to ask your bro for the strap 😳 ✋ 🏼
14010801_gab,bare naked islam brought to you by the bare naked ladies
1178305106116333570_twitter,<user> she looks like a <number> something trailer trash single mother of <number>
10924423_gab,it seems that jeff flake cares more about low skilled immigrants than he does about low skilled american citizens who elected him as their senator republican voters in arizona should not repeat their mistake again
14066054_gab,upon successfully destroying europe and establishing berlin seat of european communist aka jew control while occupying israhell jews position themselves for complete takeover of us
1267451310741348352_twitter,u need violence to get ur point across fuck these police everytime they kill someone innocent we gotta burn something down
4589525_gab,we need to start making right wing propaganda depicting homosexuals and arabs as villains though not just because they belong to those groups we need to be a smidge more subversive the infotainment medium alone will wont cement the glorious winning
1219176773482471425_twitter,rough looking niggas pretty boys
1183868140930908160_twitter,<user> he trying to say that celtic fans doing nazi salutes 💀 💀
1117389538198999040_twitter,<user> the guy should be sacked basically calling brexit voters nazi
1178852220424445952_twitter,<user> a rag makes her a rag head
20983829_gab,oh well why did not you say you are nazi trailer trash to begin with let see — idf chick on the left or lisa white trash nazi gangbang slut on the right hm decisions decisions i will go with the idf chick run along nazi scum
19565361_gab,<percent> of the average population are being exploited right now by facebook despite knowing kike zuckerturd designed fb to exploit the human brain and still use it despite we were exponentially smarter back then
26852395_gab,yes the jews did it
21125123_gab,exactly but really all mentions of jews specifically had been scrubbed except for the holocaust narrative we are not accustomed to seeing people as groups plus unless you grow up around them we do not see jews or at least i never did they prey upon our good natures
12145939_gab,zio trumps job promises are lies a study by the pro immigration group fwd us reveals an amnesty to daca recipients wld mean the hundreds of thousands of illegal beaners currently holding jobs in the u.s. wld be able <number> remain at those jobs rather than those opportunities opening up <number> white americans
12418904_gab,it not about fertility it about making sure that the moslem men have control even over their women private parts no ability for pleasure for her means they can be selfish even in the bedroom
8575182_gab,recently arrested antifa protestor tweets about things he knows best which nazis are using violence to oppress others they disagree with george soros antifa the true fascist nazis georgesoros globalistagenda criminalelite createdisclosure
1146463031657975808_twitter,<user> <user> is there any point in replying to this retard i guess not live in your bliss
8147767_gab,guess the jews thought that it was the name fox that made people tune in
8950708_gab,odd you do not see white people burning down their own neighborhoods because bill cosby wasn t found guilty but you do see his lawyer and reps on tv acting all ghetto even though they were victorious ghetto rats
25678950_gab,no worries the two we do have are certainly mudslime sympathizers
12186371_gab,boobs are great but along my very long and well traveled road i have discovered that small breasted women make better lovers
1179105068504813573_twitter,<user> <user> <user> it is dead on the money i will give you that but i do not like that at first glance it could appear to be patriotic they are entirely un american and their party name should reflect that what about the white trash party
1178003227343753216_twitter,<user> <user> <user> i d kill all the niggers aii lmao good luck with that
1179071818617049091_twitter,i hate white boys i hate white boys i hate white boys i hate white boys i hate white boys i hate white boys i hate white boys i hate white boys i
1078404896007864321_twitter,<user> that wall was built for different reasons terrorism not illegal immigrants
1246602083882721280_twitter,yall going to war for that dick huh ghetto
1967858_gab,i find when i tell liberals about what is happening in europe with refugees and islamic invasion and how women girls m as well as young boys gays lgbt and everyone native in that country are being assaulted raped and abused it is very effective at turning liberals red trump pizzagate
9560440_gab,so where is clooney moving to maybe he will move to poland they have not accepted muslim refugees on wait he is for open borders so why is he leaving the uk
10631912_gab,thank you charlottesville city council for setting the stage for the next race war you created a problem where none existed every act of violence is your doing you will be accountable for it all
17988573_gab,nigger talking too much typical nigger
22585922_gab,black nigger hater logging in
19897941_gab,flesh queers homos have more and higher spirits are tougher and more resilient than spirit queers xtians observed truth
1159079342917292032_twitter,<user> this is a islamic handle
19496923_gab,remember cleaver cleaver acknowledges committing acts of rape stating that he initially raped black women in the ghetto for practice and then embarked on the serial rape of white women a black panther
1187894714718216194_twitter,can not trust a bitch that follower her friend like a pet
1179083942261080064_twitter,this patient is like x school is full of black people ghetto stop right there bitch self hating fuck you do not get a free pass to say racist shit because you are half black
1267523077040074754_twitter,<user> <user> it true im fucking this pawg nurse and in bed we laugh about how they kill all the black corona patients
16073311_gab,alabama if this wasn t stolen then may you all follow your nigger to hell
1278521007691743232_twitter,actually who ’ boyfriend lmfao the way my life set up men hate me more than women 😫 😍
1122344911280295936_twitter,hoe from <number> she mysterious
19041058_gab,i agree as i am of this generation i can not wait to purge the kikes commies queers and niggers from this nation
1178687145839599617_twitter,<user> <user> can you add btc to buff i thought you had to sell arcs or be a chinaman
14841221_gab,a large number of men have also abdicated their responsibilities as providers and protectors pickup artistry and emancipated slutdom are cultures which mutually feed upon each other when i was young there were more women seeking lasting relationships than men has this reversed now
1089693014132441088_twitter,a buddy cop show where one of them is a holocaust survivor and the other is a holocaust denier
1208731_gab,my god but i am an opinionated bitch today but just sayin chelsea has rather redeemed herself lately hats off to her thought she was a worm but she turned
27431724_gab,bring it nigger were you coming here on some welfare ticket ar <number> i am a great shot
10780853_gab,trump was wrong in charlottesville the alt left was worse than the alt right bc they were the ones who started the violence as usual these rabid commie filth condemn us for violence we have not committed while flinging bricks at us and they think they have got the moral high ground lol
24920889_gab,last point if you keep them in ghettoes explain white flight surely there would be no need no
23889998_gab,boomer lol everyone i do not like is automatically a boomer i do not share a movement with a jew hiding in eastern europe also that sandnigger seed in your brain forfeits any status of german
5610008_gab,<user> i earned a special ban after those fags died the mudslime shooter killed himself i posted it the trash taking out the trash hahaha fb awarded me banned from posting indefinitely last year i got banned from fagsbook the very moment i posted the word gaystapo
15806771_gab,putin syria has been liberated time for refugees to return
23961717_gab,vox com with another retarded hot take
9535148_gab,bill clinton turned the dnc into china painted whore in <number> if you remember china heavily funded bill clinton campaign these illegal gook funds were glibly dismissed with an assurance that they would not affect policy and a compliant media who promised not to press the matter
1187767526647828480_twitter,been solid but all these bitches do is fold ew
1269507123450273793_twitter,i hate you ka opposite sidnaazshines
15226898_gab,she a half nigger mutt
25227528_gab,i gotta say as a woman i love it and white boys can not get hired these days because of these cunt feminazi demanding diversity choosing shitskins over kin not that i want to see our men reduced to this but payback is a bitch
11620676_gab,read on swedish facebook police does not have time to arrest a rapist who raped a <number> year old girl despite knowing where he lives and who he is
5489191_gab,i do not see why people go camping if i wanted to freeze my balls off and shit in a bucket i would sleep at my aunt house in the ghetto
8297655_gab,to each their own i prefer not to get into pissing matches with wn on either side of the kike on a stick issue i d rather find common cause with both factions i am sure a christian would provide you better discussion on the matter
5336925_gab,it seems that a lot of immigrants have gotten fired for showing up for protests rather than work as i see it that an appropriate punishment try not showing up for work while in the military and see what happens any military not just the usa
1143639157807427584_twitter,i have played the wife role for dudes who only deserved a hoe that my fault tho
19429874_gab,this is fucking disgusting it time to send all the sand niggers back to the middle east then nuke it and if that offends you too fuckin bad
1113975889346289664_twitter,<user> why didnt he ask why ndp attracts ecosocailists who love debt charles is a fucking pussy
16038579_gab,lol i tell ya what now your going old school i have not heard tarbaby in a long time
1088059487058083840_twitter,fakeriasatemadina we support only islamic party which is tlp pti only the agent of anti islamic powers fakeriasatemadina
23855648_gab,leonardo divinci was a nigger i did not know that the cell phone they claim was not even the first cell phone to call between different railroad cars hooked up to each other
1272696444819050501_twitter,to all my asians y ’ all still saying the n word or are we gonna have to box
25809573_gab,back to the gab ghetto for hatin on vice journoscum fug it bout to eat this under ripe red banan try and stop me
18586242_gab,canadastan jihadi justin caliphate
26368898_gab,huma is a muzrat spy married to a congressman and advising killary
1260229132052463617_twitter,i hate arabs why they said we all are working in macdonalds عمال_ماك
4225293_gab,i was in a bind once and had to spend the night in a low quality motel there was nigger hair stuck in the towels as it almost impossible to get it out i sure hope trump gets new towels at the white house
1216773168851038208_twitter,<user> boy gtfo talkin bout used to be 😂 if you stop acting retarded 🙄
14055521_gab,certainly a white ethnostate would permit no blacks asians hispanics or arabs
18033237_gab,at least he is human kike rat
1178998585066700801_twitter,my mom has a nasty unhealthy obsession with me shesa sick nasty bitch that needs to be locked up with my dad and grandma when they are near i feel like im being raped i get so filled with rage they are really sick
1179095207519948800_twitter,i just got the most retarded cut in my life
1179101288421822466_twitter,<user> <user> <user> that was the worst thing you could have done to your daughter are you trying to get her raped by a refugee
13503227_gab,twatter says i engaged in targeted harassment and denied my appeal did not provide the tweet or who i supposedly harassed
19892860_gab,one ex slave told interviewers in slavery times a poor white man was worse off than a nigger xvi i d rather be a nigger than a poor white man was a common saying among slaves
22038104_gab,it disgusting how i see blacks treat their animals out here in newark these ghetto people are so hypocritical first to complain about how they are treated by white which is completely bullshit then beat their kids and dogs until they die
9866948_gab,trump making america great again after <number> years of whats his name massive incompetence and mussie evil called no hope with chains
11576842_gab,also only weak beta men are threatened by women in leadership positions so the only way to have an organization filled w strong manly men is to put women in charge it pretty basic science
1181129663059546113_twitter,<user> omg i was joking honeybooboo i was over exaggerating because most of the names if not all are muslim names therefore islamophobic
1179066055953702912_twitter,<user> <user> <user> <user> <user> <user> <user> this channel did not have a mature content warning as she relies on young kids watching you cannot access main stream porn keep on white knighting the sluts of twitch
21162135_gab,i am so glad i am home time to stare at the wall and listen to some sweet music see ya later niggerz
15837704_gab,i probably should have put nsfw on that also not safe for home actually not safe for normal white people how a sheboon manages to lose all her clothes during a fight is a mystery that i am not going to watch again to solve <happy>
25212387_gab,i was listening to some bill burr clips onyoutube i guess he had a podcast or still has one who gives a shit and along comes some negress named nia alliteration classy to bitch about whites people apparently he was is in a relationship with it no more bill burr for me
1123362994669404160_twitter,i can not wife none of these hoes because they thottin
15927948_gab,part from da zhid turning up his toes this will serve well if true
25330302_gab,all it does is boomerpost while pretending to be a slav and screeches anytime anyone says anything about jews like anyone other than a boomer would be retarded enough to believe slavs do not know their own 2 0 th century history at the hands of the chosenites
9555286_gab,crazy oh no she is black that ishwat they do <number> of times everyday ghetto lotto you can not win if you do not play
7445416_gab,people dont feel comfortable telling blacks hispanics that they are acting black hispanic because they will be admonished at best or assaulted at worst whites and asians just bend over and take it though when people insult them as acting white asian whites and asians rarely defend themselves
13498290_gab,how the monthly revenue coming faggot
14946979_gab,there not a whole lot of tolerance for women who refuse to bend a knee for hillary clinton is there i have been in all those dm chat rooms where they plot to mass report same cretins eventually got me banned
1234296580901130241_twitter,but about to bring all the ghetto ass shit uptoen 😝 😝 😝
23594961_gab,it makes a strong argument anybody guess whether it is a kike or a chink
1084165483161624582_twitter,<user> lesbians can ’ t fetishise lesbians next
1614691_gab,one would have to be a total fucking retard to fit a statement in <number> characters this is why twitter has become a melanized ghetto
12661138_gab,for what what the hell has that nigger ever done that was great
5125277_gab,what an absolutely ignorant negro she gives the good a bad name
1163968982849863686_twitter,my pistol mean business that bitch should have a tie on
11076313_gab,blacks are human we are all just human no boomer cucks and sjw parasites we are different blacks are not human nor are asians and arabs they are sub species
13365673_gab,haha the hollyweirdos can snuggle up with their mudslime heroes
1097699952699027456_twitter,disrespect islamic n its teachings
24226678_gab,always thought that nigger was a faggot
18124774_gab,gab day i think it a great day to get the word out to all of our friends family coworkers and fellow countryman about where to find a real uncensored free speech community to replace that globalist internet spying ghetto called twitter let make today gabday
21690630_gab,i look forward to the days where women can support each other by teaming up to be homestead mother teachers and take back the education that is instilled in them no more hating yourself because you are white
2839464_gab,what do the ghetto internet and the fringe right wing esoteric internet have in common that makes their content so powerful their memes so dank racism
